english,russian_hint,chinese,status,notes
1 activity,,1. 活动,draft_mt,Coach/Assistant dialogue — prioritize natural spoken tone
1 recovery session,,1个恢复会话,draft_mt,Coach/Assistant dialogue — prioritize natural spoken tone
1 workout,,1次锻炼,draft_mt,Coach/Assistant dialogue — prioritize natural spoken tone
10-minute warmup — \(title) starts at \(time).,,10 分钟热身 —\(title)从\(time)开始。,draft_mt,Coach/Assistant dialogue — prioritize natural spoken tone
10-minute warmup — \(titleEN) at \(time).,,10 分钟热身 —\(titleEN)@\(time)。,draft_mt,Coach/Assistant dialogue — prioritize natural spoken tone
10–15 calm minutes — stopping early is fine.,,10–15分钟平静—提前停下来没问题。,draft_mt,Coach/Assistant dialogue — prioritize natural spoken tone
"10–20 calm minutes, then water and rest.",,10–20分钟冷静下来，然后浇水休息。,draft_mt,Coach/Assistant dialogue — prioritize natural spoken tone
15-minute warmup — \(titleEN) at \(time).,,15 分钟热身 —\(titleEN)@\(time)。,draft_mt,Coach/Assistant dialogue — prioritize natural spoken tone
15–20 easy minutes — slower pace than usual.,,15–20分钟—比平时慢。,draft_mt,Coach/Assistant dialogue — prioritize natural spoken tone
A full day of training — now it's about landing softly.,,一整天的培训—现在是关于轻轻着陆。,draft_mt,Coach/Assistant dialogue — prioritize natural spoken tone
A gentle option — only if it fits today.,,一个温和的选择—只有当它适合今天。,draft_mt,Coach/Assistant dialogue — prioritize natural spoken tone
A hard workout today is likely to add fatigue instead of fitness.,,今天的艰苦锻炼可能会增加疲劳而不是健身。,draft_mt,Coach/Assistant dialogue — prioritize natural spoken tone
A lighter day can be reasonable given today’s signals. Confirm if you want a Plan suggestion — Coach won’t change your Plan without that review.,,考虑到今天的信号，更轻松的一天可能是合理的。确认您是否需要计划建议—如果没有该审查，培训讲师将不会更改您的计划。,draft_mt,Coach/Assistant dialogue — prioritize natural spoken tone
"A long ride needs freshness, fluids, and energy before it starts. The evening before matters more than doing extra work today.",,长途骑行在开始之前需要新鲜感、液体和能量。前一天晚上比今天做额外的工作更重要。,draft_mt,Coach/Assistant dialogue — prioritize natural spoken tone
A normal meal now supports steady energy without changing the whole plan.,,正常饮食现在可以在不改变整个计划的情况下支持稳定的能量。,draft_mt,Coach/Assistant dialogue — prioritize natural spoken tone
A quick look back at \(title.english.lowercased()).,,快速回顾一下\ (title.english.lowercased ())。,draft_mt,Coach/Assistant dialogue — prioritize natural spoken tone
A quieter day now will help you return stronger tomorrow.,,现在更安静的一天将帮助你明天恢复更强大。,draft_mt,Coach/Assistant dialogue — prioritize natural spoken tone
A real meal is better than random snacking,,真正的一餐比随机零食要好,draft_mt,Coach/Assistant dialogue — prioritize natural spoken tone
"A short chat about today’s sleep, training, and food.",,用简短对话了解今天的睡眠、训练和饮食。,draft_mt,Coach/Assistant dialogue — prioritize natural spoken tone
A slightly earlier wind-down tonight is a gentle option — no need for another workout.,,今晚稍微早一点放松是一个温和的选择—无需再次锻炼。,draft_mt,Coach/Assistant dialogue — prioritize natural spoken tone
A walk is next — let the morning settle first.,,接下来是散步—让早晨先安顿下来。,draft_mt,Coach/Assistant dialogue — prioritize natural spoken tone
"About \(hoursEN) hike — real time on your feet, so prep matters.",,关于\(hoursEN)徒步——全程实地体验，充分准备至关重要。,draft_mt,Coach/Assistant dialogue — prioritize natural spoken tone
"About \(hoursEN) on trail — treat this as a full outing, not a stroll.",,关于\(hoursEN)的徒步路线——请将此视为一次完整的徒步之旅，而非简单的散步。,draft_mt,Coach/Assistant dialogue — prioritize natural spoken tone
Activity volume looked similar to \(previousPhrase.english).,,活动量与\ (previousPhrase.english)相似。,draft_mt,Coach/Assistant dialogue — prioritize natural spoken tone
After HIIT,,HIIT后,draft_mt,Coach/Assistant dialogue — prioritize natural spoken tone
After a heavy day — this walk is about settling down.,,忙碌了一天后，这次散步是为了安顿下来。,draft_mt,Coach/Assistant dialogue — prioritize natural spoken tone
"After harder sessions, your recovery tends to be better when you get enough protein afterward. You're still short of the range that usually works for you.",,在经历了更艰难的疗程后，当您之后摄入足够的蛋白质时，您的恢复往往会更好。您仍未达到通常适用的范围。,draft_mt,Coach/Assistant dialogue — prioritize natural spoken tone
After heat,,加热后,draft_mt,Coach/Assistant dialogue — prioritize natural spoken tone
After lifting,,起吊后,draft_mt,Coach/Assistant dialogue — prioritize natural spoken tone
After sauna,,桑拿后,draft_mt,Coach/Assistant dialogue — prioritize natural spoken tone
After session,,看诊之后,draft_mt,Coach/Assistant dialogue — prioritize natural spoken tone
After the match,,比赛结束后,draft_mt,Coach/Assistant dialogue — prioritize natural spoken tone
After the ride,,行程结束后,draft_mt,Coach/Assistant dialogue — prioritize natural spoken tone
After the run,,运行后,draft_mt,Coach/Assistant dialogue — prioritize natural spoken tone
After the swim,,游泳后,draft_mt,Coach/Assistant dialogue — prioritize natural spoken tone
After this set — decide whether to trim the rest.,,在此集合之后—决定是否修剪其余部分。,draft_mt,Coach/Assistant dialogue — prioritize natural spoken tone
After yesterday's load — don't force it today.,,在昨天的负荷之后—今天不要强迫它。,draft_mt,Coach/Assistant dialogue — prioritize natural spoken tone
Aim for similar bed and wake times on the nights you can measure.,,在您可以测量的夜晚，设定类似的床位和起床时间。,draft_mt,Coach/Assistant dialogue — prioritize natural spoken tone
Anchor one priority block before noon.,,在中午之前锚定一个优先级块。,draft_mt,Coach/Assistant dialogue — prioritize natural spoken tone
Another \(minutesPhrase(remaining)) easy minutes is enough.,,另一个\ (minutesPhrase (remaining))简单分钟就足够了。,draft_mt,Coach/Assistant dialogue — prioritize natural spoken tone
Another \(minutesPhrase(remaining)) soft minutes is enough.,,另一个\ (minutesPhrase (remaining))软分钟就足够了。,draft_mt,Coach/Assistant dialogue — prioritize natural spoken tone
Another option,,添加另一个选项,draft_mt,Coach/Assistant dialogue — prioritize natural spoken tone
Any preference for the suggestion?,,您对建议有什么偏好吗？,draft_mt,Coach/Assistant dialogue — prioritize natural spoken tone
"App recovery reading \(recovery)% is below your usual ~\(baseline)%, while you feel okay — we’ll note the gap without overriding how you feel.",,App 恢复读数\(recovery)% 低于您平时的 ~\(baseline)%，但您仍感觉良好——我们会记录这一差异，但不会因此改变您的主观感受。,draft_mt,Coach/Assistant dialogue — prioritize natural spoken tone
Arrive on the mat and take one soft breath before the first pose.,,到达垫子上，在第一次姿势前轻轻吸一口气。,draft_mt,Coach/Assistant dialogue — prioritize natural spoken tone
Arrive soft — no pressure in the first poses.,,到达柔软—第一个姿势没有压力。,draft_mt,Coach/Assistant dialogue — prioritize natural spoken tone
Ask Coach only uses completed sessions and measured recovery signals — nothing is invented.,,Ask Coach仅使用已完成的会话和测量的恢复信号—没有任何发明。,draft_mt,Coach/Assistant dialogue — prioritize natural spoken tone
Ask another question,,其他问题,draft_mt,Coach/Assistant dialogue — prioritize natural spoken tone
Average overnight HRV \(Int(avgHRV.rounded())) ms,,平均过夜HRV\ (Int (avgHRV.rounded ())) ms,draft_mt,Coach/Assistant dialogue — prioritize natural spoken tone
Average overnight resting HR \(Int(avgRHR.rounded())) bpm,,平均过夜静息心率\ (Int (avgRHR.rounded ())) bpm,draft_mt,Coach/Assistant dialogue — prioritize natural spoken tone
Average recorded sleep was \(sleepText.english).,,记录的平均睡眠为\ (sleepText.english)。,draft_mt,Coach/Assistant dialogue — prioritize natural spoken tone
Average recovery \(rounded)%,,平均回收率\ （四舍五入） %,draft_mt,Coach/Assistant dialogue — prioritize natural spoken tone
Average recovery score \(average)% — about \(abs(delta)) points lower than before.,,平均恢复评分\(average)% ——较此前降低约\(abs(delta)分。,draft_mt,Coach/Assistant dialogue — prioritize natural spoken tone
Average recovery score \(average)% — about \(delta) points higher than before.,,平均恢复评分\(average)% —— 较之前提高约\(delta)个百分点。,draft_mt,Coach/Assistant dialogue — prioritize natural spoken tone
Average recovery score \(average)% — similar to before.,,平均回收率\(average)% —— 与之前相当。,draft_mt,Coach/Assistant dialogue — prioritize natural spoken tone
Average recovery score \(rounded)% on days with data.,,有数据天数的平均恢复分数\ （四舍五入） %。,draft_mt,Coach/Assistant dialogue — prioritize natural spoken tone
Average recovery score was lower than before where data exists.,,在存在数据的情况下，平均恢复分数低于之前。,draft_mt,Coach/Assistant dialogue — prioritize natural spoken tone
Average sleep \(sleep.english),,平均睡眠\ (sleep.english),draft_mt,Coach/Assistant dialogue — prioritize natural spoken tone
Average sleep \(sleepText.english),,平均睡眠\ (sleepText.english),draft_mt,Coach/Assistant dialogue — prioritize natural spoken tone
Average sleep: \(curText.english) vs \(prevText.english).,,平均睡眠：\ (curText.english) vs\ (prevText.english)。,draft_mt,Coach/Assistant dialogue — prioritize natural spoken tone
Be Careful With,,小心,draft_mt,Coach/Assistant dialogue — prioritize natural spoken tone
Be ready around \(time) for \(title).,,在\ (TITLE)的\ (TIME)左右做好准备。,draft_mt,Coach/Assistant dialogue — prioritize natural spoken tone
Before HIIT,,HIIT前,draft_mt,Coach/Assistant dialogue — prioritize natural spoken tone
Before breath work,,呼吸工作前,draft_mt,Coach/Assistant dialogue — prioritize natural spoken tone
Before lifting,,起吊前,draft_mt,Coach/Assistant dialogue — prioritize natural spoken tone
Before recovery,,恢复前,draft_mt,Coach/Assistant dialogue — prioritize natural spoken tone
Before sauna,,桑拿房前,draft_mt,Coach/Assistant dialogue — prioritize natural spoken tone
Before session,,疗程前,draft_mt,Coach/Assistant dialogue — prioritize natural spoken tone
Before stretching,,拉伸前,draft_mt,Coach/Assistant dialogue — prioritize natural spoken tone
Before the match,,比赛前,draft_mt,Coach/Assistant dialogue — prioritize natural spoken tone
"Before the next set — two breaths, brace, go.",,在下一组之前—两次呼吸，支撑，开始。,draft_mt,Coach/Assistant dialogue — prioritize natural spoken tone
Before the ride,,加利福尼亞州,draft_mt,Coach/Assistant dialogue — prioritize natural spoken tone
Before the run,,运行前,draft_mt,Coach/Assistant dialogue — prioritize natural spoken tone
Before the session,,疗程前,draft_mt,Coach/Assistant dialogue — prioritize natural spoken tone
Before the swim,,加利福尼亞州,draft_mt,Coach/Assistant dialogue — prioritize natural spoken tone
Before the walk,,散步前,draft_mt,Coach/Assistant dialogue — prioritize natural spoken tone
Before yoga,,练习瑜伽之前,draft_mt,Coach/Assistant dialogue — prioritize natural spoken tone
Better to finish fresh than chase volume,,比追逐卷更好地完成新鲜,draft_mt,Coach/Assistant dialogue — prioritize natural spoken tone
Big endurance day — evening is for landing softly.,,大耐力日—晚上是轻柔着陆的日子。,draft_mt,Coach/Assistant dialogue — prioritize natural spoken tone
Big ride day — evening is for landing softly.,,大型骑行日—傍晚是轻柔着陆的日子。,draft_mt,Coach/Assistant dialogue — prioritize natural spoken tone
Big run day — evening is for landing softly.,,大型跑步日—傍晚是轻柔着陆的日子。,draft_mt,Coach/Assistant dialogue — prioritize natural spoken tone
Big swim day — evening is for landing softly.,,大型游泳日—晚上是轻柔着陆的日子。,draft_mt,Coach/Assistant dialogue — prioritize natural spoken tone
Breath day is closing — protect the calm tonight.,,呼吸日即将结束—保护今晚的平静。,draft_mt,Coach/Assistant dialogue — prioritize natural spoken tone
Breath work ahead,,提前做好呼吸工作,draft_mt,Coach/Assistant dialogue — prioritize natural spoken tone
Breath work finished — keep the quiet.,,呼吸工作完成—保持安静。,draft_mt,Coach/Assistant dialogue — prioritize natural spoken tone
"Breath work is ahead — quiet room, open chest.",,呼吸工作在前面—安静的房间，打开胸部。,draft_mt,Coach/Assistant dialogue — prioritize natural spoken tone
Breath work is done — carry the ease forward.,,呼吸工作已经完成—将轻松向前推进。,draft_mt,Coach/Assistant dialogue — prioritize natural spoken tone
Breath work is live — quiet and unhurried.,,呼吸工作是现场直播—安静且不慌不忙。,draft_mt,Coach/Assistant dialogue — prioritize natural spoken tone
"Breath work is live — quiet, soft, and unhurried.",,呼吸工作是现场直播—安静、柔和、不着急。,draft_mt,Coach/Assistant dialogue — prioritize natural spoken tone
Breathe out on the swing — reset between points.,,在秋千上呼气—在点之间重置。,draft_mt,Coach/Assistant dialogue — prioritize natural spoken tone
Bring fluids back up,,带回液体,draft_mt,Coach/Assistant dialogue — prioritize natural spoken tone
Bring more water than feels necessary.,,携带的水量超过必要的水量。,draft_mt,Coach/Assistant dialogue — prioritize natural spoken tone
"Bring water, a snack, and blister care, and start easier than the trail invites.",,带上水、零食和泡沫护理，比徒步旅行更轻松地开始。,draft_mt,Coach/Assistant dialogue — prioritize natural spoken tone
Calories are \(calLogged) of \(calGoal) kcal — about \(nutrition.caloriesRemaining) kcal left.,,剩余热量为\(calLogged)×\(calGoal)kcal —— 约剩\(nutrition.caloriesRemaining)kcal。,draft_mt,Coach/Assistant dialogue — prioritize natural spoken tone
Calories are \(calLogged) of \(calGoal) kcal — close to your target.,,卡路里为\(calLogged)×\(calGoal)kcal —— 接近您的目标值。,draft_mt,Coach/Assistant dialogue — prioritize natural spoken tone
Calories are about \(Int((-delta).rounded())) kcal over today’s \(calGoal) kcal goal.,,每日所需热量约为\(Int((-delta).rounded() kcal，相对于当前\(calGoal)kcal 的目标值。,draft_mt,Coach/Assistant dialogue — prioritize natural spoken tone
Calories lag today's load.,,热量落后于今天的负荷。,draft_mt,Coach/Assistant dialogue — prioritize natural spoken tone
Check breathing in five minutes — downshift if it's labored.,,在五分钟内检查呼吸—如果工作繁重，则缩短班次。,draft_mt,Coach/Assistant dialogue — prioritize natural spoken tone
Check food log,,检查食物日志,draft_mt,Coach/Assistant dialogue — prioritize natural spoken tone
Check legs and breathing in ten minutes.,,十分钟后检查腿和呼吸。,draft_mt,Coach/Assistant dialogue — prioritize natural spoken tone
Check legs and sleep once more before you begin.,,开始前再检查一下腿和睡眠。,draft_mt,Coach/Assistant dialogue — prioritize natural spoken tone
Check readiness,,检查准备情况,draft_mt,Coach/Assistant dialogue — prioritize natural spoken tone
Check readiness first,,先检查准备情况,draft_mt,Coach/Assistant dialogue — prioritize natural spoken tone
"Check shoes, socks, and a simple blister fix.",,检查鞋子，袜子和一个简单的水泡修复。,draft_mt,Coach/Assistant dialogue — prioritize natural spoken tone
"Check shoes, water, and start easier than you think.",,检查鞋子，水，并开始比你想象的更容易。,draft_mt,Coach/Assistant dialogue — prioritize natural spoken tone
Check water and cadence over the next ten minutes.,,在接下来的十分钟内检查水和节奏。,draft_mt,Coach/Assistant dialogue — prioritize natural spoken tone
Choose a bedtime and start winding down.,,选择一个睡觉时间，开始放松。,draft_mt,Coach/Assistant dialogue — prioritize natural spoken tone
"Choose an easy walk, gentle stretching, or simply give yourself more time to recover.",,选择轻松的散步，轻柔的伸展运动，或者只是给自己更多的时间来恢复。,draft_mt,Coach/Assistant dialogue — prioritize natural spoken tone
Choose whichever fits — there’s no wrong answer.,,选择适合的-没有错误的答案。,draft_mt,Coach/Assistant dialogue — prioritize natural spoken tone
Clean reps over load.,,清洁重载代表。,draft_mt,Coach/Assistant dialogue — prioritize natural spoken tone
Coach,,教练,draft_mt,Coach/Assistant dialogue — prioritize natural spoken tone
Come back under \(cap) and walk at a comfortable pace.,,回到 \ (帽子) 下，以舒适的速度行走。,draft_mt,Coach/Assistant dialogue — prioritize natural spoken tone
Comfortable,,舒适,draft_mt,Coach/Assistant dialogue — prioritize natural spoken tone
"Compared with \(previousNoun.english), your average score moved by \(delta) points on recorded days.",,与 \ (上一个名词。英语) 相比，您的平均得分在记录的天数上移动了 \(delta) 点。,draft_mt,Coach/Assistant dialogue — prioritize natural spoken tone
Comparison with the previous \(input.period.dayCount) days.,,与前 \(input.period.dayCount) 天的比较。,draft_mt,Coach/Assistant dialogue — prioritize natural spoken tone
Completed sessions clustered on relatively few days this period.,,在此期间，完成的会话聚集在相对较少的几天内。,draft_mt,Coach/Assistant dialogue — prioritize natural spoken tone
"Connect Apple Health to analyze workouts, sleep, and recovery from your data.",,连接Apple Health，从数据中分析锻炼、睡眠和恢复情况。,draft_mt,Coach/Assistant dialogue — prioritize natural spoken tone
Control the session,,控制会话,draft_mt,Coach/Assistant dialogue — prioritize natural spoken tone
Control today's ride,,控制今天的骑行,draft_mt,Coach/Assistant dialogue — prioritize natural spoken tone
Control today's run,,控制今天的跑步,draft_mt,Coach/Assistant dialogue — prioritize natural spoken tone
Control today's squash session,,控制今天的壁球会议,draft_mt,Coach/Assistant dialogue — prioritize natural spoken tone
Control today's tennis session,,控制今天的网球比赛,draft_mt,Coach/Assistant dialogue — prioritize natural spoken tone
Control today's upper body session,,控制今天的上半身会话,draft_mt,Coach/Assistant dialogue — prioritize natural spoken tone
Control today's workout,,控制今天的锻炼,draft_mt,Coach/Assistant dialogue — prioritize natural spoken tone
Cool down slowly.,,慢慢冷却。,draft_mt,Coach/Assistant dialogue — prioritize natural spoken tone
"Cool rinse if you like, then step in gently.",,冷却冲洗，如果你喜欢，然后轻轻介入。,draft_mt,Coach/Assistant dialogue — prioritize natural spoken tone
"Cooldown first, then refuel.",,先冷却，然后加油。,draft_mt,Coach/Assistant dialogue — prioritize natural spoken tone
Cooldown on court — then water and stretch.,,球场上的冷却时间-然后水和伸展。,draft_mt,Coach/Assistant dialogue — prioritize natural spoken tone
Core block is next — brace before you load.,,加载之前，核心块是下一个支撑。,draft_mt,Coach/Assistant dialogue — prioritize natural spoken tone
Core block is next — recovery isn't fully back yet.,,核心块是下一个-恢复还没有完全恢复。,draft_mt,Coach/Assistant dialogue — prioritize natural spoken tone
Core work is live — brace and breathe through every rep.,,核心工作是活的-支撑和呼吸通过每个代表。,draft_mt,Coach/Assistant dialogue — prioritize natural spoken tone
Court work is done — muscles need quiet now.,,法庭工作已经完成-肌肉现在需要安静。,draft_mt,Coach/Assistant dialogue — prioritize natural spoken tone
Cut a set or two now — finishing strong beats finishing wrecked.,,剪掉一组或两组现在结束的强劲节拍，结束被破坏了。,draft_mt,Coach/Assistant dialogue — prioritize natural spoken tone
Cut volume early — quality beats quantity on tired days.,,在疲惫的日子里，尽早减少数量-质量胜过数量。,draft_mt,Coach/Assistant dialogue — prioritize natural spoken tone
Day's end,,一天的结束,draft_mt,Coach/Assistant dialogue — prioritize natural spoken tone
Days without a logged session aren’t labeled as inactivity — only completed sessions count.,,没有记录会话的天数不会标记为仅不活动已完成会话计数。,draft_mt,Coach/Assistant dialogue — prioritize natural spoken tone
Demanding,,要求高,draft_mt,Coach/Assistant dialogue — prioritize natural spoken tone
"Did this start today, or has it lasted a few days?",,这是从今天开始的，还是持续了几天？,draft_mt,Coach/Assistant dialogue — prioritize natural spoken tone
Dim lights and start your bedtime routine.,,昏暗的灯光，开始你的睡前程序。,draft_mt,Coach/Assistant dialogue — prioritize natural spoken tone
Do not add anything new tonight. Let the body move toward sleep.,,今晚不要添加任何新内容。让身体走向睡眠。,draft_mt,Coach/Assistant dialogue — prioritize natural spoken tone
Do not add intensity tonight — it can take capacity away from tomorrow's ride.,,今晚不要增加强度-它可能会减少明天的骑行能力。,draft_mt,Coach/Assistant dialogue — prioritize natural spoken tone
Do not force another walk just to chase the activity ring.,,不要强迫另一次步行只是为了追逐活动环。,draft_mt,Coach/Assistant dialogue — prioritize natural spoken tone
Do not force extra steps just to chase numbers.,,不要强迫额外的步骤只是为了追逐数字。,draft_mt,Coach/Assistant dialogue — prioritize natural spoken tone
Do not force steps just to close a number.,,不要强制步骤只是为了关闭一个数字。,draft_mt,Coach/Assistant dialogue — prioritize natural spoken tone
Do not increase load or pace if technique starts to break down.,,如果技术开始崩溃，不要增加负荷或速度。,draft_mt,Coach/Assistant dialogue — prioritize natural spoken tone
Do not turn the walk into a fast march or an errands sprint.,,不要把步行变成快速行军或差事冲刺。,draft_mt,Coach/Assistant dialogue — prioritize natural spoken tone
Do not turn this run into extra training load.,,不要把这次跑步变成额外的训练负荷。,draft_mt,Coach/Assistant dialogue — prioritize natural spoken tone
"Does this feel new today, or has it been building?",,这是今天的新感觉，还是它正在建设中？,draft_mt,Coach/Assistant dialogue — prioritize natural spoken tone
Don't add another hard block today.,,今天不要添加另一个硬块。,draft_mt,Coach/Assistant dialogue — prioritize natural spoken tone
Don't add surges you'll pay for later in the session.,,不要添加您将在稍后的会话中支付的浪涌。,draft_mt,Coach/Assistant dialogue — prioritize natural spoken tone
Don't borrow effort from tomorrow to fill today.,,不要从明天借力来填补今天。,draft_mt,Coach/Assistant dialogue — prioritize natural spoken tone
Don't chase PRs on a depleted day.,,不要在耗尽的一天追逐PRs。,draft_mt,Coach/Assistant dialogue — prioritize natural spoken tone
Don't chase deeper poses or compare to yesterday.,,不要追逐更深的姿势或与昨天相比。,draft_mt,Coach/Assistant dialogue — prioritize natural spoken tone
Don't chase depth or compare to yesterday.,,不要追逐深度或与昨天相比。,draft_mt,Coach/Assistant dialogue — prioritize natural spoken tone
Don't chase every ball at full stretch.,,不要全力以赴地追逐每一个球。,draft_mt,Coach/Assistant dialogue — prioritize natural spoken tone
Don't chase max loads before the body feels awake.,,在身体感觉清醒之前，不要追逐最大负荷。,draft_mt,Coach/Assistant dialogue — prioritize natural spoken tone
Don't chase pace just because the legs feel warm.,,不要仅仅因为腿感到温暖就追逐步伐。,draft_mt,Coach/Assistant dialogue — prioritize natural spoken tone
Don't chase pace or power — cut it short if needed.,,不要追逐速度或功率-如果需要，请缩短它。,draft_mt,Coach/Assistant dialogue — prioritize natural spoken tone
Don't chase pace you can't sustain.,,不要追逐你无法维持的步伐。,draft_mt,Coach/Assistant dialogue — prioritize natural spoken tone
Don't chase steps or calories for the numbers alone.,,不要仅仅为了数字而追逐步数或卡路里。,draft_mt,Coach/Assistant dialogue — prioritize natural spoken tone
Don't chase the summit if legs or water are already fading.,,如果腿或水已经褪色，不要追逐山顶。,draft_mt,Coach/Assistant dialogue — prioritize natural spoken tone
Don't chase yesterday's numbers or stack hard blocks early.,,不要追逐昨天的数字或早期堆栈硬块。,draft_mt,Coach/Assistant dialogue — prioritize natural spoken tone
Don't commit to the full plan before you feel the legs.,,在你感觉到腿之前，不要承诺完整的计划。,draft_mt,Coach/Assistant dialogue — prioritize natural spoken tone
Don't enter right after heavy food or when overheated.,,不要在食物过重或过热后立即进入。,draft_mt,Coach/Assistant dialogue — prioritize natural spoken tone
Don't force deep breaths or hold if it feels strained.,,不要强迫深呼吸或保持，如果感觉紧张。,draft_mt,Coach/Assistant dialogue — prioritize natural spoken tone
Don't force every interval to max when recovery is still behind.,,当恢复仍然落后时，不要强迫每个间隔达到最大值。,draft_mt,Coach/Assistant dialogue — prioritize natural spoken tone
Don't force intensity or chase a training feel.,,不要强迫强度或追逐训练的感觉。,draft_mt,Coach/Assistant dialogue — prioritize natural spoken tone
Don't force speed on tired feet.,,不要在疲惫的脚上强迫速度。,draft_mt,Coach/Assistant dialogue — prioritize natural spoken tone
Don't force the full \(durationEN) effort from the first minutes.,,不要从第一分钟开始就全力以赴。,draft_mt,Coach/Assistant dialogue — prioritize natural spoken tone
Don't force the full plan or race the clock from the start.,,不要强迫完整的计划或从一开始就争分夺秒。,draft_mt,Coach/Assistant dialogue — prioritize natural spoken tone
Don't force the full program if joints feel stiff.,,如果关节感觉僵硬，不要强制执行完整的程序。,draft_mt,Coach/Assistant dialogue — prioritize natural spoken tone
Don't go all-out in the first rally.,,不要在第一次集会中全力不赴。,draft_mt,Coach/Assistant dialogue — prioritize natural spoken tone
Don't jump into another intense session later today.,,今天晚些时候不要再紧张了。,draft_mt,Coach/Assistant dialogue — prioritize natural spoken tone
Don't jump into another intense session tonight.,,今晚不要再紧张了。,draft_mt,Coach/Assistant dialogue — prioritize natural spoken tone
Don't jump into cold shower or hard work right away.,,不要马上洗冷水澡或做艰苦的工作。,draft_mt,Coach/Assistant dialogue — prioritize natural spoken tone
Don't jump into the next set while you're still gasping.,,不要在你还在喘气的时候跳到下一组。,draft_mt,Coach/Assistant dialogue — prioritize natural spoken tone
Don't jump straight into noise or hard tasks.,,不要直接跳到噪音或艰巨的任务中。,draft_mt,Coach/Assistant dialogue — prioritize natural spoken tone
"Don't leave hungry, under-watered, or without a turnaround plan.",,不要饿着肚子，浇水不足或没有周转计划。,draft_mt,Coach/Assistant dialogue — prioritize natural spoken tone
Don't load max weight on cold muscles.,,不要在冰冷的肌肉上加载最大重量。,draft_mt,Coach/Assistant dialogue — prioritize natural spoken tone
Don't match yesterday's pace from the first hour.,,从第一个小时开始就不要匹配昨天的速度。,draft_mt,Coach/Assistant dialogue — prioritize natural spoken tone
Don't open at yesterday's pace or planned power.,,不要以昨天的速度或计划的力量打开。,draft_mt,Coach/Assistant dialogue — prioritize natural spoken tone
Don't open with a sprint from the first minutes.,,不要从第一分钟开始冲刺。,draft_mt,Coach/Assistant dialogue — prioritize natural spoken tone
Don't open with a sprint or heavy gear.,,不要用冲刺或沉重的装备打开。,draft_mt,Coach/Assistant dialogue — prioritize natural spoken tone
Don't open with an all-out interval — earn the intensity.,,不要以完全间隔的方式打开-获得强度。,draft_mt,Coach/Assistant dialogue — prioritize natural spoken tone
Don't open with explosive rallies.,,不要以爆炸性集会开张。,draft_mt,Coach/Assistant dialogue — prioritize natural spoken tone
Don't open with full intensity — the tank isn't full yet.,,不要全速打开 -- 油箱还没装满。,draft_mt,Coach/Assistant dialogue — prioritize natural spoken tone
Don't pick up pace or chase extra distance.,,不要加快速度或追逐额外的距离。,draft_mt,Coach/Assistant dialogue — prioritize natural spoken tone
Don't pick up pace or take calls that rev you up.,,不要加快步伐，也不要接听让你提速的电话。,draft_mt,Coach/Assistant dialogue — prioritize natural spoken tone
Don't pick up pace or treat it like cardio.,,不要加快步伐或将其视为有氧运动。,draft_mt,Coach/Assistant dialogue — prioritize natural spoken tone
Don't pile on another heavy session later today.,,今天晚些时候不要再进行繁重的会议了。,draft_mt,Coach/Assistant dialogue — prioritize natural spoken tone
Don't pile on another heavy session tonight.,,今晚不要再重重地开会了。,draft_mt,Coach/Assistant dialogue — prioritize natural spoken tone
Don't push depth or hold through pain.,,不要通过疼痛来推动深度或保持。,draft_mt,Coach/Assistant dialogue — prioritize natural spoken tone
Don't push into pain or bounce through the hold.,,不要陷入痛苦或弹跳。,draft_mt,Coach/Assistant dialogue — prioritize natural spoken tone
Don't push the pattern — return to an easy natural breath.,,不要推动模式-恢复轻松自然的呼吸。,draft_mt,Coach/Assistant dialogue — prioritize natural spoken tone
Don't push through — ease until it feels calm again.,,不要推过去 -- 放松，直到它再次感到平静。,draft_mt,Coach/Assistant dialogue — prioritize natural spoken tone
Don't race the clock from the first set.,,不要从第一盘开始比赛。,draft_mt,Coach/Assistant dialogue — prioritize natural spoken tone
Don't race the first climb or save all food for the end.,,不要参加第一次攀登的比赛，也不要把所有的食物都留到最后。,draft_mt,Coach/Assistant dialogue — prioritize natural spoken tone
Don't rush back into stress or heavy training.,,不要急于回到压力或繁重的训练中。,draft_mt,Coach/Assistant dialogue — prioritize natural spoken tone
Don't rush sets or chase numbers with bad form.,,不要急于集合或追逐形式不好的数字。,draft_mt,Coach/Assistant dialogue — prioritize natural spoken tone
Don't rush the first half or ignore sore spots.,,不要急于上半场或忽视痛处。,draft_mt,Coach/Assistant dialogue — prioritize natural spoken tone
Don't sit down and replay the match in your head.,,不要坐下来在脑子里重播比赛。,draft_mt,Coach/Assistant dialogue — prioritize natural spoken tone
Don't sit down hard or skip the cooldown.,,不要硬坐或跳过冷却时间。,draft_mt,Coach/Assistant dialogue — prioritize natural spoken tone
Don't skip cooldown or sit stiff right away.,,不要跳过冷却时间或立即僵硬地坐着。,draft_mt,Coach/Assistant dialogue — prioritize natural spoken tone
Don't skip cooldown to rush the next thing.,,不要跳过冷却时间去匆忙做下一件事。,draft_mt,Coach/Assistant dialogue — prioritize natural spoken tone
Don't skip the recovery interval to chase the score.,,不要跳过恢复间隔来追逐分数。,draft_mt,Coach/Assistant dialogue — prioritize natural spoken tone
Don't skip warmup or rush the opening minutes.,,不要跳过热身或匆忙开场。,draft_mt,Coach/Assistant dialogue — prioritize natural spoken tone
Don't speed up if the legs feel heavy.,,如果腿感觉很重，不要加快速度。,draft_mt,Coach/Assistant dialogue — prioritize natural spoken tone
Don't speed up or add hills for extra credit.,,不要为了额外的学分而加快速度或增加山丘。,draft_mt,Coach/Assistant dialogue — prioritize natural spoken tone
Don't speed up or chase pace on tired legs.,,不要在疲惫的腿上加速或追逐步伐。,draft_mt,Coach/Assistant dialogue — prioritize natural spoken tone
Don't spend energy before the first point matters.,,不要在第一点重要之前花费精力。,draft_mt,Coach/Assistant dialogue — prioritize natural spoken tone
Don't sprint for every ball in the first set.,,第一盘不要每个球都冲刺。,draft_mt,Coach/Assistant dialogue — prioritize natural spoken tone
Don't stack another hard block on tired legs.,,不要在疲惫的腿上堆放另一个硬块。,draft_mt,Coach/Assistant dialogue — prioritize natural spoken tone
Don't stack demands before the body wakes up.,,在身体醒来之前不要堆叠需求。,draft_mt,Coach/Assistant dialogue — prioritize natural spoken tone
Don't stack more hard work or skip food after the effort.,,不要堆叠更多的努力工作或跳过食物后的努力。,draft_mt,Coach/Assistant dialogue — prioritize natural spoken tone
Don't start hard or skip food and water early.,,不要过早开始或不吃食物和水。,draft_mt,Coach/Assistant dialogue — prioritize natural spoken tone
Don't stay in longer to prove toughness.,,不要停留更长的时间来证明韧性。,draft_mt,Coach/Assistant dialogue — prioritize natural spoken tone
Don't stay until dizzy — leave at the first warning sign.,,不要呆到头晕-在第一个警告标志离开。,draft_mt,Coach/Assistant dialogue — prioritize natural spoken tone
Don't test fitness on a recovery walk.,,不要在康复散步时测试一下健身。,draft_mt,Coach/Assistant dialogue — prioritize natural spoken tone
Don't treat missing sleep as proof you're either ready or not ready.,,不要把错过的睡眠视为你准备好了或没有准备好的证据。,draft_mt,Coach/Assistant dialogue — prioritize natural spoken tone
Don't turn it into a forced march or a distance chase.,,不要把它变成强迫行军或远距离追逐。,draft_mt,Coach/Assistant dialogue — prioritize natural spoken tone
Don't turn it into a power walk or errands sprint.,,不要把它变成权力行走或跑腿冲刺。,draft_mt,Coach/Assistant dialogue — prioritize natural spoken tone
Don't turn the evening into extra training.,,不要把晚上变成额外的训练。,draft_mt,Coach/Assistant dialogue — prioritize natural spoken tone
Drink a glass of water in the next hour — fluids are low.,,在接下来的一个小时内喝一杯水-液体不足。,draft_mt,Coach/Assistant dialogue — prioritize natural spoken tone
Drink a glass of water in the next hour.,,在接下来的一个小时里喝一杯水。,draft_mt,Coach/Assistant dialogue — prioritize natural spoken tone
Drink more water and get a real meal soon.,,多喝水，很快就能吃上一顿真正的饭。,draft_mt,Coach/Assistant dialogue — prioritize natural spoken tone
"Drink now, take a small bite, then settle back into an easy rhythm.",,现在喝，采取一个小的咬，然后安定下来，回到一个简单的节奏。,draft_mt,Coach/Assistant dialogue — prioritize natural spoken tone
Drink steadily now so energy and readiness stay stable.,,现在喝稳定，所以能量和准备保持稳定。,draft_mt,Coach/Assistant dialogue — prioritize natural spoken tone
Drink water and take ten easy minutes.,,喝水，放松十分钟。,draft_mt,Coach/Assistant dialogue — prioritize natural spoken tone
"Drink, eat, then put the legs up for a bit.",,喝，吃，然后把腿抬起来。,draft_mt,Coach/Assistant dialogue — prioritize natural spoken tone
Drinks are behind for this point of the day.,,饮料在这一天的这一点上落后了。,draft_mt,Coach/Assistant dialogue — prioritize natural spoken tone
"During a strength session, the best signal is stable movement and controlled effort. That gives you training value without adding unnecessary stress.",,在强度会话期间，最好的信号是稳定的运动和受控的努力。这给了你训练的价值，而不会增加不必要的压力。,draft_mt,Coach/Assistant dialogue — prioritize natural spoken tone
EVENING,,晚上,draft_mt,Coach/Assistant dialogue — prioritize natural spoken tone
Ease back a little.,,放松一点。,draft_mt,Coach/Assistant dialogue — prioritize natural spoken tone
Ease back until breathing is conversational again.,,放松，直到呼吸再次对话。,draft_mt,Coach/Assistant dialogue — prioritize natural spoken tone
Ease in from the first minute — no forcing.,,从第一分钟开始放松-没有强迫。,draft_mt,Coach/Assistant dialogue — prioritize natural spoken tone
Ease into each hold — nothing to force.,,放松到每一个持有-没有什么可强迫的。,draft_mt,Coach/Assistant dialogue — prioritize natural spoken tone
Ease into each hold.,,轻松进入每个保留区。,draft_mt,Coach/Assistant dialogue — prioritize natural spoken tone
Ease into sleep — rest is the final rep.,,放松进入睡眠-休息是最后的代表。,draft_mt,Coach/Assistant dialogue — prioritize natural spoken tone
Ease into the first rounds — quality intervals beat an early blow-up.,,轻松进入第一轮-质量间隔击败了早期的爆发。,draft_mt,Coach/Assistant dialogue — prioritize natural spoken tone
Ease into the night — tomorrow's legs start with sleep.,,放松到深夜-明天的腿从睡眠开始。,draft_mt,Coach/Assistant dialogue — prioritize natural spoken tone
Ease off a bit,,放松一点,draft_mt,Coach/Assistant dialogue — prioritize natural spoken tone
Ease off now — finishing easy beats pushing through.,,放松一下-完成轻松的节拍。,draft_mt,Coach/Assistant dialogue — prioritize natural spoken tone
Ease out of the hold until breathing feels easy again.,,放松，直到呼吸再次感到轻松。,draft_mt,Coach/Assistant dialogue — prioritize natural spoken tone
Easy Run,,轻松运行,draft_mt,Coach/Assistant dialogue — prioritize natural spoken tone
Easy hike day — movement without a scoreboard.,,轻松徒步旅行日-没有记分牌的运动。,draft_mt,Coach/Assistant dialogue — prioritize natural spoken tone
Easy morning,,轻松的早晨,draft_mt,Coach/Assistant dialogue — prioritize natural spoken tone
Easy movement and food — muscles rebuild on rest.,,轻松运动和食物-肌肉在休息时重建。,draft_mt,Coach/Assistant dialogue — prioritize natural spoken tone
"Easy steps only — blood flow, not more load.",,只有简单的步骤-血液流动，而不是更多的负荷。,draft_mt,Coach/Assistant dialogue — prioritize natural spoken tone
Easy walk day — movement without a scoreboard.,,轻松步行一天-没有记分牌的运动。,draft_mt,Coach/Assistant dialogue — prioritize natural spoken tone
Easy walk — a soft start after short sleep.,,轻松步行-短暂睡眠后的软启动。,draft_mt,Coach/Assistant dialogue — prioritize natural spoken tone
Easy walk — gentle movement only if the body wants to wake up.,,轻松行走-只有在身体想要醒来时才进行轻柔的运动。,draft_mt,Coach/Assistant dialogue — prioritize natural spoken tone
Easy warm-up first — shorten if legs stay heavy.,,先轻松热身-如果双腿保持沉重，请缩短。,draft_mt,Coach/Assistant dialogue — prioritize natural spoken tone
Eat a light breakfast now if you haven't — \(title) at \(time).,,如果你还没吃早餐，现在就吃一份清淡的早餐——\(title)at\(time)。,draft_mt,Coach/Assistant dialogue — prioritize natural spoken tone
Eat a proper meal before the day winds down.,,在一天结束之前吃一顿适当的饭。,draft_mt,Coach/Assistant dialogue — prioritize natural spoken tone
Eat a solid meal with protein in the next couple of hours.,,在接下来的几个小时内吃一顿含蛋白质的固体餐。,draft_mt,Coach/Assistant dialogue — prioritize natural spoken tone
"Eat before energy dips, not after.",,在能量消耗之前吃，而不是之后。,draft_mt,Coach/Assistant dialogue — prioritize natural spoken tone
Eat normally,,正常吃,draft_mt,Coach/Assistant dialogue — prioritize natural spoken tone
Eat normally at next meal,,下一顿饭正常吃,draft_mt,Coach/Assistant dialogue — prioritize natural spoken tone
Eat normally at the next meal,,在下一顿饭正常吃,draft_mt,Coach/Assistant dialogue — prioritize natural spoken tone
"Eat normally, drink steadily, and keep the rest of the day easy.",,正常饮食，稳定饮酒，并保持一天的其余时间轻松。,draft_mt,Coach/Assistant dialogue — prioritize natural spoken tone
"Eat something balanced, then start settling in.",,吃点平衡的东西，然后开始适应。,draft_mt,Coach/Assistant dialogue — prioritize natural spoken tone
"Eat well, hydrate, and finish the day early.",,吃得好，补充水分，早点结束一天。,draft_mt,Coach/Assistant dialogue — prioritize natural spoken tone
"Eat, shower, then start your wind-down.",,吃饭，洗澡，然后开始放松。,draft_mt,Coach/Assistant dialogue — prioritize natural spoken tone
Endurance work is banked — recovery is the job now.,,耐力工作是有银行的-恢复是现在的工作。,draft_mt,Coach/Assistant dialogue — prioritize natural spoken tone
Enough for today — keep the evening quiet.,,今天够了-保持晚上安静。,draft_mt,Coach/Assistant dialogue — prioritize natural spoken tone
Enough for today — wind down calmly.,,今天够了-冷静下来。,draft_mt,Coach/Assistant dialogue — prioritize natural spoken tone
Evening hike — help the day settle before sleep.,,晚上徒步旅行-帮助睡眠前解决一天。,draft_mt,Coach/Assistant dialogue — prioritize natural spoken tone
Evening recovery,,晚上恢复,draft_mt,Coach/Assistant dialogue — prioritize natural spoken tone
Evening walk — a gentle way to let the day settle.,,晚上散步-一种让一天安定下来的温和方式。,draft_mt,Coach/Assistant dialogue — prioritize natural spoken tone
Evening walk — help the day settle before sleep.,,晚上散步-帮助睡眠前解决一天。,draft_mt,Coach/Assistant dialogue — prioritize natural spoken tone
Extend cooldown — fifteen easy minutes before you stop.,,延长冷却时间 -- 在你停下来前15分钟。,draft_mt,Coach/Assistant dialogue — prioritize natural spoken tone
Extra five minutes warm-up before the first point.,,在第一点之前额外的五分钟热身。,draft_mt,Coach/Assistant dialogue — prioritize natural spoken tone
Extra intensity now could take away from tomorrow's performance.,,现在额外的强度可能会影响明天的表现。,draft_mt,Coach/Assistant dialogue — prioritize natural spoken tone
Extra intensity tonight is more likely to weigh on tomorrow than help today.,,今晚的额外强度更有可能给明天带来压力，而不是今天的帮助。,draft_mt,Coach/Assistant dialogue — prioritize natural spoken tone
"Fifteen quiet minutes, then head toward bed.",,安静15分钟，然后走向床。,draft_mt,Coach/Assistant dialogue — prioritize natural spoken tone
"Fifteen quiet minutes, then move on.",,安静15分钟，然后继续前进。,draft_mt,Coach/Assistant dialogue — prioritize natural spoken tone
"Fill a bottle, pocket a snack, check shoes — then ease into the first section.",,装满瓶子，放入零食，检查鞋子-然后轻松进入第一部分。,draft_mt,Coach/Assistant dialogue — prioritize natural spoken tone
Find a quiet spot and start with five easy breaths.,,找一个安静的地方，从五个简单的呼吸开始。,draft_mt,Coach/Assistant dialogue — prioritize natural spoken tone
Fine,,好,draft_mt,Coach/Assistant dialogue — prioritize natural spoken tone
"Finish this interval, then take the full rest.",,完成此间隔，然后完全休息。,draft_mt,Coach/Assistant dialogue — prioritize natural spoken tone
Finish with reserve,,完成保留,draft_mt,Coach/Assistant dialogue — prioritize natural spoken tone
First block easy — settle in before you push.,,第一块容易-在你推之前先安顿下来。,draft_mt,Coach/Assistant dialogue — prioritize natural spoken tone
First hour easy — let breathing and rhythm settle before pushing.,,第一个小时容易-在推动之前让呼吸和节奏稳定下来。,draft_mt,Coach/Assistant dialogue — prioritize natural spoken tone
First meal is still ahead.,,第一顿饭还在前面。,draft_mt,Coach/Assistant dialogue — prioritize natural spoken tone
"First sets light — \(title) at \(time), form before load.",,首先点亮光源——\(title)在\(time)处形成，发生于加载前。,draft_mt,Coach/Assistant dialogue — prioritize natural spoken tone
First sets light — form over weight.,,首先设置重量轻的形式。,draft_mt,Coach/Assistant dialogue — prioritize natural spoken tone
"Five minutes easy warm-up, then check the plan.",,五分钟轻松热身，然后检查计划。,draft_mt,Coach/Assistant dialogue — prioritize natural spoken tone
"Five minutes easy warm-up, then start the first interval controlled.",,五分钟轻松预热，然后开始第一个间隔控制。,draft_mt,Coach/Assistant dialogue — prioritize natural spoken tone
Five quiet minutes before you move on.,,在你继续之前安静五分钟。,draft_mt,Coach/Assistant dialogue — prioritize natural spoken tone
Fluids are lower than this point of the day usually needs.,,液体低于这一点的一天通常需要。,draft_mt,Coach/Assistant dialogue — prioritize natural spoken tone
Fluids are lower than this point of the day usually needs. Rehydrating helps protect energy and readiness.,,通常情况下，一天中的这个时段，体液需求较低。补水有助于保护能量和准备状态。,draft_mt,Coach/Assistant dialogue — prioritize natural spoken tone
Focus on recovery instead of trying to fit in one more workout.,,专注于恢复，而不是试图适应一个更多的锻炼。,draft_mt,Coach/Assistant dialogue — prioritize natural spoken tone
Follow one slow exhale a little longer than the inhale.,,跟随一个缓慢的呼气比吸气长一点。,draft_mt,Coach/Assistant dialogue — prioritize natural spoken tone
Food is behind the demand of the day.,,食物落后于当天的需求。,draft_mt,Coach/Assistant dialogue — prioritize natural spoken tone
For a few days,,几天,draft_mt,Coach/Assistant dialogue — prioritize natural spoken tone
Form beats rushed reps.,,表格击败了匆忙的代表。,draft_mt,Coach/Assistant dialogue — prioritize natural spoken tone
Fuel intake is lagging the day so far.,,到目前为止，燃油摄入量滞后了一天。,draft_mt,Coach/Assistant dialogue — prioritize natural spoken tone
Fuel is behind for the current demand. Eating normally now supports steady energy without changing the whole plan.,,燃料落后于当前的需求。正常饮食现在可以在不改变整个计划的情况下支持稳定的能量。,draft_mt,Coach/Assistant dialogue — prioritize natural spoken tone
Fuel is critically low — don't start hard work until you've eaten.,,燃料严重不足-在吃完之前不要开始艰苦的工作。,draft_mt,Coach/Assistant dialogue — prioritize natural spoken tone
"Fuel is lagging today's load, so this is not the moment to add intensity.",,燃料滞后于今天的负荷，所以现在不是增加强度的时候。,draft_mt,Coach/Assistant dialogue — prioritize natural spoken tone
Fuel the outing,,为郊游加油,draft_mt,Coach/Assistant dialogue — prioritize natural spoken tone
Full day — the walks already helped things settle.,,整天-散步已经帮助事情解决了。,draft_mt,Coach/Assistant dialogue — prioritize natural spoken tone
GET READY,,准备好了,draft_mt,Coach/Assistant dialogue — prioritize natural spoken tone
Glad you’re feeling energized — sleep looks closer to your usual. Want to review today’s planned session?,,很高兴你感到精力充沛 -- 睡眠看起来更接近你的平常。想回顾一下今天的会议计划吗？,draft_mt,Coach/Assistant dialogue — prioritize natural spoken tone
Go slower than usual and shorten it if heaviness stays.,,比平时慢一点，如果持续沉重，就缩短它。,draft_mt,Coach/Assistant dialogue — prioritize natural spoken tone
Good to hear. What would help next?,,很高兴听到。接下来会有什么帮助？,draft_mt,Coach/Assistant dialogue — prioritize natural spoken tone
Got it — energy feels normal so far.,,明白了-到目前为止，能量感觉正常。,draft_mt,Coach/Assistant dialogue — prioritize natural spoken tone
Got it — open today’s Plan review to confirm any change. Coach won’t alter your Plan by itself.,,明白了-打开今天的计划审核以确认任何更改。教练不会改变你的计划。,draft_mt,Coach/Assistant dialogue — prioritize natural spoken tone
Got it — thanks for saying that.,,明白了-谢谢你这么说。,draft_mt,Coach/Assistant dialogue — prioritize natural spoken tone
Got it. Want a simple meal idea anyway?,,明白了。无论如何，想要一个简单的用餐想法？,draft_mt,Coach/Assistant dialogue — prioritize natural spoken tone
HIIT done,,HIIT完成,draft_mt,Coach/Assistant dialogue — prioritize natural spoken tone
HIIT is ahead — warm up before the first hard interval.,,HIIT提前-在第一个硬间隔之前进行热身。,draft_mt,Coach/Assistant dialogue — prioritize natural spoken tone
HIIT is done — heart rate is still catching up.,,HIIT完成-心率仍在追赶。,draft_mt,Coach/Assistant dialogue — prioritize natural spoken tone
"HIIT is live — hard reps, honest recovery between.",,HIIT是生活-艰难的代表，诚实的恢复之间。,draft_mt,Coach/Assistant dialogue — prioritize natural spoken tone
HRV on \(hrvCoverage.observedDays) days — not enough for a trend,,HRV 在\(hrvCoverage.observedDays)天内——不足以构成趋势,draft_mt,Coach/Assistant dialogue — prioritize natural spoken tone
HYDRATION,,补水,draft_mt,Coach/Assistant dialogue — prioritize natural spoken tone
Hard,,困难,draft_mt,Coach/Assistant dialogue — prioritize natural spoken tone
Hard endurance is coming — recovery is not fully there yet.,,艰苦的耐力即将到来-恢复还没有完全恢复。,draft_mt,Coach/Assistant dialogue — prioritize natural spoken tone
Hard session is on the plan tomorrow.,,明天的计划是艰苦的会议。,draft_mt,Coach/Assistant dialogue — prioritize natural spoken tone
Hard session is on the plan.,,艰难的会议正在计划中。,draft_mt,Coach/Assistant dialogue — prioritize natural spoken tone
Hard sessions on your lower-recovery days tend to make the following morning harder. Today's recovery is still low — keep that pattern in mind.,,在恢复能力较低的日子里，艰苦的训练往往会使第二天早上变得更加困难。今天的复苏仍然很低-请记住这种模式。,draft_mt,Coach/Assistant dialogue — prioritize natural spoken tone
Haven’t started,,还没开始,draft_mt,Coach/Assistant dialogue — prioritize natural spoken tone
"Head out for \(title) at \(time) — easy pace, no target.",,前往\(time)参加\(title)—— 节奏轻松，不设目标。,draft_mt,Coach/Assistant dialogue — prioritize natural spoken tone
Head to bed — the day is done.,,上床睡觉-一天结束了。,draft_mt,Coach/Assistant dialogue — prioritize natural spoken tone
Health access is needed for Ask Coach.,,Ask Coach需要健康访问。,draft_mt,Coach/Assistant dialogue — prioritize natural spoken tone
Heart rate is spiked — rest until you can own the next set.,,心率飙升-休息，直到你可以拥有下一组。,draft_mt,Coach/Assistant dialogue — prioritize natural spoken tone
Heat plus high heart rate — shorten this round.,,热量加上高心率-缩短这一轮。,draft_mt,Coach/Assistant dialogue — prioritize natural spoken tone
"Heat session done — cool down slowly, not in a rush.",,加热会话完成-缓慢冷却，不要着急。,draft_mt,Coach/Assistant dialogue — prioritize natural spoken tone
Heavy day stacked with hard work tomorrow.,,沉重的一天叠加着明天的辛勤工作。,draft_mt,Coach/Assistant dialogue — prioritize natural spoken tone
Heavy day — keep this walk easy.,,沉重的一天-保持轻松的步行。,draft_mt,Coach/Assistant dialogue — prioritize natural spoken tone
Heavy load is banked — hold reserve for tomorrow.,,重负荷是明天的储备。,draft_mt,Coach/Assistant dialogue — prioritize natural spoken tone
Heavy load is banked — hold the line tonight.,,沉重的负担是银行-今晚保持线。,draft_mt,Coach/Assistant dialogue — prioritize natural spoken tone
Heavy load is banked — keep tonight easy.,,沉重的负担是有银行的-今晚保持轻松。,draft_mt,Coach/Assistant dialogue — prioritize natural spoken tone
"Heavy strength day — evening is for landing, not loading.",,高强度的白天-晚上是为了着陆，而不是装载。,draft_mt,Coach/Assistant dialogue — prioritize natural spoken tone
Help me choose food,,帮我选择食物,draft_mt,Coach/Assistant dialogue — prioritize natural spoken tone
Here are measurable changes since your focus window. WeekFit can’t confirm whether you followed the habit itself.,,这里有可测量的变化，因为你的焦点窗口。WeekFit无法确认您是否遵循了习惯本身。,draft_mt,Coach/Assistant dialogue — prioritize natural spoken tone
Here’s a clear read on your recent activity.,,这是您最近活动的清晰阅读。,draft_mt,Coach/Assistant dialogue — prioritize natural spoken tone
Here’s what lines up with feeling \(feeling.bilingualTitle.english.lowercased()) — without treating this as a diagnosis.,,以下是与“\(feeling.bilingualTitle.english.lowercased()”感受相符之处——但请勿将此视为诊断结果。,draft_mt,Coach/Assistant dialogue — prioritize natural spoken tone
Here’s what recovery looks like lately.,,这是最近的恢复情况。,draft_mt,Coach/Assistant dialogue — prioritize natural spoken tone
Here’s what’s logged for food today.,,这是今天记录的食物。,draft_mt,Coach/Assistant dialogue — prioritize natural spoken tone
Hey \(name). How are you feeling now?,,嘿 \ (名字)。你现在感觉怎么样？,draft_mt,Coach/Assistant dialogue — prioritize natural spoken tone
Hey \(name). How are you feeling?,,嘿，\(name)。你感觉怎么样？,draft_mt,Coach/Assistant dialogue — prioritize natural spoken tone
High cumulative load today.,,今天的高累积负载。,draft_mt,Coach/Assistant dialogue — prioritize natural spoken tone
Hike day — give it the respect of a real outing.,,远足日-给它一个真正的郊游的尊重。,draft_mt,Coach/Assistant dialogue — prioritize natural spoken tone
Hike is underway — stay ahead of fatigue.,,远足正在进行中-保持领先于乏力。,draft_mt,Coach/Assistant dialogue — prioritize natural spoken tone
"Hit easy for five minutes, then pick your pace.",,轻松打五分钟，然后选择你的速度。,draft_mt,Coach/Assistant dialogue — prioritize natural spoken tone
"Hold conversational effort — keep it honest, not heroic.",,保持对话的努力-保持诚实，而不是英勇。,draft_mt,Coach/Assistant dialogue — prioritize natural spoken tone
Hold effort flat — speed up only when breathing stays easy.,,保持平稳-仅在呼吸轻松时才加速。,draft_mt,Coach/Assistant dialogue — prioritize natural spoken tone
Hold effort flat.,,保持努力。,draft_mt,Coach/Assistant dialogue — prioritize natural spoken tone
Hold this effort.,,保持这一努力。,draft_mt,Coach/Assistant dialogue — prioritize natural spoken tone
"Hold this — if sentences get short, back off one notch.",,拿着这个 -- 如果句子变得简短，退一步。,draft_mt,Coach/Assistant dialogue — prioritize natural spoken tone
Hold where it feels gentle — then ease a little deeper on the exhale.,,保持在感觉温和的地方-然后在呼气时放松一点。,draft_mt,Coach/Assistant dialogue — prioritize natural spoken tone
How am I recovering?,,我如何恢复？,draft_mt,Coach/Assistant dialogue — prioritize natural spoken tone
How consistent am I?,,我有多一致？,draft_mt,Coach/Assistant dialogue — prioritize natural spoken tone
How demanding did that \(phrase.en) feel?,,那个 \ (短语.en) 感觉有多苛刻？,draft_mt,Coach/Assistant dialogue — prioritize natural spoken tone
How does that compare?,,如何比较？,draft_mt,Coach/Assistant dialogue — prioritize natural spoken tone
How does your energy feel during activity today?,,在今天的活动中，你的能量感觉如何？,draft_mt,Coach/Assistant dialogue — prioritize natural spoken tone
How was my week?,,我的一周过得怎么样？,draft_mt,Coach/Assistant dialogue — prioritize natural spoken tone
How were my activities spread?,,我的活动是如何传播的？,draft_mt,Coach/Assistant dialogue — prioritize natural spoken tone
Hydrate before the heat.,,加热前水合。,draft_mt,Coach/Assistant dialogue — prioritize natural spoken tone
"I can help with how you feel, your activity, nutrition, or recovery. How are you feeling today — or what would you like to look at?",,我可以帮助你的感觉，你的活动，营养，或恢复。你今天感觉如何-或者你想看什么？,draft_mt,Coach/Assistant dialogue — prioritize natural spoken tone
"I can look at your activity, nutrition, or recovery next — or tell me more about how you feel.",,接下来，我可以看看你的活动、营养或恢复情况，或者告诉我更多你的感受。,draft_mt,Coach/Assistant dialogue — prioritize natural spoken tone
"If energy feels solid, keep today’s plan steady rather than adding extra load on a good feeling alone.",,如果精力充沛，请保持今天的计划稳定，而不是仅在良好的感觉上增加额外的负担。,draft_mt,Coach/Assistant dialogue — prioritize natural spoken tone
"If it’s been a few days, one night isn’t the whole story. Keep the next sessions lighter until sleep looks steadier.",,如果已经过了几天，一个晚上并不是全部。保持下一个会话更轻，直到睡眠看起来更稳定。,draft_mt,Coach/Assistant dialogue — prioritize natural spoken tone
"If you can, protect a slightly earlier wind-down tonight. This is optional — your Plan isn’t changed.",,如果可以的话，今晚保护稍早一点的风。这是可选的-您的计划不会更改。,draft_mt,Coach/Assistant dialogue — prioritize natural spoken tone
"If you train, try completing sessions on three separate days you can log.",,如果您进行培训，请尝试在可以记录的三天内完成课程。,draft_mt,Coach/Assistant dialogue — prioritize natural spoken tone
In HIIT,,在HIIT,draft_mt,Coach/Assistant dialogue — prioritize natural spoken tone
In sauna,,在桑拿浴,draft_mt,Coach/Assistant dialogue — prioritize natural spoken tone
In session,,在会话中,draft_mt,Coach/Assistant dialogue — prioritize natural spoken tone
In the heat,,在热,draft_mt,Coach/Assistant dialogue — prioritize natural spoken tone
"In the last 7 days you finished \(completed) of \(max(planned, completed)) planned sessions.",,在过去7天内，您完成了 \ (最大 (计划，完成)) 计划的会话中的 \ (完成)。,draft_mt,Coach/Assistant dialogue — prioritize natural spoken tone
"In the last 7 days you finished \(completedCount) of \(max(plannedCount, completedCount)) planned sessions.",,在过去7天内，您完成了 \(max (plennedcount，completedCount)) 计划会话的 \(completedCount)。,draft_mt,Coach/Assistant dialogue — prioritize natural spoken tone
In the match,,在比赛中,draft_mt,Coach/Assistant dialogue — prioritize natural spoken tone
In the swim,,在游泳,draft_mt,Coach/Assistant dialogue — prioritize natural spoken tone
Includes \(recoveryShare) recovery sessions among logged activities.,,在记录的活动中包括 \(recoveryShare) 恢复会话。,draft_mt,Coach/Assistant dialogue — prioritize natural spoken tone
Is today’s food log up to date?,,今天的食物记录是最新的吗？,draft_mt,Coach/Assistant dialogue — prioritize natural spoken tone
It started today,,今天开始,draft_mt,Coach/Assistant dialogue — prioritize natural spoken tone
It's late — the day is closed.,,很晚了-一天结束了。,draft_mt,Coach/Assistant dialogue — prioritize natural spoken tone
It's morning — and the body is still catching up.,,现在是早晨-身体仍在追赶。,draft_mt,Coach/Assistant dialogue — prioritize natural spoken tone
It's morning — sleep and recovery haven't fully landed yet.,,现在是早晨-睡眠和恢复尚未完全着陆。,draft_mt,Coach/Assistant dialogue — prioritize natural spoken tone
It’s lasted a few days,,它持续了几天,draft_mt,Coach/Assistant dialogue — prioritize natural spoken tone
I’ll help you stay on track with the adjustments you chose.,,我将帮助您保持在您选择的调整的轨道上。,draft_mt,Coach/Assistant dialogue — prioritize natural spoken tone
Just today,,就在今天,draft_mt,Coach/Assistant dialogue — prioritize natural spoken tone
Keep a sustainable pace and stay ahead on water.,,保持可持续的步伐，在水上保持领先。,draft_mt,Coach/Assistant dialogue — prioritize natural spoken tone
Keep an easy pace,,保持轻松的步伐,draft_mt,Coach/Assistant dialogue — prioritize natural spoken tone
"Keep an easy, conversational pace.",,保持轻松的对话节奏。,draft_mt,Coach/Assistant dialogue — prioritize natural spoken tone
Keep at least one easier day and watch sleep coverage before adding load.,,保持至少一个轻松的一天，并在增加负荷之前手表睡眠覆盖率。,draft_mt,Coach/Assistant dialogue — prioritize natural spoken tone
"Keep effort low — this is repair, not training.",,保持低努力-这是修复，而不是训练。,draft_mt,Coach/Assistant dialogue — prioritize natural spoken tone
Keep it calm — no extra court time tonight.,,保持冷静-今晚没有额外的法庭时间。,draft_mt,Coach/Assistant dialogue — prioritize natural spoken tone
Keep it calm: sleep matters more than steps right now.,,保持冷静: 睡眠比现在的步骤更重要。,draft_mt,Coach/Assistant dialogue — prioritize natural spoken tone
"Keep it conversational: the goal is to wake up, not add load.",,保持对话: 目标是唤醒，而不是增加负载。,draft_mt,Coach/Assistant dialogue — prioritize natural spoken tone
Keep it easy,,保持轻松,draft_mt,Coach/Assistant dialogue — prioritize natural spoken tone
Keep it pleasant — fresh air beats forced pace.,,保持愉快-新鲜空气胜过强迫的步伐。,draft_mt,Coach/Assistant dialogue — prioritize natural spoken tone
Keep it pleasant — fresh air beats forced steps.,,保持愉快-新鲜空气胜过强制步骤。,draft_mt,Coach/Assistant dialogue — prioritize natural spoken tone
Keep it slow enough to speak in full sentences.,,保持足够慢，以便说出完整的句子。,draft_mt,Coach/Assistant dialogue — prioritize natural spoken tone
Keep logging sleep and completed sessions — a focus needs clearer patterns.,,保持记录睡眠和完成的会话-焦点需要更清晰的模式。,draft_mt,Coach/Assistant dialogue — prioritize natural spoken tone
Keep meals steady and leave hard blocks for tomorrow's session.,,保持膳食稳定，为明天的会议留出硬块。,draft_mt,Coach/Assistant dialogue — prioritize natural spoken tone
Keep meals steady and leave hard blocks for tomorrow.,,保持膳食稳定，为明天留下坚硬的积木。,draft_mt,Coach/Assistant dialogue — prioritize natural spoken tone
Keep movement light and let recovery lead the day.,,保持运动轻放，让恢复引领一天。,draft_mt,Coach/Assistant dialogue — prioritize natural spoken tone
Keep moving easy — let heart rate settle before you sit.,,保持移动容易-让心率在你坐下之前稳定下来。,draft_mt,Coach/Assistant dialogue — prioritize natural spoken tone
Keep my Plan,,保持我的计划,draft_mt,Coach/Assistant dialogue — prioritize natural spoken tone
Keep optional intensity off the table for the rest of today.,,在今天剩下的时间里，不要选择强度。,draft_mt,Coach/Assistant dialogue — prioritize natural spoken tone
Keep optional intensity off the table today.,,今天不要选择强度。,draft_mt,Coach/Assistant dialogue — prioritize natural spoken tone
Keep planned effort,,保持计划的努力,draft_mt,Coach/Assistant dialogue — prioritize natural spoken tone
Keep recovery easy,,保持轻松恢复,draft_mt,Coach/Assistant dialogue — prioritize natural spoken tone
Keep reps clean — drop weight before form slips.,,保持reps清洁-在成型单之前放下重量。,draft_mt,Coach/Assistant dialogue — prioritize natural spoken tone
Keep spare energy for when it matters tonight.,,今晚重要的时候保持多余的能量。,draft_mt,Coach/Assistant dialogue — prioritize natural spoken tone
Keep spare energy for when it matters.,,把多余的能量留到重要的时候。,draft_mt,Coach/Assistant dialogue — prioritize natural spoken tone
Keep the breath soft and unforced.,,保持呼吸轻柔和不用力。,draft_mt,Coach/Assistant dialogue — prioritize natural spoken tone
"Keep the breath soft — this is calm, not a drill.",,保持呼吸柔和-这是平静，不是演习。,draft_mt,Coach/Assistant dialogue — prioritize natural spoken tone
Keep the breath soft.,,保持呼吸柔和。,draft_mt,Coach/Assistant dialogue — prioritize natural spoken tone
Keep the day flexible,,保持一天的灵活性,draft_mt,Coach/Assistant dialogue — prioritize natural spoken tone
Keep the effort comfortable and finish with control.,,保持努力舒适，并在控制下完成。,draft_mt,Coach/Assistant dialogue — prioritize natural spoken tone
Keep the evening calm so sleep can do its job.,,保持晚上的平静，这样睡眠就可以完成它的工作。,draft_mt,Coach/Assistant dialogue — prioritize natural spoken tone
Keep the evening easy.,,晚上保持轻松。,draft_mt,Coach/Assistant dialogue — prioritize natural spoken tone
Keep the evening quiet — no extra load.,,晚上保持安静-没有额外的负担。,draft_mt,Coach/Assistant dialogue — prioritize natural spoken tone
Keep the first block gentle — no intensity before you feel ready.,,保持第一块温柔-没有强度之前，你觉得准备好了。,draft_mt,Coach/Assistant dialogue — prioritize natural spoken tone
Keep the first block light — recovery is still building.,,保持第一个街区的光线-恢复仍在建设中。,draft_mt,Coach/Assistant dialogue — prioritize natural spoken tone
Keep the first hour easy; shorten the session if legs stay heavy.,,保持第一个小时的轻松; 如果腿很重，则缩短疗程。,draft_mt,Coach/Assistant dialogue — prioritize natural spoken tone
Keep the first minutes easy — recovery is still building.,,保持第一分钟轻松-恢复仍在建立。,draft_mt,Coach/Assistant dialogue — prioritize natural spoken tone
Keep the guidance in mind and I’ll help you stay on track.,,记住指导，我会帮助你保持正轨。,draft_mt,Coach/Assistant dialogue — prioritize natural spoken tone
Keep the morning easy until that session is closer.,,保持早晨轻松，直到会议接近为止。,draft_mt,Coach/Assistant dialogue — prioritize natural spoken tone
Keep the next hour unhurried — legs need quiet.,,接下来的一个小时不要着急 -- 腿需要安静。,draft_mt,Coach/Assistant dialogue — prioritize natural spoken tone
Keep the next hour unhurried.,,接下来的一个小时不要着急。,draft_mt,Coach/Assistant dialogue — prioritize natural spoken tone
Keep the next step simple and arrive ready.,,保持下一步简单，准备就绪。,draft_mt,Coach/Assistant dialogue — prioritize natural spoken tone
Keep the pace conversational. Sip and snack before you feel empty.,,保持对话的节奏。在你感到空虚之前，先喝一口小吃。,draft_mt,Coach/Assistant dialogue — prioritize natural spoken tone
Keep the rest of the day calm — no new hard block.,,保持一天剩下的时间平静-没有新的困难。,draft_mt,Coach/Assistant dialogue — prioritize natural spoken tone
Keep the rest of the day calm — nothing left to prove.,,剩下的时间保持冷静-没有什么可以证明的。,draft_mt,Coach/Assistant dialogue — prioritize natural spoken tone
Keep the rest of the day light so tomorrow's session still has quality.,,让剩下的时间保持清淡，这样明天的会议仍然有质量。,draft_mt,Coach/Assistant dialogue — prioritize natural spoken tone
Keep the rest of the day unhurried — sleep matters more than extra steps.,,保持一天的其余时间不慌不忙-睡眠比额外的步骤更重要。,draft_mt,Coach/Assistant dialogue — prioritize natural spoken tone
Keep the rest of the day unhurried.,,剩下的时间不要匆忙。,draft_mt,Coach/Assistant dialogue — prioritize natural spoken tone
Keep the rest of today easy so tomorrow's training stays useful.,,保持今天剩下的时间轻松，这样明天的培训就会有用。,draft_mt,Coach/Assistant dialogue — prioritize natural spoken tone
Keep the rest of today easy — nothing to prove tonight.,,今天剩下的时间保持轻松-今晚没有什么可以证明的。,draft_mt,Coach/Assistant dialogue — prioritize natural spoken tone
"Keep the rest of today easy, then protect sleep.",,保持今天的休息轻松，然后保护睡眠。,draft_mt,Coach/Assistant dialogue — prioritize natural spoken tone
Keep the rest of today light on the legs.,,今天剩下的时间保持在腿上。,draft_mt,Coach/Assistant dialogue — prioritize natural spoken tone
Keep this hike easy — today it counts as recovery.,,保持这次加息轻松-今天算作恢复。,draft_mt,Coach/Assistant dialogue — prioritize natural spoken tone
Keep this one easy.,,把这个保持简单。,draft_mt,Coach/Assistant dialogue — prioritize natural spoken tone
Keep this run easy,,保持这个运行容易,draft_mt,Coach/Assistant dialogue — prioritize natural spoken tone
Keep this walk easy — today it counts as recovery.,,保持轻松的步行-今天它被视为恢复。,draft_mt,Coach/Assistant dialogue — prioritize natural spoken tone
Keep today calm — hold an easy rhythm from here.,,保持今天的平静-从这里保持轻松的节奏。,draft_mt,Coach/Assistant dialogue — prioritize natural spoken tone
Keep today calm — tomorrow needs fresh legs.,,保持今天的平静-明天需要新鲜的腿。,draft_mt,Coach/Assistant dialogue — prioritize natural spoken tone
Keep today easy — no extra hard blocks.,,保持今天轻松-没有额外的硬块。,draft_mt,Coach/Assistant dialogue — prioritize natural spoken tone
Keep today easy — tomorrow needs capacity.,,保持今天轻松-明天需要容量。,draft_mt,Coach/Assistant dialogue — prioritize natural spoken tone
"Keep today easy, then protect sleep tonight.",,保持今天轻松，然后保护今晚的睡眠。,draft_mt,Coach/Assistant dialogue — prioritize natural spoken tone
Keep today light so tomorrow's session still has quality.,,保持今天的光明，所以明天的会议仍然有质量。,draft_mt,Coach/Assistant dialogue — prioritize natural spoken tone
"Keep today lighter if you can, and notice how you feel after rest — without forcing a training change.",,如果可以的话，保持今天的轻松，并注意休息后的感觉-不要强迫训练改变。,draft_mt,Coach/Assistant dialogue — prioritize natural spoken tone
Keeping your Plan as is. You can always revisit Coach later.,,保持你的计划。你可以随时回访教练。,draft_mt,Coach/Assistant dialogue — prioritize natural spoken tone
Last set done,,最后一组完成,draft_mt,Coach/Assistant dialogue — prioritize natural spoken tone
Last set done — muscles are still loaded and warm.,,最后一组完成-肌肉仍然负荷和温暖。,draft_mt,Coach/Assistant dialogue — prioritize natural spoken tone
Last time we looked at protein. Want a meal idea for today?,,上次我们看了蛋白质。今天想吃饭吗？,draft_mt,Coach/Assistant dialogue — prioritize natural spoken tone
Later today: \(title) at \(activity.formattedStartTime).,,今天晚些时候: \ (标题) 在 \(activity.formattedStartTime)。,draft_mt,Coach/Assistant dialogue — prioritize natural spoken tone
"Lay out water, snacks, and layers — then leave at a sustainable pace.",,布置水，小吃和层-然后以可持续的速度离开。,draft_mt,Coach/Assistant dialogue — prioritize natural spoken tone
Leave hard blocks off the calendar until tomorrow.,,把日历上的硬块留到明天。,draft_mt,Coach/Assistant dialogue — prioritize natural spoken tone
Leave turnaround margin — the way back still counts.,,留出周转余地-回来的路仍然很重要。,draft_mt,Coach/Assistant dialogue — prioritize natural spoken tone
Leg day is next — ease in before you load heavy.,,腿日是下一个-在你负重之前放松一下。,draft_mt,Coach/Assistant dialogue — prioritize natural spoken tone
Leg day is next — legs aren't fully topped up.,,腿日是下一个-腿还没有完全充满。,draft_mt,Coach/Assistant dialogue — prioritize natural spoken tone
Leg day is next — prime hips and knees first.,,腿日是下一个-首先是臀部和膝盖。,draft_mt,Coach/Assistant dialogue — prioritize natural spoken tone
Legs are under load — reps and sets are live.,,腿在负荷下-代表和集合是活的。,draft_mt,Coach/Assistant dialogue — prioritize natural spoken tone
Let heart rate and pace drift down; nothing to prove.,,让心率和速度漂移下来; 没有什么可以证明的。,draft_mt,Coach/Assistant dialogue — prioritize natural spoken tone
Let muscles cool — then protein and water.,,让肌肉冷却-然后是蛋白质和水。,draft_mt,Coach/Assistant dialogue — prioritize natural spoken tone
"Let the walk release tension, not add another block.",,让步行释放张力，而不是增加另一个块。,draft_mt,Coach/Assistant dialogue — prioritize natural spoken tone
Let’s start with how you feel.,,让我们从你的感受开始。,draft_mt,Coach/Assistant dialogue — prioritize natural spoken tone
Lifting now,,现在提升,draft_mt,Coach/Assistant dialogue — prioritize natural spoken tone
Light first sets — \(titleEN) at \(time).,,先点亮灯光 —\(titleEN)在\(time)处。,draft_mt,Coach/Assistant dialogue — prioritize natural spoken tone
Light food and fluids — nothing heavy on the stomach.,,轻的食物和液体-没有重的胃。,draft_mt,Coach/Assistant dialogue — prioritize natural spoken tone
Light movement and hydration — keep the softness.,,轻运动和水合-保持柔软。,draft_mt,Coach/Assistant dialogue — prioritize natural spoken tone
Listed nights had recorded sleep below the average for this period.,,列出的夜晚记录的睡眠低于此期间的平均水平。,draft_mt,Coach/Assistant dialogue — prioritize natural spoken tone
"Load has already accumulated today, so recovery affects the effort ceiling but does not replace the current workout.",,负载今天已经累积，因此恢复会影响努力上限，但不会取代当前的锻炼。,draft_mt,Coach/Assistant dialogue — prioritize natural spoken tone
Load is already high — ease this session.,,负载已经很高-轻松进行此会话。,draft_mt,Coach/Assistant dialogue — prioritize natural spoken tone
Logged on \(activeDays) of \(bundle.currentDays.count) days,,已登录 \ (活动天数) \(bundle.currentDays.count) 天,draft_mt,Coach/Assistant dialogue — prioritize natural spoken tone
Logged on \(sessionCoverage.observedDays) of \(sessionCoverage.totalDays) days,,已登录 \(sessionCoverage.observedDays) 的 \(sessionCoverage.totalDays) 天,draft_mt,Coach/Assistant dialogue — prioritize natural spoken tone
Long Run,,长期,draft_mt,Coach/Assistant dialogue — prioritize natural spoken tone
Long hike done — the body still needs a soft landing.,,长途徒步旅行完成-身体仍然需要软着陆。,draft_mt,Coach/Assistant dialogue — prioritize natural spoken tone
Long session — plan fuel and fluids ahead of time.,,长时间会议-提前计划燃料和液体。,draft_mt,Coach/Assistant dialogue — prioritize natural spoken tone
Long walk day — time on feet adds up.,,长时间步行-步行时间加起来。,draft_mt,Coach/Assistant dialogue — prioritize natural spoken tone
Longer warm-up — first games at half speed.,,更长的热身-半速的第一场比赛。,draft_mt,Coach/Assistant dialogue — prioritize natural spoken tone
Look at my eating habits,,看看我的饮食习惯,draft_mt,Coach/Assistant dialogue — prioritize natural spoken tone
Look at the last 7 days,,看看过去的7天,draft_mt,Coach/Assistant dialogue — prioritize natural spoken tone
Looking at \(loggedDays.count) logged days in the last week (not every day). Average protein on those days was about \(avgProtein) g.,,查看 \(loggedDays.count) 上周 (不是每天) 记录的天数。这些天的平均蛋白质约为 \(avgProtein) g。,draft_mt,Coach/Assistant dialogue — prioritize natural spoken tone
Low energy,,低能量,draft_mt,Coach/Assistant dialogue — prioritize natural spoken tone
Lower than usual,,比平时低,draft_mt,Coach/Assistant dialogue — prioritize natural spoken tone
Main work is done — keep today easy from here.,,主要工作已经完成-从这里保持今天轻松。,draft_mt,Coach/Assistant dialogue — prioritize natural spoken tone
Main work is done — the day can land calmly now.,,主要工作已经完成-现在可以平静地降落了。,draft_mt,Coach/Assistant dialogue — prioritize natural spoken tone
Main work is done — the evening can stay calm.,,主要工作完成-晚上可以保持冷静。,draft_mt,Coach/Assistant dialogue — prioritize natural spoken tone
Make recovery easier to start,,使恢复更容易开始,draft_mt,Coach/Assistant dialogue — prioritize natural spoken tone
Make the evening quieter,,让夜晚更安静,draft_mt,Coach/Assistant dialogue — prioritize natural spoken tone
Match day is coming — protect energy until it's time.,,比赛日即将到来-保护能源，直到它的时间。,draft_mt,Coach/Assistant dialogue — prioritize natural spoken tone
Match demand is real — you are not fully topped up.,,匹配需求是真实的-您没有完全加满。,draft_mt,Coach/Assistant dialogue — prioritize natural spoken tone
Match done,,匹配完成,draft_mt,Coach/Assistant dialogue — prioritize natural spoken tone
Match is close — legs and focus aren't fully topped up.,,比赛是近距离的-腿部和注意力没有完全集中。,draft_mt,Coach/Assistant dialogue — prioritize natural spoken tone
Match is close — recovery isn't fully back yet.,,比赛即将结束-恢复尚未完全恢复。,draft_mt,Coach/Assistant dialogue — prioritize natural spoken tone
Match is close — sharp mind beats rushed legs.,,比赛很接近-敏锐的头脑击败了匆忙的腿。,draft_mt,Coach/Assistant dialogue — prioritize natural spoken tone
Match is over — recovery comes first.,,比赛是过度的-恢复是第一位的。,draft_mt,Coach/Assistant dialogue — prioritize natural spoken tone
Match over — legs and nerves are still lit up.,,比赛结束-腿和神经仍然发亮。,draft_mt,Coach/Assistant dialogue — prioritize natural spoken tone
Match soon,,比赛很快,draft_mt,Coach/Assistant dialogue — prioritize natural spoken tone
Max effort is fine in a burst — don't live there between intervals.,,最大的努力是好的，在爆发之间不要住在那里。,draft_mt,Coach/Assistant dialogue — prioritize natural spoken tone
Meal idea,,用餐理念,draft_mt,Coach/Assistant dialogue — prioritize natural spoken tone
Missing days aren’t treated as zeros — only recorded nights and scores count.,,错过的日子不会被视为零-仅记录的夜晚和分数计数。,draft_mt,Coach/Assistant dialogue — prioritize natural spoken tone
Mobility first — skip a heavy opener if needed.,,机动性第一-如果需要，跳过沉重的开瓶器。,draft_mt,Coach/Assistant dialogue — prioritize natural spoken tone
Moderate,,中等,draft_mt,Coach/Assistant dialogue — prioritize natural spoken tone
More consistent sleep timing,,更一致的睡眠时间,draft_mt,Coach/Assistant dialogue — prioritize natural spoken tone
Morning adjustments are already on the plan.,,早上的调整已经在计划中了。,draft_mt,Coach/Assistant dialogue — prioritize natural spoken tone
Morning plan,,早晨计划,draft_mt,Coach/Assistant dialogue — prioritize natural spoken tone
Morning work is done — keep the afternoon easy.,,上午的工作已经完成-下午保持轻松。,draft_mt,Coach/Assistant dialogue — prioritize natural spoken tone
Morning — recovery data is still catching up.,,早上恢复数据仍在追赶。,draft_mt,Coach/Assistant dialogue — prioritize natural spoken tone
"Morning — short night at \(sleepEN), recovery at \(recovery)%.",,上午——\(sleepEN)时段短暂休整，\(recovery)时段恢复至 %。,draft_mt,Coach/Assistant dialogue — prioritize natural spoken tone
"Morning — sleep \(sleepEN), recovery at \(recovery)% — not fully topped up.",,早晨 — 睡眠\(sleepEN)，恢复率为\(recovery)% — 尚未完全恢复。,draft_mt,Coach/Assistant dialogue — prioritize natural spoken tone
"Morning — sleep \(sleepEN), recovery at \(recovery)%.",,早晨 — 睡眠\(sleepEN)，恢复率为\(recovery)%。,draft_mt,Coach/Assistant dialogue — prioritize natural spoken tone
Morning — yesterday logged real training load — keep today's first block softer.,,早上-昨天记录了真实的训练负荷-保持今天的第一个方块更柔和。,draft_mt,Coach/Assistant dialogue — prioritize natural spoken tone
"Morning — yesterday logged real training load, sleep \(sleep), recovery \(facts.recoveryPercent)%.",,早上——昨天有实际训练负荷，睡眠 \(sleep)，恢复 \(facts.recoveryPercent)%。,draft_mt,Coach/Assistant dialogue — prioritize natural spoken tone
"Morning — yesterday logged real training load, sleep \(sleepEN), recovery at \(recovery)%.",,晨间记录：昨日实际训练负荷为 X，睡眠时长为\(sleepEN)，恢复率为\(recovery)%。,draft_mt,Coach/Assistant dialogue — prioritize natural spoken tone
Most recent sleep looks too old to treat as current.,,最近的睡眠看起来太老了，不能当作电流。,draft_mt,Coach/Assistant dialogue — prioritize natural spoken tone
My Assessment,,我的评估,draft_mt,Coach/Assistant dialogue — prioritize natural spoken tone
My Recommendation,,我的建议,draft_mt,Coach/Assistant dialogue — prioritize natural spoken tone
NUTRITION,,营养,draft_mt,Coach/Assistant dialogue — prioritize natural spoken tone
Need at least \(Minimums.sleepAverage) recorded nights.,,至少需要 \ (最低睡眠水平) 记录的夜晚。,draft_mt,Coach/Assistant dialogue — prioritize natural spoken tone
Next up: \(title) at \(activity.formattedStartTime).,,下一步: \ (标题) 在 \(activity.formattedStartTime)。,draft_mt,Coach/Assistant dialogue — prioritize natural spoken tone
Nice work,,干得好,draft_mt,Coach/Assistant dialogue — prioritize natural spoken tone
Nights shorter than your period average (\(AskCoachCopy.sleepHours(from: avg).english)).,,比您的平均时间短的夜晚 (\(AskCoachCopy.sleepHours (来自: avg)。英语))。,draft_mt,Coach/Assistant dialogue — prioritize natural spoken tone
No completed activities were logged in this period.,,在此期间未记录任何已完成的活动。,draft_mt,Coach/Assistant dialogue — prioritize natural spoken tone
No drinks logged today. Take a few sips when it's safe to stop.,,今天没有饮料记录。可以安全停车时喝几口。,draft_mt,Coach/Assistant dialogue — prioritize natural spoken tone
No drinks logged today. Take a few sips when you can.,,今天没有记录任何饮品。可以的时候喝几一口。,draft_mt,Coach/Assistant dialogue — prioritize natural spoken tone
"No drinks logged yet today. Small sips if thirsty, then wind down.",,今天还没有饮料记录。如果渴了，小口，然后放松。,draft_mt,Coach/Assistant dialogue — prioritize natural spoken tone
No early surges you'll regret later.,,没有早期的激增，你以后会后悔的。,draft_mt,Coach/Assistant dialogue — prioritize natural spoken tone
No extra hard blocks tonight.,,今晚没有额外的硬块。,draft_mt,Coach/Assistant dialogue — prioritize natural spoken tone
No grinding reps on tired stabilizers.,,没有磨损稳定器的研磨代表。,draft_mt,Coach/Assistant dialogue — prioritize natural spoken tone
No hero dives on tired legs.,,没有英雄会在疲惫的双腿上潜水。,draft_mt,Coach/Assistant dialogue — prioritize natural spoken tone
No hero intervals on tired legs.,,疲惫的双腿没有英雄间隔。,draft_mt,Coach/Assistant dialogue — prioritize natural spoken tone
No late drills or heavy legs before bed.,,睡觉前不要晚钻或重腿。,draft_mt,Coach/Assistant dialogue — prioritize natural spoken tone
No late hard efforts or long screen time in bed.,,没有迟到的努力或长时间的屏幕时间在床上。,draft_mt,Coach/Assistant dialogue — prioritize natural spoken tone
No late intensity or extra recovery tasks.,,没有后期强度或额外的恢复任务。,draft_mt,Coach/Assistant dialogue — prioritize natural spoken tone
No late screens or hard conversations in bed.,,没有迟到的屏幕或在床上进行艰苦的交谈。,draft_mt,Coach/Assistant dialogue — prioritize natural spoken tone
No late sets or heavy stairs before bed.,,睡前没有晚点或沉重的楼梯。,draft_mt,Coach/Assistant dialogue — prioritize natural spoken tone
No need to change the plan,,不需要改变计划,draft_mt,Coach/Assistant dialogue — prioritize natural spoken tone
No need to rethink the morning adjustments — focus on executing what you chose.,,无需重新考虑早晨的调整-专注于执行您选择的内容。,draft_mt,Coach/Assistant dialogue — prioritize natural spoken tone
No new hard block today — recovery comes first.,,今天没有新的硬块-恢复是第一位的。,draft_mt,Coach/Assistant dialogue — prioritize natural spoken tone
No scoreboard today — easy pace is enough.,,今天没有记分牌-轻松的步伐就足够了。,draft_mt,Coach/Assistant dialogue — prioritize natural spoken tone
"No screens, no plans, no last-minute load.",,没有屏幕，没有计划，没有最后一分钟的负载。,draft_mt,Coach/Assistant dialogue — prioritize natural spoken tone
Normal,,正常,draft_mt,Coach/Assistant dialogue — prioritize natural spoken tone
Not enough data from \(noun.english) to compare.,,\ (名词。英语) 没有足够的数据进行比较。,draft_mt,Coach/Assistant dialogue — prioritize natural spoken tone
Not enough recent data yet,,还没有足够的最新数据,draft_mt,Coach/Assistant dialogue — prioritize natural spoken tone
Not enough recorded data for this question yet.,,没有足够的记录数据为这个问题。,draft_mt,Coach/Assistant dialogue — prioritize natural spoken tone
Not enough sleep nights to highlight shorter days.,,没有足够的睡眠夜晚来突出较短的白天。,draft_mt,Coach/Assistant dialogue — prioritize natural spoken tone
Not great,,不太好,draft_mt,Coach/Assistant dialogue — prioritize natural spoken tone
Not sure,,不确定,draft_mt,Coach/Assistant dialogue — prioritize natural spoken tone
Nothing heavy is on the calendar yet.,,日历上还没有沉重的东西。,draft_mt,Coach/Assistant dialogue — prioritize natural spoken tone
Nothing left to optimize tonight — sleep is the move.,,今晚没有什么可以优化的-睡眠是移动。,draft_mt,Coach/Assistant dialogue — prioritize natural spoken tone
Nothing logged for today yet — that just means we don’t have movement on record.,,今天还没有记录 -- 这只是意味着我们没有记录在案的动静。,draft_mt,Coach/Assistant dialogue — prioritize natural spoken tone
Nothing urgent is pulling the day off balance.,,没有什么紧急的事情可以使这一天失去平衡。,draft_mt,Coach/Assistant dialogue — prioritize natural spoken tone
Nothing urgent — though energy is softer than usual.,,没什么紧急的-尽管能量比平时更柔和。,draft_mt,Coach/Assistant dialogue — prioritize natural spoken tone
Notice where you hold tension — breathe into it.,,注意你在哪里保持紧张-呼吸它。,draft_mt,Coach/Assistant dialogue — prioritize natural spoken tone
Numbers don’t fully explain it,,数字不能完全解释它,draft_mt,Coach/Assistant dialogue — prioritize natural spoken tone
ON TRACK,,在轨道上,draft_mt,Coach/Assistant dialogue — prioritize natural spoken tone
On the ride,,在骑,draft_mt,Coach/Assistant dialogue — prioritize natural spoken tone
On the run,,在逃,draft_mt,Coach/Assistant dialogue — prioritize natural spoken tone
"One easier minute, then settle back into the planned pace.",,轻松一分钟，然后回到计划的速度。,draft_mt,Coach/Assistant dialogue — prioritize natural spoken tone
"One short loop, then home — no surges.",,一个短循环，然后回家-没有浪涌。,draft_mt,Coach/Assistant dialogue — prioritize natural spoken tone
Only days with at least one completed session are shown.,,仅显示具有至少一个已完成会话的天数。,draft_mt,Coach/Assistant dialogue — prioritize natural spoken tone
Only metrics with enough samples in both periods are compared.,,仅比较两个时期中具有足够样本的度量。,draft_mt,Coach/Assistant dialogue — prioritize natural spoken tone
Open lighter than planned — first sets are a readiness check.,,打开比计划轻-第一套是准备检查。,draft_mt,Coach/Assistant dialogue — prioritize natural spoken tone
Open morning — \(title) is tomorrow at \(tomorrow.formattedStartTime).,,上午开放 —\(title)将于明日在\(tomorrow.formattedStartTime)举行。,draft_mt,Coach/Assistant dialogue — prioritize natural spoken tone
"Open with a short warm-up, then hit intervals clean — not all-out from round one.",,短暂的热身打开，然后从第一轮开始打间隔干净-不是全部。,draft_mt,Coach/Assistant dialogue — prioritize natural spoken tone
Optional — skip if you’d rather go straight to the comparison.,,可选-如果您想直接进行比较，请跳过。,draft_mt,Coach/Assistant dialogue — prioritize natural spoken tone
Other topic,,其他主题,draft_mt,Coach/Assistant dialogue — prioritize natural spoken tone
Over the last 7 days there aren’t completed training or movement logs in the planner yet.,,在过去的7天里，规划器中还没有完成的培训或运动日志。,draft_mt,Coach/Assistant dialogue — prioritize natural spoken tone
Over the last 7 days there isn’t enough logged activity to summarize yet.,,在过去的7天里，没有足够的记录活动来总结。,draft_mt,Coach/Assistant dialogue — prioritize natural spoken tone
Over the last 7 days there isn’t enough logged nutrition to describe a pattern. Unlogged days aren’t treated as zero intake.,,在过去的7天里，没有足够的营养记录来描述一种模式。未记录的天数不被视为零摄入量。,draft_mt,Coach/Assistant dialogue — prioritize natural spoken tone
Over the last 7 days there isn’t much completed movement on the log yet.,,在过去的7天里，日志上还没有太多完整的移动。,draft_mt,Coach/Assistant dialogue — prioritize natural spoken tone
Over the last 7 days you’ve logged \(label.english) — about \(duration.english) in total.,,在过去 7 天内，您已登录\(label.english)次——总计约\(duration.english)次。,draft_mt,Coach/Assistant dialogue — prioritize natural spoken tone
Over the last 7 days you’ve logged \(sessions) sessions — about \(duration.english) in total.,,在过去 7 天内，您共登录了\(sessions)次会话——总计约\(duration.english)次。,draft_mt,Coach/Assistant dialogue — prioritize natural spoken tone
Pace the day,,节奏的一天,draft_mt,Coach/Assistant dialogue — prioritize natural spoken tone
Pace the outing,,步伐的郊游,draft_mt,Coach/Assistant dialogue — prioritize natural spoken tone
Pack a snack you can eat without stopping long.,,打包一份零食，你可以不用长时间停下来吃。,draft_mt,Coach/Assistant dialogue — prioritize natural spoken tone
Pack water for the whole outing — top up before you leave.,,为整个郊游打包水-在你离开之前把水顶上。,draft_mt,Coach/Assistant dialogue — prioritize natural spoken tone
"Pack water, salty snacks, and a light layer before the first hard climb.",,在第一次艰难的攀登之前，要装水，咸味小吃和淡淡的一层。,draft_mt,Coach/Assistant dialogue — prioritize natural spoken tone
"Pack water, snacks, and layers before you go.",,在你走之前，打包水、零食和分层。,draft_mt,Coach/Assistant dialogue — prioritize natural spoken tone
Past halfway — easy effort still counts as recovery.,,过去的一半-轻松的努力仍然算作恢复。,draft_mt,Coach/Assistant dialogue — prioritize natural spoken tone
Patience in the middle miles — consistency beats spikes.,,中间英里的耐心-一致性击败尖峰。,draft_mt,Coach/Assistant dialogue — prioritize natural spoken tone
Pick a bedtime and stick to it.,,选择一个睡觉时间并坚持下去。,draft_mt,Coach/Assistant dialogue — prioritize natural spoken tone
Pick one priority block before noon.,,在中午之前选择一个优先块。,draft_mt,Coach/Assistant dialogue — prioritize natural spoken tone
Pick today's first block.,,选择今天的第一个街区。,draft_mt,Coach/Assistant dialogue — prioritize natural spoken tone
Pick your battles — not every ball needs a sprint.,,选择你的战斗-不是每个球都需要冲刺。,draft_mt,Coach/Assistant dialogue — prioritize natural spoken tone
Plan a solid breakfast before the session.,,在会议前计划一顿丰盛的早餐。,draft_mt,Coach/Assistant dialogue — prioritize natural spoken tone
Planner sessions completed: \(plannedCompleted) of \(plannedTotal).,,计划程序会话已完成: \(plannedCompleted) 的 \(plannedTotal)。,draft_mt,Coach/Assistant dialogue — prioritize natural spoken tone
"Play for position, not power — shorten points when you can.",,发挥的位置，而不是权力-缩短点，当你可以。,draft_mt,Coach/Assistant dialogue — prioritize natural spoken tone
"Play the next points within yourself, not at full stretch.",,在自己的内心发挥下一点，而不是全力以赴。,draft_mt,Coach/Assistant dialogue — prioritize natural spoken tone
Point by point.,,逐点。,draft_mt,Coach/Assistant dialogue — prioritize natural spoken tone
Prep water and a snack — this outing deserves it.,,准备水和小吃-这次郊游值得。,draft_mt,Coach/Assistant dialogue — prioritize natural spoken tone
Prepare for sleep,,准备睡觉,draft_mt,Coach/Assistant dialogue — prioritize natural spoken tone
Prepare for training,,准备培训,draft_mt,Coach/Assistant dialogue — prioritize natural spoken tone
Preparing for HIIT,,准备HIIT,draft_mt,Coach/Assistant dialogue — prioritize natural spoken tone
Preparing to ride,,准备骑行,draft_mt,Coach/Assistant dialogue — prioritize natural spoken tone
Preparing to run,,正在准备运行,draft_mt,Coach/Assistant dialogue — prioritize natural spoken tone
Preparing to swim,,准备游泳,draft_mt,Coach/Assistant dialogue — prioritize natural spoken tone
Prioritize nights closer to your recent average sleep duration.,,优先考虑接近你最近的平均睡眠时间的夜晚。,draft_mt,Coach/Assistant dialogue — prioritize natural spoken tone
Protect recovery this week,,本周保护恢复,draft_mt,Coach/Assistant dialogue — prioritize natural spoken tone
Protect the main effort,,保护主要努力,draft_mt,Coach/Assistant dialogue — prioritize natural spoken tone
Protect tomorrow's ride,,保护明天的骑行,draft_mt,Coach/Assistant dialogue — prioritize natural spoken tone
Protect your energy,,保护你的能量,draft_mt,Coach/Assistant dialogue — prioritize natural spoken tone
Protein and fluids within the next hour.,,蛋白质和液体。,draft_mt,Coach/Assistant dialogue — prioritize natural spoken tone
Protein is \(proLogged) g of \(proGoal) g — about \(nutrition.proteinRemaining) g left.,,蛋白质为\(proLogged)g，减去\(proGoal)g 后，剩余约\(nutrition.proteinRemaining)g。,draft_mt,Coach/Assistant dialogue — prioritize natural spoken tone
Protein is \(proLogged) g of \(proGoal) g — close to your target.,,蛋白质为\(proLogged)g 或\(proGoal)g —— 已接近您的目标值。,draft_mt,Coach/Assistant dialogue — prioritize natural spoken tone
Protein is about \(Int((-delta).rounded())) g over today’s \(proGoal) g goal.,,蛋白质含量约为\(Int((-delta)，较当前\(proGoal)的目标值有所提升。,draft_mt,Coach/Assistant dialogue — prioritize natural spoken tone
Quality reps only — cut a set before form breaks on a stacked day.,,仅限质量代表——在连续生产日出现模具故障前完成一批产品的切割。,draft_mt,Coach/Assistant dialogue — prioritize natural spoken tone
Quick check,,快速检查,draft_mt,Coach/Assistant dialogue — prioritize natural spoken tone
"Quiet day — the body is asking for margin, not more load.",,静默之日——机体需要的是安全裕度，而非额外的负荷。,draft_mt,Coach/Assistant dialogue — prioritize natural spoken tone
Quiet room — soft breaths from the start.,,静谧的房间——从一开始，便传来轻柔的呼吸声。,draft_mt,Coach/Assistant dialogue — prioritize natural spoken tone
RECOVERY,,康复,draft_mt,Coach/Assistant dialogue — prioritize natural spoken tone
Racket day is in the books — evening is for recovery.,,击球日已定——傍晚则用于恢复。,draft_mt,Coach/Assistant dialogue — prioritize natural spoken tone
Recent sleep \(sleepText.english) is a bit longer than your baseline (\(baselineText.english)).,,最近的睡眠时长\(sleepText.english)略长于您的基线值（\(baselineText.english)）。,draft_mt,Coach/Assistant dialogue — prioritize natural spoken tone
Recent sleep \(sleepText.english) looks typical for you (baseline \(baselineText.english)).,,最近的睡眠\(sleepText.english)数据与您（基线\(baselineText.english)）的情况相符。,draft_mt,Coach/Assistant dialogue — prioritize natural spoken tone
Recent sleep \(sleepText.english) vs baseline \(baselineText.english).,,近期睡眠期\(sleepText.english)与基线期\(baselineText.english)的比较。,draft_mt,Coach/Assistant dialogue — prioritize natural spoken tone
Recent sleep \(sleepText.english) — about \(abs(delta))m shorter than your recent baseline (\(baselineText.english)). Shorter sleep may be one contributor.,,近期睡眠 \(sleepText.english)——比你最近的基线（\(baselineText.english)）大约短 \(abs(delta)) 分钟。睡眠偏短可能是原因之一。,draft_mt,Coach/Assistant dialogue — prioritize natural spoken tone
Recorded sleep averaged at least 30 minutes shorter than before.,,记录到的睡眠时长较此前平均缩短至少 30 分钟。,draft_mt,Coach/Assistant dialogue — prioritize natural spoken tone
Recovering,,恢复中,draft_mt,Coach/Assistant dialogue — prioritize natural spoken tone
Recovering now,,正在恢复,draft_mt,Coach/Assistant dialogue — prioritize natural spoken tone
Recovery Run,,恢复跑,draft_mt,Coach/Assistant dialogue — prioritize natural spoken tone
Recovery \(recovery)% looks typical for you (baseline \(baseline)%).,,您的恢复率\(recovery)% 与您的基线值\(baseline)% 基本相符。,draft_mt,Coach/Assistant dialogue — prioritize natural spoken tone
Recovery \(recovery)% vs baseline \(baseline)%.,,恢复率\(recovery)% 与基线值\(baseline)% 的对比。,draft_mt,Coach/Assistant dialogue — prioritize natural spoken tone
Recovery \(recovery)% — about \(abs(delta)) points below your recent baseline (\(baseline)%). This measurement is softer than usual for you.,,恢复值\(recovery)% — 较您最近的基线值（\(baseline)%）低约\(abs(delta)个百分点。此测量值对您而言较往常更为平缓。,draft_mt,Coach/Assistant dialogue — prioritize natural spoken tone
Recovery ahead,,复苏在即,draft_mt,Coach/Assistant dialogue — prioritize natural spoken tone
Recovery baseline from \(evidence.recoverySampleCount) days,,\(evidence.recoverySampleCount)天后的恢复基线值,draft_mt,Coach/Assistant dialogue — prioritize natural spoken tone
Recovery block is next — gentle from the first minute.,,接下来是恢复阶段——从第一分钟起即以轻柔的力度进行。,draft_mt,Coach/Assistant dialogue — prioritize natural spoken tone
Recovery comes next,,接下来是恢复阶段,draft_mt,Coach/Assistant dialogue — prioritize natural spoken tone
Recovery day is closing — protect the calm tonight.,,恢复日即将结束——今晚请守护内心的平静。,draft_mt,Coach/Assistant dialogue — prioritize natural spoken tone
Recovery does not support long high-intensity rallies today.,,今日市场反弹未能支撑起长时间的高强度上涨行情。,draft_mt,Coach/Assistant dialogue — prioritize natural spoken tone
Recovery does not support productive hard running today.,,Recovery 目前不支持高效硬跑训练。,draft_mt,Coach/Assistant dialogue — prioritize natural spoken tone
Recovery hasn't caught up after recent strain.,,近期疫情暴发后，恢复进程仍未跟上。,draft_mt,Coach/Assistant dialogue — prioritize natural spoken tone
Recovery is lagging — keep the evening quiet.,,恢复进度较慢——今晚保持安静。,draft_mt,Coach/Assistant dialogue — prioritize natural spoken tone
Recovery is lagging — keep the next block lighter.,,恢复进度滞后——请保持下一个区块更轻。,draft_mt,Coach/Assistant dialogue — prioritize natural spoken tone
Recovery is lagging — protect the session.,,恢复进度滞后——请保护当前会话。,draft_mt,Coach/Assistant dialogue — prioritize natural spoken tone
Recovery is lagging — rest is the plan.,,恢复进度滞后——休息才是关键。,draft_mt,Coach/Assistant dialogue — prioritize natural spoken tone
Recovery is lagging — rest matters more now.,,恢复进度较慢——现阶段休息更为重要。,draft_mt,Coach/Assistant dialogue — prioritize natural spoken tone
"Recovery is low — keep effort honest, not heroic.",,康复率较低——请保持务实的努力，而非追求英雄主义。,draft_mt,Coach/Assistant dialogue — prioritize natural spoken tone
"Recovery is still catching up, so easy effort is the better call.",,恢复进度仍较慢，因此采取简单的措施才是更好的选择。,draft_mt,Coach/Assistant dialogue — prioritize natural spoken tone
Recovery is trending a little better.,,复苏态势略有改善。,draft_mt,Coach/Assistant dialogue — prioritize natural spoken tone
Recovery looks a little softer lately.,,最近恢复情况似乎稍显疲软。,draft_mt,Coach/Assistant dialogue — prioritize natural spoken tone
Recovery looks solid — tomorrow already has real work on the calendar.,,复苏态势十分稳固——明天日程中已安排了切实的工作。,draft_mt,Coach/Assistant dialogue — prioritize natural spoken tone
Recovery looks steady.,,复苏态势平稳。,draft_mt,Coach/Assistant dialogue — prioritize natural spoken tone
Recovery matters today — energy is softer than usual.,,复苏如今至关重要——能源市场较往常更为疲软。,draft_mt,Coach/Assistant dialogue — prioritize natural spoken tone
Recovery mode,,恢复模式,draft_mt,Coach/Assistant dialogue — prioritize natural spoken tone
Recovery morning,,康复晨间,draft_mt,Coach/Assistant dialogue — prioritize natural spoken tone
Recovery needs sleep more than anything else tonight.,,今晚，恢复所需的首要条件便是睡眠。,draft_mt,Coach/Assistant dialogue — prioritize natural spoken tone
Recovery score averaged \(delta) points higher than \(previous.english) (recorded days only).,,恢复评分平均比\(previous.english)高出\(delta)分（仅记录天数）。,draft_mt,Coach/Assistant dialogue — prioritize natural spoken tone
Recovery score averaged \(drop) points lower than \(previous.english) (recorded days only).,,恢复评分平均比\(previous.english)低\(drop)分（仅记录天数）。,draft_mt,Coach/Assistant dialogue — prioritize natural spoken tone
Recovery score matched \(previous.english) where both had enough samples.,,在双方均拥有足够样本的情况下，将恢复评分与\(previous.english)进行匹配。,draft_mt,Coach/Assistant dialogue — prioritize natural spoken tone
Recovery session is live — slow and present.,,恢复环节现已开启——节奏舒缓，专注当下。,draft_mt,Coach/Assistant dialogue — prioritize natural spoken tone
Recovery session wrapped — calm should linger.,,恢复环节已结束——平静感应持续存在。,draft_mt,Coach/Assistant dialogue — prioritize natural spoken tone
Recovery signals are still limited.,,恢复信号仍然有限。,draft_mt,Coach/Assistant dialogue — prioritize natural spoken tone
Recovery source day: \(dayKey),,恢复源日期：\(dayKey),draft_mt,Coach/Assistant dialogue — prioritize natural spoken tone
Recovery tips,,恢复建议,draft_mt,Coach/Assistant dialogue — prioritize natural spoken tone
Recovery walk — keep it easy.,,康复步行——动作要轻柔。,draft_mt,Coach/Assistant dialogue — prioritize natural spoken tone
Recovery walk — the body needs a soft reset.,,恢复性步行——身体需要一次温和的重启。,draft_mt,Coach/Assistant dialogue — prioritize natural spoken tone
Recovery walk — yesterday's or today's load still lingers.,,恢复性步行——昨日的或今日的负荷仍挥之不去。,draft_mt,Coach/Assistant dialogue — prioritize natural spoken tone
Recovery work is done — carry the calm forward.,,恢复工作已完成——将这份平静延续下去。,draft_mt,Coach/Assistant dialogue — prioritize natural spoken tone
Regular,,常规,draft_mt,Coach/Assistant dialogue — prioritize natural spoken tone
Reset between points.,,在两点之间重置。,draft_mt,Coach/Assistant dialogue — prioritize natural spoken tone
Rest and quiet — let pulse settle before what's next.,,静养与安宁——在开启下一段旅程前，让脉搏归于平静。,draft_mt,Coach/Assistant dialogue — prioritize natural spoken tone
Rest enough to keep form clean on every rep.,,充分休息，以确保每次重复动作时都能保持标准姿势。,draft_mt,Coach/Assistant dialogue — prioritize natural spoken tone
Rest or walk briefly before anything demanding.,,在进行任何高强度活动前，请先休息或短暂散步。,draft_mt,Coach/Assistant dialogue — prioritize natural spoken tone
Restore fluids,,补充体液,draft_mt,Coach/Assistant dialogue — prioritize natural spoken tone
"Restore fluids, eat normally, and close the evening calmly so you can start tomorrow with reserve.",,补充水分，正常饮食，平静地结束这一天，以便您以充沛的精力迎接明天。,draft_mt,Coach/Assistant dialogue — prioritize natural spoken tone
Review Plan suggestion,,审阅计划建议,draft_mt,Coach/Assistant dialogue — prioritize natural spoken tone
Review my focus,,回顾我的关注点,draft_mt,Coach/Assistant dialogue — prioritize natural spoken tone
Review my week,,回顾本周,draft_mt,Coach/Assistant dialogue — prioritize natural spoken tone
Review session,,评审会议,draft_mt,Coach/Assistant dialogue — prioritize natural spoken tone
Ride done,,骑行结束,draft_mt,Coach/Assistant dialogue — prioritize natural spoken tone
"Ride is ahead — legs aren't topped up, so ease in.",,骑行已进行——双腿尚未补充能量，请放慢节奏。,draft_mt,Coach/Assistant dialogue — prioritize natural spoken tone
Ride is ahead — recovery isn't fully back yet.,,复苏势头已现——但恢复工作尚未完全完成。,draft_mt,Coach/Assistant dialogue — prioritize natural spoken tone
Ride is banked — recovery is the job now.,,骑行已告一段落——现在的任务是恢复。,draft_mt,Coach/Assistant dialogue — prioritize natural spoken tone
Ride is coming — time to settle pace and legs.,,骑行季即将到来——是时候调整节奏与腿部耐力了。,draft_mt,Coach/Assistant dialogue — prioritize natural spoken tone
Ride is done — legs are still spinning inside.,,骑行结束了——双腿仍在体内打转。,draft_mt,Coach/Assistant dialogue — prioritize natural spoken tone
Roll or stretch shoulders for ten minutes.,,进行肩部环绕或拉伸运动十分钟。,draft_mt,Coach/Assistant dialogue — prioritize natural spoken tone
Run done,,运行完成,draft_mt,Coach/Assistant dialogue — prioritize natural spoken tone
Run is ahead — dial in effort before the first mile.,,赛程已过半——在跑完第一英里前，务必全力以赴。,draft_mt,Coach/Assistant dialogue — prioritize natural spoken tone
"Run is ahead — legs aren't topped up, so ease in.",,跑步仍在继续——双腿尚未恢复体力，请放慢节奏。,draft_mt,Coach/Assistant dialogue — prioritize natural spoken tone
Run is ahead — recovery isn't fully back yet.,,复苏势头正在增强——但恢复尚未完全回归。,draft_mt,Coach/Assistant dialogue — prioritize natural spoken tone
Run is banked — recovery is the job now.,,奔跑已成过去——如今的重任是恢复。,draft_mt,Coach/Assistant dialogue — prioritize natural spoken tone
Run is done — heart rate is still catching up.,,跑步已结束——但心率仍在逐渐恢复。,draft_mt,Coach/Assistant dialogue — prioritize natural spoken tone
Running low on fuel for this session — eat now.,,本次会话的燃料即将耗尽——请立即补充。,draft_mt,Coach/Assistant dialogue — prioritize natural spoken tone
Sauna is next — calm entry beats heroic heat.,,接下来是桑拿——静谧的入口，胜过炽热的体验。,draft_mt,Coach/Assistant dialogue — prioritize natural spoken tone
Save energy for tomorrow,,为明天节约能源,draft_mt,Coach/Assistant dialogue — prioritize natural spoken tone
Save for tomorrow,,留待明日,draft_mt,Coach/Assistant dialogue — prioritize natural spoken tone
Serious work is already on the books today.,,如今，严肃的工作已经正式列入日程。,draft_mt,Coach/Assistant dialogue — prioritize natural spoken tone
Session complete,,会话已结束,draft_mt,Coach/Assistant dialogue — prioritize natural spoken tone
Session done,,会话已结束,draft_mt,Coach/Assistant dialogue — prioritize natural spoken tone
"Session is ahead — arrive calm, not already chasing.",,环节尚未开始——请保持冷静，切勿急于应对。,draft_mt,Coach/Assistant dialogue — prioritize natural spoken tone
Session is ahead — recovery isn't fully back yet.,,局面仍在演变——复苏尚未完全恢复。,draft_mt,Coach/Assistant dialogue — prioritize natural spoken tone
"Session is ahead — the body isn't topped up, so ease in.",,疗程即将结束——体内能量尚未补充完毕，请放松。,draft_mt,Coach/Assistant dialogue — prioritize natural spoken tone
Session just ended — body is still buzzing.,,会议刚刚结束——体内仍阵阵发烫。,draft_mt,Coach/Assistant dialogue — prioritize natural spoken tone
Set your pace,,掌控自己的节奏,draft_mt,Coach/Assistant dialogue — prioritize natural spoken tone
Set your pace — don't chase from the gun.,,掌控自己的节奏——不要紧追枪口。,draft_mt,Coach/Assistant dialogue — prioritize natural spoken tone
Settle in a few minutes early — \(title) at \(time).,,提前几分钟抵达——\(title)位于\(time)。,draft_mt,Coach/Assistant dialogue — prioritize natural spoken tone
Settle into the ride before increasing your effort.,,在增加运动强度前，先适应骑行节奏。,draft_mt,Coach/Assistant dialogue — prioritize natural spoken tone
Settle into the run before increasing your effort.,,在增加运动强度之前，先适应跑步节奏。,draft_mt,Coach/Assistant dialogue — prioritize natural spoken tone
Settle into the session before increasing your effort.,,在加大努力之前，先充分进入状态。,draft_mt,Coach/Assistant dialogue — prioritize natural spoken tone
Settle into the swim before increasing your effort.,,先适应游泳节奏，再逐渐加大强度。,draft_mt,Coach/Assistant dialogue — prioritize natural spoken tone
Short first round — listen to your body early.,,首轮赛程较短——尽早倾听身体的信号。,draft_mt,Coach/Assistant dialogue — prioritize natural spoken tone
Short night — protect sleep tonight.,,今晚少熬夜——守护您的睡眠。,draft_mt,Coach/Assistant dialogue — prioritize natural spoken tone
Short night — recovery matters more now.,,夜晚短暂——如今恢复更为重要。,draft_mt,Coach/Assistant dialogue — prioritize natural spoken tone
"Short points, quick resets — don't burn matches on a full day.",,短时操作，快速重置——避免整日频繁点燃火柴。,draft_mt,Coach/Assistant dialogue — prioritize natural spoken tone
Short rounds — cool breaks beat heroic sweats.,,短跑回合——清爽的间歇胜过艰苦的挥汗。,draft_mt,Coach/Assistant dialogue — prioritize natural spoken tone
"Short rounds, cool breaks.",,短距离回合，短暂的休息。,draft_mt,Coach/Assistant dialogue — prioritize natural spoken tone
Short walk to flush the legs after hard work.,,高强度运动后，只需短距离步行即可促进腿部排水。,draft_mt,Coach/Assistant dialogue — prioritize natural spoken tone
Shorten if needed,,如有需要，请缩短,draft_mt,Coach/Assistant dialogue — prioritize natural spoken tone
Shorten points — let the opponent make mistakes.,,缩短回合——诱使对手犯错。,draft_mt,Coach/Assistant dialogue — prioritize natural spoken tone
Shorter rounds than usual — heat stacks fast on a depleted day.,,回合数较往常缩短——在体力耗尽的日子里，热量堆积速度会加快。,draft_mt,Coach/Assistant dialogue — prioritize natural spoken tone
Shorter sleep may be one contributor; we’re not claiming it caused how you feel.,,睡眠时间缩短可能是其中一个因素；但我们并非认为这直接导致了您的感受。,draft_mt,Coach/Assistant dialogue — prioritize natural spoken tone
Show what I have left,,显示我剩余的内容,draft_mt,Coach/Assistant dialogue — prioritize natural spoken tone
"Shower, eat lightly, then unplug.",,淋浴后，清淡饮食，然后拔掉电源插头。,draft_mt,Coach/Assistant dialogue — prioritize natural spoken tone
Similar signals in your data,,您的数据中出现了类似信号,draft_mt,Coach/Assistant dialogue — prioritize natural spoken tone
Sip early — don't wait for thirst to catch up.,,尽早饮水——别等到口渴才行动。,draft_mt,Coach/Assistant dialogue — prioritize natural spoken tone
Sip gradually instead of catching up at once,,循序渐进，而非一蹴而就,draft_mt,Coach/Assistant dialogue — prioritize natural spoken tone
"Sip if thirsty, then wind down.",,若感到口渴，则休息。,draft_mt,Coach/Assistant dialogue — prioritize natural spoken tone
"Sip some water if thirsty, then rest.",,口渴时喝点水，然后休息。,draft_mt,Coach/Assistant dialogue — prioritize natural spoken tone
Sit or lie still — let nervous system downshift.,,静坐或静卧——让神经系统进入“降速”状态。,draft_mt,Coach/Assistant dialogue — prioritize natural spoken tone
Skip,,跳过,draft_mt,Coach/Assistant dialogue — prioritize natural spoken tone
Sleep and recovery can still tell a useful story when available.,,只要条件允许，睡眠与恢复情况仍可提供有价值的信息。,draft_mt,Coach/Assistant dialogue — prioritize natural spoken tone
Sleep baseline from \(evidence.sleepSampleCount) nights,,基于\(evidence.sleepSampleCount)晚次的睡眠基线数据,draft_mt,Coach/Assistant dialogue — prioritize natural spoken tone
Sleep baseline needs \(CoachFeelingEvidenceRules.minimumSleepBaselineSamples)+ nights (have \(evidence.sleepSampleCount)).,,睡眠基线需求为\(CoachFeelingEvidenceRules.minimumSleepBaselineSamples)+ 个夜晚（具备\(evidence.sleepSampleCount)）。,draft_mt,Coach/Assistant dialogue — prioritize natural spoken tone
"Sleep coverage is thin (\(sleepCoverage.observedDays) of \(sleepCoverage.totalDays) nights), so keep conclusions light.",,睡眠覆盖度较低（\(sleepCoverage.observedDays)或\(sleepCoverage.totalDays)个夜晚），因此结论应谨慎表述。,draft_mt,Coach/Assistant dialogue — prioritize natural spoken tone
Sleep duration varied by about \(consistencyMinutes) minutes.,,睡眠时长差异约为\(consistencyMinutes)分钟。,draft_mt,Coach/Assistant dialogue — prioritize natural spoken tone
Sleep duration varied substantially across recorded nights.,,在记录的各夜中，睡眠时长存在显著差异。,draft_mt,Coach/Assistant dialogue — prioritize natural spoken tone
Sleep is the clearest recovery signal right now.,,睡眠是目前最明确的恢复信号。,draft_mt,Coach/Assistant dialogue — prioritize natural spoken tone
Sleep now — nothing else matters tonight.,,现在睡觉——今晚其他一切都无关紧要。,draft_mt,Coach/Assistant dialogue — prioritize natural spoken tone
Sleep now — tomorrow starts fresh.,,好好睡觉——明天将从新开始。,draft_mt,Coach/Assistant dialogue — prioritize natural spoken tone
Sleep source day: \(dayKey),,睡眠来源日：\(dayKey),draft_mt,Coach/Assistant dialogue — prioritize natural spoken tone
"Sleep was not bad, but the body still needs recovery. Extra load now is likely to bring less benefit.",,睡眠状况尚可，但身体仍需要恢复期。此时增加额外负荷，可能收效甚微。,draft_mt,Coach/Assistant dialogue — prioritize natural spoken tone
"Sleep was recorded on only \(sleepCoverage.observedDays) of \(sleepCoverage.totalDays) nights, so averages stay provisional.",,仅在\(sleepCoverage.totalDays)个夜晚中的\(sleepCoverage.observedDays)个夜晚记录了睡眠数据，因此平均值仍为暂定值。,draft_mt,Coach/Assistant dialogue — prioritize natural spoken tone
Sleep was short — ease into what's next.,,睡眠时间较短——请从容进入下一阶段。,draft_mt,Coach/Assistant dialogue — prioritize natural spoken tone
Sleep was short — keep today easy.,,睡眠不足——今天请保持轻松。,draft_mt,Coach/Assistant dialogue — prioritize natural spoken tone
Sleep was short — start easier than usual.,,睡眠时间较短——入睡比平时更容易。,draft_mt,Coach/Assistant dialogue — prioritize natural spoken tone
"Sleep was short, so keeping this session easy is the right call.",,睡眠时间较短，因此将本次环节控制在简单程度上是正确的选择。,draft_mt,Coach/Assistant dialogue — prioritize natural spoken tone
"Sleep wasn't recorded today, so I'm basing guidance on your plan and activity—not recovery metrics.",,今天未记录睡眠情况，因此我的指导将基于您的计划与活动——而非恢复指标。,draft_mt,Coach/Assistant dialogue — prioritize natural spoken tone
Sleepiness,,嗜睡,draft_mt,Coach/Assistant dialogue — prioritize natural spoken tone
Slow down until breathing is easy again.,,逐渐放慢速度，直到呼吸重新变得顺畅。,draft_mt,Coach/Assistant dialogue — prioritize natural spoken tone
Slow pace before bed.,,睡前放慢节奏。,draft_mt,Coach/Assistant dialogue — prioritize natural spoken tone
"Slow pace, soft light — nothing to chase.",,节奏舒缓，光线柔和——无需追赶。,draft_mt,Coach/Assistant dialogue — prioritize natural spoken tone
Slow the breath until it feels calm again.,,缓缓呼吸，直到感觉重新平静下来。,draft_mt,Coach/Assistant dialogue — prioritize natural spoken tone
Small session logged,,已记录短会话,draft_mt,Coach/Assistant dialogue — prioritize natural spoken tone
Small steps today beat stacking load later.,,今日小步先行，胜于日后堆叠重负。,draft_mt,Coach/Assistant dialogue — prioritize natural spoken tone
"Small, steady moves beat stacking load later.",,小而稳健的举措，胜过事后堆积负担。,draft_mt,Coach/Assistant dialogue — prioritize natural spoken tone
Snacks early and often — don't wait until empty.,,早吃、多吃——别等到肚子空了才吃。,draft_mt,Coach/Assistant dialogue — prioritize natural spoken tone
So far you’ve logged \(calLogged) kcal and \(proLogged) g protein.,,截至目前，您已记录\(calLogged)kcal 热量及\(proLogged)g 蛋白质。,draft_mt,Coach/Assistant dialogue — prioritize natural spoken tone
"So far: \(calLogged) of \(calGoal) kcal, and \(proLogged) of \(proGoal) g protein.",,截至目前：\(calLogged)为\(calGoal)kcal，\(proLogged)为\(proGoal)g 蛋白。,draft_mt,Coach/Assistant dialogue — prioritize natural spoken tone
"So far: \(calLogged) of \(calGoal) kcal, and \(proLogged) of \(proGoal) g protein. Still about \(calLeft) kcal and \(proLeft) g protein left today.",,截至目前：\(calLogged)为\(calGoal)kcal，\(proLogged)为\(proGoal)g 蛋白。今日仍剩余约\(calLeft)kcal 及\(proLeft)g 蛋白。,draft_mt,Coach/Assistant dialogue — prioritize natural spoken tone
Soft from minute one — no pressure.,,从第一刻起就柔软——毫无压力。,draft_mt,Coach/Assistant dialogue — prioritize natural spoken tone
Soften the pose until breathing feels easy again.,,逐渐放松体位，直到呼吸再次变得顺畅。,draft_mt,Coach/Assistant dialogue — prioritize natural spoken tone
Sore muscles,,肌肉酸痛,draft_mt,Coach/Assistant dialogue — prioritize natural spoken tone
Spend today calmly so tomorrow's session still has room to breathe.,,今天平静度过，让明天的交易时段仍有喘息之机。,draft_mt,Coach/Assistant dialogue — prioritize natural spoken tone
Spread training across more days,,将培训时间分散到更多天数内进行,draft_mt,Coach/Assistant dialogue — prioritize natural spoken tone
Squash is close — recovery isn't fully back yet.,,squash 已接近恢复——但恢复尚未完全完成。,draft_mt,Coach/Assistant dialogue — prioritize natural spoken tone
Squash is close — sharp feet beat rushed swings.,,壁球已近在咫尺——敏捷的脚步胜过仓促的挥拍。,draft_mt,Coach/Assistant dialogue — prioritize natural spoken tone
Squash places high demands on movement and recovery. Today's ceiling is lower than normal.,,壁球运动对身体活动与恢复提出了较高要求。如今，运动极限已较以往有所降低。,draft_mt,Coach/Assistant dialogue — prioritize natural spoken tone
Stacked day — stopping now protects tomorrow.,,叠层日——此刻止步，方能守护明日。,draft_mt,Coach/Assistant dialogue — prioritize natural spoken tone
Start a new conversation,,开启新对话,draft_mt,Coach/Assistant dialogue — prioritize natural spoken tone
"Start calmly, keep form clean, and finish with reserve.",,冷静开局，保持技术动作干净利落，最后以稳健收束收尾。,draft_mt,Coach/Assistant dialogue — prioritize natural spoken tone
Start easier than planned and reassess after warming up.,,起步比原计划更轻松，并在热身后重新评估。,draft_mt,Coach/Assistant dialogue — prioritize natural spoken tone
Start easier than the first climb invites.,,起步难度低于首次攀登挑战。,draft_mt,Coach/Assistant dialogue — prioritize natural spoken tone
Start easy — find a steady stroke before any speed work.,,从简单开始——在进行速度训练之前，先找到稳定的划水节奏。,draft_mt,Coach/Assistant dialogue — prioritize natural spoken tone
Start easy — let breathing and rhythm find their place.,,从简单处开始——让呼吸与节奏自然进入状态。,draft_mt,Coach/Assistant dialogue — prioritize natural spoken tone
Start easy — let cadence and breathing find their place.,,从简单处开始——让步频与呼吸自然进入状态。,draft_mt,Coach/Assistant dialogue — prioritize natural spoken tone
Start easy — warm up before the hard work.,,从简单开始——在正式投入之前先进行热身。,draft_mt,Coach/Assistant dialogue — prioritize natural spoken tone
"Start easy, check feet early, and leave something in the tank.",,起步要轻松，尽早检查脚部状况，并在水箱中留些水。,draft_mt,Coach/Assistant dialogue — prioritize natural spoken tone
Start even more conservatively — fatigue means packing and pacing matter more.,,采取更为保守的策略——在疲劳状态下，携带装备与节奏把控尤为重要。,draft_mt,Coach/Assistant dialogue — prioritize natural spoken tone
Start lighter than planned and leave room to finish strong.,,起步比原计划更轻，为最终强势收尾留出空间。,draft_mt,Coach/Assistant dialogue — prioritize natural spoken tone
Start lighter than the plan says.,,启动时的负载应低于计划值。,draft_mt,Coach/Assistant dialogue — prioritize natural spoken tone
"Start lighter, shorten if needed, and leave room to feel better at the end.",,从轻度开始，必要时缩短时长，并在结束时留出时间以恢复舒适感。,draft_mt,Coach/Assistant dialogue — prioritize natural spoken tone
Start slower than the calendar suggests — feel first.,,起步速度要比日历上显示的慢一些——先感受感觉。,draft_mt,Coach/Assistant dialogue — prioritize natural spoken tone
Start steadier than yesterday's peak effort.,,比昨日的全力冲刺更稳健地开始。,draft_mt,Coach/Assistant dialogue — prioritize natural spoken tone
Start steady — leave room to feel better by midday.,,循序渐进地开始——为中午时分感觉好转留出空间。,draft_mt,Coach/Assistant dialogue — prioritize natural spoken tone
Start with an easy neck or hip opener — no forcing.,,从简单的颈部或髋部拉伸动作开始——切勿强行拉伸。,draft_mt,Coach/Assistant dialogue — prioritize natural spoken tone
Stay below \(cap) and walk at a comfortable pace.,,保持在\(cap)以下，并以舒适的步速行走。,draft_mt,Coach/Assistant dialogue — prioritize natural spoken tone
Stay conversational,,保持对话氛围,draft_mt,Coach/Assistant dialogue — prioritize natural spoken tone
Stay easy until the planned time is done.,,在预定时间结束前，保持轻松状态。,draft_mt,Coach/Assistant dialogue — prioritize natural spoken tone
Stay easy — nothing to prove here.,,放轻松——这里无需证明什么。,draft_mt,Coach/Assistant dialogue — prioritize natural spoken tone
Stay in control of the heat.,,有效控制热量。,draft_mt,Coach/Assistant dialogue — prioritize natural spoken tone
Stay quiet a few more minutes.,,再安静几分钟。,draft_mt,Coach/Assistant dialogue — prioritize natural spoken tone
Stay soft in the poses.,,保持体式时的柔软。,draft_mt,Coach/Assistant dialogue — prioritize natural spoken tone
Stay soft through each pose — nothing to prove.,,在每个体式中保持柔软——无需证明什么。,draft_mt,Coach/Assistant dialogue — prioritize natural spoken tone
Stay soft until the planned time is done.,,在预定时间结束前保持柔软。,draft_mt,Coach/Assistant dialogue — prioritize natural spoken tone
Stay soft — nothing to push.,,保持柔软——无需施压。,draft_mt,Coach/Assistant dialogue — prioritize natural spoken tone
Stay with the breath for another \(minutesPhrase(remaining)) minutes.,,继续保持呼吸，再持续\(minutesPhrase(remaining)) 分钟。,draft_mt,Coach/Assistant dialogue — prioritize natural spoken tone
Stay with the breath until the planned time is done.,,保持呼吸，直至预定时间结束。,draft_mt,Coach/Assistant dialogue — prioritize natural spoken tone
Stay with the plan and keep the basics steady.,,坚持既定计划，牢牢把握基本原则。,draft_mt,Coach/Assistant dialogue — prioritize natural spoken tone
Staying with your existing plan is a reasonable default when you feel okay.,,如果您感觉状态良好，继续采用现有方案不失为一个合理的默认选择。,draft_mt,Coach/Assistant dialogue — prioritize natural spoken tone
Steady day,,稳定日,draft_mt,Coach/Assistant dialogue — prioritize natural spoken tone
Steady footing and early fluids beat hero pace.,,稳健的步伐与及时的补给，胜过英雄般的速度。,draft_mt,Coach/Assistant dialogue — prioritize natural spoken tone
"Steady pace, early fuel, and leave margin for the way back.",,保持匀速前进，提前补充燃料，并为返程留出余地。,draft_mt,Coach/Assistant dialogue — prioritize natural spoken tone
Steady sleep duration,,稳定的睡眠时长,draft_mt,Coach/Assistant dialogue — prioritize natural spoken tone
Step out at the first sign of lightheadedness.,,一旦出现头晕迹象，请立即离开。,draft_mt,Coach/Assistant dialogue — prioritize natural spoken tone
Still in HIIT on a stacked day — keep intervals honest.,,仍在 HIIT 训练日——保持间歇训练的严格性。,draft_mt,Coach/Assistant dialogue — prioritize natural spoken tone
Still pedaling after a full day — you're in the thick of it.,,一整天后仍在继续骑行——你正处于最激烈的节奏之中。,draft_mt,Coach/Assistant dialogue — prioritize natural spoken tone
Still running on a stacked day — legs are doing real work.,,今天依然状态火热——双腿正全力以赴地发力。,draft_mt,Coach/Assistant dialogue — prioritize natural spoken tone
Still swimming after a full day — steady strokes count.,,一整天后仍在游泳——稳定的划水节奏至关重要。,draft_mt,Coach/Assistant dialogue — prioritize natural spoken tone
"Strength block is next — prime the body, not the ego.",,接下来是力量训练——聚焦身体，而非自我。,draft_mt,Coach/Assistant dialogue — prioritize natural spoken tone
Strength is next — recovery isn't fully back yet.,,接下来是力量恢复——恢复尚未完全到位。,draft_mt,Coach/Assistant dialogue — prioritize natural spoken tone
"Strength is next — the body isn't topped up, so ease in.",,接下来是力量训练——身体尚未补充能量，因此请放慢节奏。,draft_mt,Coach/Assistant dialogue — prioritize natural spoken tone
Strength next,,下一步：力量训练,draft_mt,Coach/Assistant dialogue — prioritize natural spoken tone
Strength work is banked — muscles need quiet now.,,力量训练已暂停——肌肉现在需要静养。,draft_mt,Coach/Assistant dialogue — prioritize natural spoken tone
Strength work is banked — repair starts now.,,强度修复工作已暂停——修复工作现已启动。,draft_mt,Coach/Assistant dialogue — prioritize natural spoken tone
Strength work is live — reps and sets are under load.,,力量训练处于实战状态——每组次数与组数均在负重下进行。,draft_mt,Coach/Assistant dialogue — prioritize natural spoken tone
Stretch ahead,,继续前行,draft_mt,Coach/Assistant dialogue — prioritize natural spoken tone
Stretch block is next — ease in from the first minute.,,接下来是拉伸块——从第一分钟起逐渐放松。,draft_mt,Coach/Assistant dialogue — prioritize natural spoken tone
Stretch block wrapped — stay soft a few minutes.,,将拉伸块包裹好——静置数分钟以保持柔软。,draft_mt,Coach/Assistant dialogue — prioritize natural spoken tone
Stretch calves and hips for ten minutes.,,拉伸小腿与臀部，持续十分钟。,draft_mt,Coach/Assistant dialogue — prioritize natural spoken tone
Stretch day is closing — protect the calm tonight.,,拉伸日即将结束——今晚请守护内心的平静。,draft_mt,Coach/Assistant dialogue — prioritize natural spoken tone
Stretch is live — ease into each hold without forcing.,,拉伸练习已开启——无需勉强，循序渐进地进入每个固定姿势。,draft_mt,Coach/Assistant dialogue — prioritize natural spoken tone
"Stretch or walk briefly, then eat when hungry.",,先拉伸或短暂散步，然后在饥饿时进食。,draft_mt,Coach/Assistant dialogue — prioritize natural spoken tone
"Stretch or walk briefly, then refuel if needed.",,拉伸或短暂散步，如有需要，请补充能量。,draft_mt,Coach/Assistant dialogue — prioritize natural spoken tone
Stretch session is live — ease into each hold.,,拉伸练习已开启——循序渐进地进入每个保持动作。,draft_mt,Coach/Assistant dialogue — prioritize natural spoken tone
Stretch what you trained for ten minutes.,,将您训练过的部位拉伸十分钟。,draft_mt,Coach/Assistant dialogue — prioritize natural spoken tone
Stretching is done — keep the softness.,,完成拉伸动作——保持柔软度。,draft_mt,Coach/Assistant dialogue — prioritize natural spoken tone
Suggested focus: \(title.english),,建议关注点：\(title.english),draft_mt,Coach/Assistant dialogue — prioritize natural spoken tone
Support readiness,,支持就绪状态,draft_mt,Coach/Assistant dialogue — prioritize natural spoken tone
Swim done,,游泳结束,draft_mt,Coach/Assistant dialogue — prioritize natural spoken tone
Swim is ahead — recovery isn't fully back yet.,,游泳运动已领先——但复苏尚未完全恢复。,draft_mt,Coach/Assistant dialogue — prioritize natural spoken tone
"Swim is ahead — the body isn't topped up, so ease in.",,游泳阶段已过半——身体尚未充血，可稍作放松。,draft_mt,Coach/Assistant dialogue — prioritize natural spoken tone
Swim is banked — recovery is the job now.,,游泳已不再是首要任务——现在的重点是康复。,draft_mt,Coach/Assistant dialogue — prioritize natural spoken tone
Swim is coming — settle into a steady stroke early.,,游泳训练即将开始——尽早养成稳定的泳姿。,draft_mt,Coach/Assistant dialogue — prioritize natural spoken tone
Swim is done — shoulders are still warm from the water.,,游泳结束了——肩膀仍因浸水而温热。,draft_mt,Coach/Assistant dialogue — prioritize natural spoken tone
Switch to recovery mode now; sleep will do more than another effort.,,立即切换至恢复模式；进入睡眠状态比再次尝试更为有效。,draft_mt,Coach/Assistant dialogue — prioritize natural spoken tone
TOMORROW,,明天,draft_mt,Coach/Assistant dialogue — prioritize natural spoken tone
Take a 10-minute walk or stretch before the day fills in.,,在白天到来之前，先散散步或做做拉伸运动，花上10分钟时间。,draft_mt,Coach/Assistant dialogue — prioritize natural spoken tone
"Take a 10-minute walk or stretch, then pick today's first block.",,先步行或拉伸10分钟，然后选择今天的第一街区。,draft_mt,Coach/Assistant dialogue — prioritize natural spoken tone
Take five quiet minutes before your next block.,,在开始下一个工作时段前，先静置五分钟。,draft_mt,Coach/Assistant dialogue — prioritize natural spoken tone
Take the full rest — then the next set with clean form.,,先完全休息，然后以正确的姿势进行下一组训练。,draft_mt,Coach/Assistant dialogue — prioritize natural spoken tone
"Take twenty quiet minutes — walk, stretch, or lie down.",,花上二十分钟静下来——散步、拉伸或躺下。,draft_mt,Coach/Assistant dialogue — prioritize natural spoken tone
Tempo Run,,计时跑,draft_mt,Coach/Assistant dialogue — prioritize natural spoken tone
Ten easy minutes on court — let body and pulse land.,,在球场上简单活动十分钟——让身体和脉搏自然恢复。,draft_mt,Coach/Assistant dialogue — prioritize natural spoken tone
"Ten easy minutes, then refuel and rehydrate.",,只需十分钟，然后补充能量并补充水分。,draft_mt,Coach/Assistant dialogue — prioritize natural spoken tone
Ten minutes easy — slow enough to talk.,,十分钟轻松完成——速度足够慢，足以让人交谈。,draft_mt,Coach/Assistant dialogue — prioritize natural spoken tone
"Ten minutes mobility, then your opening sets.",,先进行十分钟热身活动，接着进行开练环节。,draft_mt,Coach/Assistant dialogue — prioritize natural spoken tone
"Ten quiet minutes, then pick one priority.",,静默十分钟，然后选定一项优先事项。,draft_mt,Coach/Assistant dialogue — prioritize natural spoken tone
Thanks — noted for your timeline.,,谢谢——已记录您的时间线。,draft_mt,Coach/Assistant dialogue — prioritize natural spoken tone
The current workout is already creating enough load.,,目前的训练强度已经足以产生足够的负荷。,draft_mt,Coach/Assistant dialogue — prioritize natural spoken tone
The current workout is already creating enough load. The useful move now is keeping quality until the finish.,,当前的训练强度已足以产生足够的负荷。现阶段的关键在于直至训练结束，始终保持动作质量。,draft_mt,Coach/Assistant dialogue — prioritize natural spoken tone
The day does not need a correction right now. A steady rhythm is more useful than adding another task.,,此刻并不需要进行调整。保持稳定的节奏，比增加一项新任务更为有益。,draft_mt,Coach/Assistant dialogue — prioritize natural spoken tone
The day is open enough to stay simple.,,这一天足够简单，无需复杂。,draft_mt,Coach/Assistant dialogue — prioritize natural spoken tone
The day starts here — follow the plan at your pace.,,新的一天从这里开始——按照自己的节奏，遵循计划前行。,draft_mt,Coach/Assistant dialogue — prioritize natural spoken tone
The main signals do not ask for a correction right now.,,主要信号目前并未要求修正。,draft_mt,Coach/Assistant dialogue — prioritize natural spoken tone
The most useful move now is letting the day come down.,,眼下最明智的做法，就是让这一天过去。,draft_mt,Coach/Assistant dialogue — prioritize natural spoken tone
The next workout will go better if you arrive settled instead of spending energy too early.,,如果你提前调整好状态再开始训练，而不是过早消耗体力，接下来的训练效果会更好。,draft_mt,Coach/Assistant dialogue — prioritize natural spoken tone
The rallies are hot — use the next changeover to settle.,,市场情绪高涨——趁下一轮行情波动时果断平仓。,draft_mt,Coach/Assistant dialogue — prioritize natural spoken tone
"The run is already live. Keep effort easy, avoid adding intensity, and finish with reserve.",,本次跑步训练已正式开始。请保持轻松节奏，避免增加强度，并以储备力收尾。,draft_mt,Coach/Assistant dialogue — prioritize natural spoken tone
"The run is already live. Recovery is shaping the effort ceiling, so easy pacing and reserve matter most now.",,本次跑步活动已正式开启。体能恢复正在决定本次活动的强度上限，因此现阶段保持轻松配速并保留体能储备至关重要。,draft_mt,Coach/Assistant dialogue — prioritize natural spoken tone
The training signal is already in. Recovery now matters more than adding load.,,训练信号已到位，此时恢复的重要性已超越增加负荷。,draft_mt,Coach/Assistant dialogue — prioritize natural spoken tone
The useful move now is making the evening quieter so sleep can do its job.,,现在最好的做法是让夜晚变得更安静，好让睡眠能尽到它的作用。,draft_mt,Coach/Assistant dialogue — prioritize natural spoken tone
The walk has already helped the body ease out of load.,,步行已有助于身体逐步卸除负荷。,draft_mt,Coach/Assistant dialogue — prioritize natural spoken tone
The walk is already in — the day can settle calmly.,,散步已然开始——这一天终于可以平静地结束了。,draft_mt,Coach/Assistant dialogue — prioritize natural spoken tone
The walks already helped things settle.,,散步已经有助于让情况趋于稳定。,draft_mt,Coach/Assistant dialogue — prioritize natural spoken tone
The walks helped things settle — keep the evening calm.,,散步有助于让心境平静下来——让夜晚保持宁静。,draft_mt,Coach/Assistant dialogue — prioritize natural spoken tone
The work is banked — now close the day calmly.,,工作已告一段落——现在，平静地结束这一天吧。,draft_mt,Coach/Assistant dialogue — prioritize natural spoken tone
The work is done — sleep is the only job left.,,工作已经做完——睡眠成了唯一剩下的“工作”。,draft_mt,Coach/Assistant dialogue — prioritize natural spoken tone
"The workout is already live. Movement quality, technique, and reserve matter more than max effort now.",,本次训练已正式开启。现阶段，动作质量、技术执行及体能储备比最大努力更为重要。,draft_mt,Coach/Assistant dialogue — prioritize natural spoken tone
There isn’t enough consistent evidence for a weekly focus yet.,,目前尚无足够的一致性证据支持每周一次的聚焦做法。,draft_mt,Coach/Assistant dialogue — prioritize natural spoken tone
There isn’t enough planned vs completed activity in the last 7 days to talk about consistency yet.,,过去 7 天内，计划中的活动与已完成活动的数量尚不足以支撑对一致性的讨论。,draft_mt,Coach/Assistant dialogue — prioritize natural spoken tone
There isn’t enough recent data to compare yet.,,目前尚无足够的最新数据进行比较。,draft_mt,Coach/Assistant dialogue — prioritize natural spoken tone
"There isn’t enough recent sleep, HRV, or resting heart rate data to describe recovery yet.",,目前尚无足够的近期睡眠、 HRV 或静息心率数据来描述恢复情况。,draft_mt,Coach/Assistant dialogue — prioritize natural spoken tone
There isn’t enough sleep or HRV across the last 7 days to summarize yet.,,过去7天内，睡眠或 HRV 时长均不足以做出总结。,draft_mt,Coach/Assistant dialogue — prioritize natural spoken tone
There isn’t enough sleep or HRV logged across the last 7 days to summarize yet.,,过去7天内，睡眠时长或 HRV 记录均不足，尚无法进行总结。,draft_mt,Coach/Assistant dialogue — prioritize natural spoken tone
"There’s no nutrition log available yet for today. You can add meals anytime, or open Meal Builder when you’re ready.",,今日暂无营养记录可用。您可随时添加餐食，或在准备就绪时打开「餐食创建器」。,draft_mt,Coach/Assistant dialogue — prioritize natural spoken tone
These are logged sessions only — not a judgement of training load.,,此处仅记录已登录的会话——并非对训练负荷的评估。,draft_mt,Coach/Assistant dialogue — prioritize natural spoken tone
This breath work is getting forced — slow it until it feels calm again.,,这次呼吸练习变得过于用力——请放慢节奏，直到感觉重新平静下来。,draft_mt,Coach/Assistant dialogue — prioritize natural spoken tone
This doesn’t change your Plan or today’s Coach recommendation.,,这不会改变您的计划或今日教练的建议。,draft_mt,Coach/Assistant dialogue — prioritize natural spoken tone
This doesn’t judge whether intake was adequate overall.,,这并不对整体摄入量是否充足做出评判。,draft_mt,Coach/Assistant dialogue — prioritize natural spoken tone
This hike is running hotter than it needs to — today it still counts as recovery.,,这场徒步活动的热度已超出必要范围——尽管今天它仍被视作复苏阶段。,draft_mt,Coach/Assistant dialogue — prioritize natural spoken tone
This stretch is getting forced — ease out until it feels calm again.,,这个拉伸动作正在变得过于用力——请逐渐放松，直到感觉重新平静下来。,draft_mt,Coach/Assistant dialogue — prioritize natural spoken tone
This walk is running hotter than it needs to — today it still counts as recovery.,,这次步行活动的热度已超出必要范围——尽管今天它仍被视作恢复性活动。,draft_mt,Coach/Assistant dialogue — prioritize natural spoken tone
This yoga is getting forced — soften until it feels calm again.,,这个瑜伽动作正在被强行执行——先放松，直到感觉重新变得平静。,draft_mt,Coach/Assistant dialogue — prioritize natural spoken tone
Time for sleep,,该睡觉了,draft_mt,Coach/Assistant dialogue — prioritize natural spoken tone
Today already has enough work in it — tomorrow needs fresh legs.,,今日已任重道远——明日更需注入新的活力。,draft_mt,Coach/Assistant dialogue — prioritize natural spoken tone
Today is better for recovery,,今天对康复更有利。,draft_mt,Coach/Assistant dialogue — prioritize natural spoken tone
Today is for recovery — keep the morning easy.,,今天是恢复之日——让清晨时光轻松惬意。,draft_mt,Coach/Assistant dialogue — prioritize natural spoken tone
"Today's load is already banked, and tomorrow has a long 3.5-hour ride planned.",,今天的行程已经安排妥当，而明天的行程则计划进行一场长达 3.5 小时的长途骑行。,draft_mt,Coach/Assistant dialogue — prioritize natural spoken tone
Today's ride should stay below your normal ceiling.,,今天的骑行强度应控制在您平时的上限以下。,draft_mt,Coach/Assistant dialogue — prioritize natural spoken tone
Today's session should prioritize quality over load.,,本次会议应优先考虑质量而非工作量。,draft_mt,Coach/Assistant dialogue — prioritize natural spoken tone
Today’s plan is ready,,今天的计划已准备就绪。,draft_mt,Coach/Assistant dialogue — prioritize natural spoken tone
Today’s plan is ready.,,今天的计划已准备就绪。,draft_mt,Coach/Assistant dialogue — prioritize natural spoken tone
Tomorrow already has real work on the calendar.,,明天日程表上已经安排了实际工作。,draft_mt,Coach/Assistant dialogue — prioritize natural spoken tone
Tomorrow already has real work — keep today calm.,,明天已经有了实实在在的工作——今天请保持平静。,draft_mt,Coach/Assistant dialogue — prioritize natural spoken tone
Tomorrow brings your biggest effort — today is about arriving ready.,,明天将是你付出最大努力之日——而今天，则是要做好充分准备。,draft_mt,Coach/Assistant dialogue — prioritize natural spoken tone
Tomorrow carries real demand. Saving energy today protects the next training day.,,明天将面临切实的需求。今天节约能源，便是为下一个训练日保驾护航。,draft_mt,Coach/Assistant dialogue — prioritize natural spoken tone
Tomorrow has enough demand that adding load today would make it harder.,,明天的需求已足够大，若今天增加负载，反而会使情况更加困难。,draft_mt,Coach/Assistant dialogue — prioritize natural spoken tone
Tomorrow has real work on the calendar.,,明天日程表上有实际工作。,draft_mt,Coach/Assistant dialogue — prioritize natural spoken tone
Tomorrow needs fresh legs — sleep first.,,明天需要新的活力——先睡一觉。,draft_mt,Coach/Assistant dialogue — prioritize natural spoken tone
Tomorrow needs fresh legs — sleep gives more than another block.,,明天需要新的活力——睡眠带来的益处远不止多睡一个街区那么简单。,draft_mt,Coach/Assistant dialogue — prioritize natural spoken tone
Tomorrow needs fresh legs — sleep now.,,明天需要新的活力——现在好好休息。,draft_mt,Coach/Assistant dialogue — prioritize natural spoken tone
Tomorrow still needs fresh legs.,,明天仍需重新发力。,draft_mt,Coach/Assistant dialogue — prioritize natural spoken tone
Tomorrow's start depends on tonight,,明天的开端取决于今晚。,draft_mt,Coach/Assistant dialogue — prioritize natural spoken tone
Training is banked — energy is softer than usual.,,训练量已蓄积——体能较往常更为疲软。,draft_mt,Coach/Assistant dialogue — prioritize natural spoken tone
Training is banked — recovery is the job now.,,训练已暂告一段落——现在的首要任务是恢复。,draft_mt,Coach/Assistant dialogue — prioritize natural spoken tone
"Training is done — the body is asking for margin, not more load.",,训练已完成——身体此时需要的是安全余量，而非增加负荷。,draft_mt,Coach/Assistant dialogue — prioritize natural spoken tone
Training is on the plan — recovery is lagging.,,训练按计划进行——但恢复进度滞后。,draft_mt,Coach/Assistant dialogue — prioritize natural spoken tone
Training is on the plan — start from how you feel now.,,训练计划已在制定中——从您当下的感受出发。,draft_mt,Coach/Assistant dialogue — prioritize natural spoken tone
Treat recovery as the plan for the rest of today.,,将康复视为今天剩余时间的应对方案。,draft_mt,Coach/Assistant dialogue — prioritize natural spoken tone
Treat small tasks as enough — recovery is part of the plan.,,将小任务视为已完成——恢复本就是计划的一部分。,draft_mt,Coach/Assistant dialogue — prioritize natural spoken tone
Treat the first 20 minutes as a systems check — start easier than usual.,,将最初的 20 分钟视为系统检查阶段——以比平时更简单的方式启动。,draft_mt,Coach/Assistant dialogue — prioritize natural spoken tone
"Treat today as recovery first, training second.",,今天请将恢复置于首位，训练次之。,draft_mt,Coach/Assistant dialogue — prioritize natural spoken tone
Treating this as mainly last night — I’ll stick to today’s recovery signals.,,我将此情况主要视为昨晚的情况——接下来我将仅关注今日的反弹信号。,draft_mt,Coach/Assistant dialogue — prioritize natural spoken tone
Trust the feeling even when numbers are unclear. A short break or easier movement is enough for today.,,即使数据尚不明确，也请相信身体的直觉。今天只需短暂休息或进行一些轻松的活动即可。,draft_mt,Coach/Assistant dialogue — prioritize natural spoken tone
Try \(titleEnglish) (\(portionEnglish)) — about \(proteinGrams) g protein and \(calories) kcal. This isn’t logged yet.,,尝试\(titleEnglish)(\(portionEnglish)) —— 关于\(proteinGrams)g 蛋白及\(calories)kcal。此数据尚未记录。,draft_mt,Coach/Assistant dialogue — prioritize natural spoken tone
Twenty easy minutes — no pushing and no target.,,只需二十分钟——无需刻意推动，也无需设定目标。,draft_mt,Coach/Assistant dialogue — prioritize natural spoken tone
"Twenty easy minutes — phone optional, pace low.",,仅需二十分钟——无需手机，节奏舒缓。,draft_mt,Coach/Assistant dialogue — prioritize natural spoken tone
Under load,,负载状态下,draft_mt,Coach/Assistant dialogue — prioritize natural spoken tone
Understood. Recovery or today’s plan — what should we look at?,,明白。关于恢复计划或今日计划——我们应当关注哪些方面？,draft_mt,Coach/Assistant dialogue — prioritize natural spoken tone
Upper body is live — control the weight on every rep.,,上肢保持发力状态——确保每次重复动作中体重控制得当。,draft_mt,Coach/Assistant dialogue — prioritize natural spoken tone
Upper body is next — shoulders and grip before weight.,,接下来是上肢训练——先练肩部和握力，再练负重训练。,draft_mt,Coach/Assistant dialogue — prioritize natural spoken tone
"Use changeovers — towel off, one deep breath.",,进行转换时——脱去毛巾，深吸一口气。,draft_mt,Coach/Assistant dialogue — prioritize natural spoken tone
"Use the morning for fuel, hydration, and an easy warmup walk.",,将早晨时间用于补充能量、补充水分，以及进行轻松的热身步行。,draft_mt,Coach/Assistant dialogue — prioritize natural spoken tone
Use the next changeover to reset breathing.,,利用下一次切换操作重置呼吸。,draft_mt,Coach/Assistant dialogue — prioritize natural spoken tone
Use the next recovery interval until breathing settles.,,使用下一个恢复间隔，直至呼吸恢复平稳。,draft_mt,Coach/Assistant dialogue — prioritize natural spoken tone
"Use the walk to recover — easy steps, not more load.",,通过步行恢复体力——简单步骤，无需增加负担。,draft_mt,Coach/Assistant dialogue — prioritize natural spoken tone
Use today's recovery for calm movement or rest — intensity can wait.,,今日恢复训练可用于温和活动或休息——强度则可稍后安排。,draft_mt,Coach/Assistant dialogue — prioritize natural spoken tone
Vegetarian,,素食者,draft_mt,Coach/Assistant dialogue — prioritize natural spoken tone
WORKOUT,,健身训练,draft_mt,Coach/Assistant dialogue — prioritize natural spoken tone
"Walk 15 minutes, then stretch before anything demanding.",,先步行15分钟，然后在进行高强度活动前进行拉伸。,draft_mt,Coach/Assistant dialogue — prioritize natural spoken tone
"Walk 15 minutes, then stretch before planning anything hard.",,先散步15分钟，然后再进行拉伸，之后再进行高强度活动。,draft_mt,Coach/Assistant dialogue — prioritize natural spoken tone
Walk at a comfortable pace — easy enough to talk.,,以舒适的步速行走——速度要适中，方便交谈。,draft_mt,Coach/Assistant dialogue — prioritize natural spoken tone
"Walk day — treat it as real movement, not filler.",,步行日——将其视为真正的运动，而非简单的填充活动。,draft_mt,Coach/Assistant dialogue — prioritize natural spoken tone
Walk five minutes before you stop moving.,,在停止活动前步行五分钟。,draft_mt,Coach/Assistant dialogue — prioritize natural spoken tone
Walk five minutes — let blood flow settle.,,步行五分钟——让血液流动趋于平稳。,draft_mt,Coach/Assistant dialogue — prioritize natural spoken tone
Walk is already in — keep a calm ordinary rhythm from here.,,步伐已然开启——从此起，保持一种平静而自然的节奏。,draft_mt,Coach/Assistant dialogue — prioritize natural spoken tone
"Walk so you feel lighter after, not heavier.",,行走时，让你事后感觉更轻盈，而非更沉重。,draft_mt,Coach/Assistant dialogue — prioritize natural spoken tone
"Walk ten minutes, then rest.",,步行十分钟，然后休息。,draft_mt,Coach/Assistant dialogue — prioritize natural spoken tone
"Walk, stretch, or nap before anything demanding.",,在进行任何高强度活动前，请先散步、拉伸或小憩。,draft_mt,Coach/Assistant dialogue — prioritize natural spoken tone
Warm up 15 minutes — \(title) at \(time).,,热身 15 分钟 —\(title)@\(time)。,draft_mt,Coach/Assistant dialogue — prioritize natural spoken tone
"Warm up first, then settle into the planned effort.",,先进行热身，然后进入既定状态的专注状态。,draft_mt,Coach/Assistant dialogue — prioritize natural spoken tone
Warm up joints and first sets light — form first.,,活动关节，先进行热身——先掌握基本姿势。,draft_mt,Coach/Assistant dialogue — prioritize natural spoken tone
Warm up shoulders and feet — controlled first games.,,热身肩部与足部——进行有控制的初步练习。,draft_mt,Coach/Assistant dialogue — prioritize natural spoken tone
Warm up — first games under control.,,热身——前几场比赛已掌控局面。,draft_mt,Coach/Assistant dialogue — prioritize natural spoken tone
Water and a small snack before you start.,,开始前请饮用清水并食用少量零食。,draft_mt,Coach/Assistant dialogue — prioritize natural spoken tone
"Water and a snack, 10-minute warmup — \(titleEN) at \(time).",,饮水与零食，10分钟热身——\(titleEN)@\(time)。,draft_mt,Coach/Assistant dialogue — prioritize natural spoken tone
Water by feel — first meal at your usual time.,,凭感觉饮水——在惯常时间享用第一餐。,draft_mt,Coach/Assistant dialogue — prioritize natural spoken tone
Water first — shoulders when breathing settles.,,先补水——待呼吸平稳后，再活动肩部。,draft_mt,Coach/Assistant dialogue — prioritize natural spoken tone
Water is running behind today.,,今天后面有水流。,draft_mt,Coach/Assistant dialogue — prioritize natural spoken tone
Water still behind.,,水仍滞留。,draft_mt,Coach/Assistant dialogue — prioritize natural spoken tone
We still hear that you feel \(feeling.bilingualTitle.english.lowercased()). Missing for a fair comparison: \(missingEN).,,我们仍听到您提到您感觉有\(feeling.bilingualTitle.english.lowercased()）。但为了进行公平比较，仍缺少\(missingEN)。,draft_mt,Coach/Assistant dialogue — prioritize natural spoken tone
"We won’t claim a personal pattern from one or two check-ins. Over time, your timeline can show feelings next to relevant measurements.",,我们不会仅凭一两次签到数据就得出个人规律性结论。随着时间的推移，您的时间线将能在相关指标旁显示相应情绪变化。,draft_mt,Coach/Assistant dialogue — prioritize natural spoken tone
What are you noticing?,,你注意到了什么？,draft_mt,Coach/Assistant dialogue — prioritize natural spoken tone
What could I try today?,,今天我可以尝试些什么？,draft_mt,Coach/Assistant dialogue — prioritize natural spoken tone
What should I focus on next week?,,下周我应该注意什么？,draft_mt,Coach/Assistant dialogue — prioritize natural spoken tone
"When the next session starts, check in how you feel and stay steady.",,下次课程开始时，请检查自己的感受，并保持心态平稳。,draft_mt,Coach/Assistant dialogue — prioritize natural spoken tone
Which days had shorter sleep?,,哪些天的睡眠时间较短？,draft_mt,Coach/Assistant dialogue — prioritize natural spoken tone
Why,,为什么,draft_mt,Coach/Assistant dialogue — prioritize natural spoken tone
Why this matters,,为何这至关重要,draft_mt,Coach/Assistant dialogue — prioritize natural spoken tone
Wind down now — sleep carries tomorrow's legs.,,现在该休息了——睡眠将为明日提供支撑。,draft_mt,Coach/Assistant dialogue — prioritize natural spoken tone
Wind down now — sleep is the work.,,现在该放松了——睡眠才是最重要的事。,draft_mt,Coach/Assistant dialogue — prioritize natural spoken tone
Wind down — sleep is the priority.,,逐渐放松——睡眠是首要任务。,draft_mt,Coach/Assistant dialogue — prioritize natural spoken tone
Wind down — sleep is the work.,,逐渐放松——睡眠便是工作。,draft_mt,Coach/Assistant dialogue — prioritize natural spoken tone
Wind down — sleep is where strength settles in.,,逐渐放松——睡眠正是体力得以恢复之时。,draft_mt,Coach/Assistant dialogue — prioritize natural spoken tone
Wind the day down,,为这一天画上句号,draft_mt,Coach/Assistant dialogue — prioritize natural spoken tone
Work is done — protect sleep tonight.,,工作已毕——今晚好好休息。,draft_mt,Coach/Assistant dialogue — prioritize natural spoken tone
"Work the effort, then reset.",,尽力操作，然后重置。,draft_mt,Coach/Assistant dialogue — prioritize natural spoken tone
Workout distribution across \(active.count) active days.,,\(active.count)活跃天数内的训练分布情况。,draft_mt,Coach/Assistant dialogue — prioritize natural spoken tone
Workouts: \(totalSessions(current)) now vs \(totalSessions(previous)) before.,,训练对比：\(totalSessions(current)) 当前 vs\(totalSessions(previous)) 之前。,draft_mt,Coach/Assistant dialogue — prioritize natural spoken tone
Yesterday still counts — go easier today.,,昨天依然重要——今天请放轻松。,draft_mt,Coach/Assistant dialogue — prioritize natural spoken tone
Yesterday still counts — today's plan stays measured.,,昨日依然重要——今日的计划仍保持审慎。,draft_mt,Coach/Assistant dialogue — prioritize natural spoken tone
Yesterday was heavy — recovery looks normal today.,,昨天情况很严重——今天的恢复情况看起来正常。,draft_mt,Coach/Assistant dialogue — prioritize natural spoken tone
Yesterday we discussed a lighter session. Did you get a chance to do it?,,昨天我们讨论了一个轻量版环节。你有机会参与吗？,draft_mt,Coach/Assistant dialogue — prioritize natural spoken tone
Yesterday's load is still in the legs — keep the evening easy.,,昨天的工作量仍集中在腿部——今晚请保持轻松。,draft_mt,Coach/Assistant dialogue — prioritize natural spoken tone
Yesterday's load is still in the legs — recovery matters more now.,,昨天的训练负荷依然集中在下肢——如今恢复更为关键。,draft_mt,Coach/Assistant dialogue — prioritize natural spoken tone
Yesterday's load is still in the legs — today needs a softer line.,,昨天的负荷仍集中在腿部——今天的负荷则需要更柔和的线路。,draft_mt,Coach/Assistant dialogue — prioritize natural spoken tone
Yesterday's load landed — let today close calmly.,,昨日的任务已完成——愿今日能平静收官。,draft_mt,Coach/Assistant dialogue — prioritize natural spoken tone
Yesterday's training load is logged — keep the morning easy.,,昨日的训练负荷已记录——祝您上午轻松愉快。,draft_mt,Coach/Assistant dialogue — prioritize natural spoken tone
Yoga ahead,,瑜伽练习,draft_mt,Coach/Assistant dialogue — prioritize natural spoken tone
Yoga day is closing — protect the calm tonight.,,瑜伽日即将结束——今晚请守护内心的宁静。,draft_mt,Coach/Assistant dialogue — prioritize natural spoken tone
Yoga is done — carry the calm forward.,,瑜伽练习已完成——将平静延续至前方。,draft_mt,Coach/Assistant dialogue — prioritize natural spoken tone
Yoga is live — slow and present.,,瑜伽是当下的——缓慢而真切。,draft_mt,Coach/Assistant dialogue — prioritize natural spoken tone
Yoga is live — stay soft and present in each pose.,,瑜伽正在进行——在每一个体式中都保持柔软，全然投入当下。,draft_mt,Coach/Assistant dialogue — prioritize natural spoken tone
"Yoga is next — arrive soft, not already tight.",,接下来是瑜伽——以轻柔的姿态进入，而非先感到紧绷。,draft_mt,Coach/Assistant dialogue — prioritize natural spoken tone
Yoga just ended — let the calm linger.,,瑜伽课刚刚结束——让这份宁静久久萦绕。,draft_mt,Coach/Assistant dialogue — prioritize natural spoken tone
You already logged activity today. How demanding did that session feel?,,您今天已经记录了活动。这次操作体验如何？,draft_mt,Coach/Assistant dialogue — prioritize natural spoken tone
You cleared the morning adjustment — that’s fine. Here’s what still matters today.,,您已完成上午的调整——这没问题。以下是今天仍需关注的事项。,draft_mt,Coach/Assistant dialogue — prioritize natural spoken tone
You completed \(countText.english) (\(durationText.english)) — \(absDelta) fewer than before.,,您完成的\(countText.english)（\(durationText.english)）—\(absDelta)数量少于之前。,draft_mt,Coach/Assistant dialogue — prioritize natural spoken tone
You completed \(countText.english) (\(durationText.english)) — \(delta) more than before.,,您完成\(countText.english)（\(durationText.english)）—\(delta)的次数比以往更多。,draft_mt,Coach/Assistant dialogue — prioritize natural spoken tone
"You completed \(countText.english), the same as before (\(durationText.english)).",,您已完成\(countText.english)，与之前（\(durationText.english)）相同。,draft_mt,Coach/Assistant dialogue — prioritize natural spoken tone
"You haven't logged a meal today, so there's no need to push the intensity yet.",,你今天还没有记录进食量，所以暂时无需增加运动强度。,draft_mt,Coach/Assistant dialogue — prioritize natural spoken tone
You logged a bit less activity than \(previousPhrase.english).,,您的活动记录量略少于\(previousPhrase.english)。,draft_mt,Coach/Assistant dialogue — prioritize natural spoken tone
You logged a bit more activity than \(previousPhrase.english).,,您记录的活动次数比\(previousPhrase.english)略多。,draft_mt,Coach/Assistant dialogue — prioritize natural spoken tone
"You logged a workout today. Based on your food entries, there’s still protein left toward your daily goal. Want an idea for your next meal?",,您今天记录了一次锻炼。根据您记录的饮食信息，您的每日蛋白质摄入目标仍尚有缺口。需要下一餐的饮食建议吗？,draft_mt,Coach/Assistant dialogue — prioritize natural spoken tone
You logged an \(phrase.en) today. How demanding did that session feel?,,您今天完成了\(phrase.en)训练。这次训练感觉有多具挑战性？,draft_mt,Coach/Assistant dialogue — prioritize natural spoken tone
You logged more than one activity today. Which session should we talk about?,,您今天记录了不止一项活动。我们应该讨论哪一次会话？,draft_mt,Coach/Assistant dialogue — prioritize natural spoken tone
You noted: \(clarification.bilingualTitle.english).,,您已注明：\(clarification.bilingualTitle.english)。,draft_mt,Coach/Assistant dialogue — prioritize natural spoken tone
You slept less than usual after yesterday’s demanding session. A lighter workout may feel more manageable today. Want to review today’s plan?,,在经历了昨天高强度训练后，你的睡眠时间比平时少了一些。今天可以尝试强度稍低的训练，可能会感觉更容易应对。想回顾一下今天的训练计划吗？,draft_mt,Coach/Assistant dialogue — prioritize natural spoken tone
You slept less than usual after yesterday’s demanding session. Want a few recovery tips?,,昨天的高强度训练后，你的睡眠时间比平时少了。需要一些恢复建议吗？,draft_mt,Coach/Assistant dialogue — prioritize natural spoken tone
"You slept less than usual last night. Want recovery tips, or to check today’s plan?",,昨晚您比平时睡得少。需要一些恢复建议，还是想查看今天的计划？,draft_mt,Coach/Assistant dialogue — prioritize natural spoken tone
You were a bit less active recently.,,最近你的活动量稍微减少了一些。,draft_mt,Coach/Assistant dialogue — prioritize natural spoken tone
You were a bit more active recently.,,你最近活动得稍微多了一些。,draft_mt,Coach/Assistant dialogue — prioritize natural spoken tone
"You're behind on hydration, so keeping this session easy is the better call.",,你的水分补充不足，因此本次训练选择轻量强度更为合适。,draft_mt,Coach/Assistant dialogue — prioritize natural spoken tone
"You're in HIIT — work the intervals, recover between.",,你已进入 HIIT 模式——进行间歇训练，并在间歇期恢复。,draft_mt,Coach/Assistant dialogue — prioritize natural spoken tone
You're in Zone 1 — recovery effort.,,您处于区域 1 —— 恢复阶段。,draft_mt,Coach/Assistant dialogue — prioritize natural spoken tone
You're in Zone 2 — aerobic work.,,您目前处于 Zone 2 —— 有氧运动区间。,draft_mt,Coach/Assistant dialogue — prioritize natural spoken tone
You're in Zone 3 — tempo effort.,,您已进入第三区——节奏强度区。,draft_mt,Coach/Assistant dialogue — prioritize natural spoken tone
"You're in Zone 4 — hard effort, stay controlled.",,你已进入 Zone 4 —— 全力以赴，保持掌控。,draft_mt,Coach/Assistant dialogue — prioritize natural spoken tone
"You're in Zone 5 — max effort, protect the rest of this session.",,你已进入 Zone 5 —— 全力以赴，守护本次训练的其他环节。,draft_mt,Coach/Assistant dialogue — prioritize natural spoken tone
You're in a \(hoursEN) hike — protect the second half now.,,你正处于\(hoursEN)徒步阶段——现在就开始保护后半段行程。,draft_mt,Coach/Assistant dialogue — prioritize natural spoken tone
You're in the heat — body works hard without moving.,,你正处于高温环境下——身体在不移动的情况下仍在剧烈工作。,draft_mt,Coach/Assistant dialogue — prioritize natural spoken tone
You're in the match — every point counts now.,,你已经进入比赛阶段——现在每一分都至关重要。,draft_mt,Coach/Assistant dialogue — prioritize natural spoken tone
You're in the run — \(lowercaseFirst(en)),,你已进入冲刺阶段 —\(lowercaseFirst(en)),draft_mt,Coach/Assistant dialogue — prioritize natural spoken tone
You're in the run — miles are ticking.,,你已进入冲刺阶段——时间一分一秒地流逝。,draft_mt,Coach/Assistant dialogue — prioritize natural spoken tone
You're in the water — \(lowercaseFirst(en)),,您已入水 —\(lowercaseFirst(en)),draft_mt,Coach/Assistant dialogue — prioritize natural spoken tone
You're in the water — the swim is live.,,你已入水——游泳比赛正式开始。,draft_mt,Coach/Assistant dialogue — prioritize natural spoken tone
You're on court — squash rewards patience point by point.,,你已踏上球场——壁球运动讲究一分一分地保持耐心。,draft_mt,Coach/Assistant dialogue — prioritize natural spoken tone
You're on the bike — \(lowercaseFirst(en)),,你正在骑车上 —\(lowercaseFirst(en)),draft_mt,Coach/Assistant dialogue — prioritize natural spoken tone
You're on the bike — the ride is live.,,您已登上自行车——骑行直播现已开启。,draft_mt,Coach/Assistant dialogue — prioritize natural spoken tone
You're partway through — keep this hike easy.,,你已走到中途——请保持轻松的徒步节奏。,draft_mt,Coach/Assistant dialogue — prioritize natural spoken tone
You're right where you should be — keep going.,,你已处于正确的位置——继续前行。,draft_mt,Coach/Assistant dialogue — prioritize natural spoken tone
You're right where you should be.,,你已来到该去的地方。,draft_mt,Coach/Assistant dialogue — prioritize natural spoken tone
Your activity level stayed fairly steady.,,您的活动水平保持相对稳定。,draft_mt,Coach/Assistant dialogue — prioritize natural spoken tone
Your activity was spread across \(activeDays) days.,,您的活动分布在\(activeDays)天内。,draft_mt,Coach/Assistant dialogue — prioritize natural spoken tone
Your average recorded sleep was \(sleepText.english) — about \(deltaMinutes) minutes longer than before.,,您平均记录的睡眠时长为\(sleepText.english)分钟——较此前增加了约\(deltaMinutes)分钟。,draft_mt,Coach/Assistant dialogue — prioritize natural spoken tone
Your average recorded sleep was \(sleepText.english) — about \(shorter) minutes shorter than before.,,您平均记录的睡眠时长为\(sleepText.english)分钟——较此前缩短了约\(shorter)分钟。,draft_mt,Coach/Assistant dialogue — prioritize natural spoken tone
"Your average recorded sleep was \(sleepText.english), similar to before.",,您的平均记录睡眠时长为\(sleepText.english)，与之前相当。,draft_mt,Coach/Assistant dialogue — prioritize natural spoken tone
Your body will get more from recovery than from extra load right now.,,目前，你的身体从恢复中获得的益处将多于从额外负荷中获得的益处。,draft_mt,Coach/Assistant dialogue — prioritize natural spoken tone
Your data shows similar signals.,,您的数据也显示出类似的信号。,draft_mt,Coach/Assistant dialogue — prioritize natural spoken tone
Your numbers don’t fully explain how you feel.,,你的数据并不能完全解释你的感受。,draft_mt,Coach/Assistant dialogue — prioritize natural spoken tone
Your recorded sleep and recovery don’t fully explain how you feel.,,您记录的睡眠与恢复情况，并不能完全解释您的实际感受。,draft_mt,Coach/Assistant dialogue — prioritize natural spoken tone
Your recorded sleep and recovery don’t fully explain it.,,您记录的睡眠与恢复情况并不能完全解释这一现象。,draft_mt,Coach/Assistant dialogue — prioritize natural spoken tone
"Your recovery is below your usual range today, even though you’re feeling good.",,尽管您感觉良好，但您今天的恢复情况仍低于您的常规范围。,draft_mt,Coach/Assistant dialogue — prioritize natural spoken tone
"Your reported feeling still stands. Metrics can miss stress, illness, travel, or simply a quiet day — we don’t have enough to identify a pattern from this alone.",,您报告的感受依然成立。相关指标可能无法捕捉到压力、疾病、旅行或仅仅是平静的一天——仅凭这些指标，我们尚不足以识别出某种规律。,draft_mt,Coach/Assistant dialogue — prioritize natural spoken tone
You’re all set.,,您已准备就绪。,draft_mt,Coach/Assistant dialogue — prioritize natural spoken tone
You’ve already walked about \(walkMinutes) minutes today — another short walk probably isn’t what you need.,,你今天已经走了约\(walkMinutes)分钟——再来一次短途散步可能并不符合你的需求。,draft_mt,Coach/Assistant dialogue — prioritize natural spoken tone
"You’ve got \(label) on today’s plan, and nothing logged yet.",,您今天的计划中包含\(label)，但目前尚未记录任何内容。,draft_mt,Coach/Assistant dialogue — prioritize natural spoken tone
You’ve logged \(Int(nutrition.caloriesCurrent.rounded())) kcal and \(Int(nutrition.proteinCurrent.rounded())) g protein so far. Set a goal to see what’s left.,,您目前已摄入\(Int(nutrition.caloriesCurrent.rounded())) kcal 热量及\(Int(nutrition.proteinCurrent.rounded())) g 蛋白质。设定一个目标，看看还剩多少。,draft_mt,Coach/Assistant dialogue — prioritize natural spoken tone
Zone 1 (\(range)) — \(effortEN). Easy pace is fine.,,区域 1 (\(range)) —\(effortEN)。轻松节奏即可。,draft_mt,Coach/Assistant dialogue — prioritize natural spoken tone
Zone 1 — easy.,,区域 1 — 简单。,draft_mt,Coach/Assistant dialogue — prioritize natural spoken tone
Zone 2 (\(range)) — \(effortEN). Hold this conversational pace.,,区域 2 (\(range)) —\(effortEN)。保持这种对话节奏。,draft_mt,Coach/Assistant dialogue — prioritize natural spoken tone
Zone 2 — aerobic.,,区域 2 — 有氧区。,draft_mt,Coach/Assistant dialogue — prioritize natural spoken tone
Zone 3 (\(range)) — \(effortEN). Stay controlled; don't drift higher.,,第 3 区（\(range)）—\(effortEN)。保持控制；切勿向上漂移。,draft_mt,Coach/Assistant dialogue — prioritize natural spoken tone
Zone 3 — tempo.,,区域 3 — 时间。,draft_mt,Coach/Assistant dialogue — prioritize natural spoken tone
Zone 4 (\(range)) — \(effortEN). Ease back a notch and hold.,,第 4 区 (\(range)) —\(effortEN)。将档位向后移动一格并固定。,draft_mt,Coach/Assistant dialogue — prioritize natural spoken tone
"Zone 4 — hard, ease back.",,第 4 区 — 困难，可稍减强度。,draft_mt,Coach/Assistant dialogue — prioritize natural spoken tone
Zone 5 (\(range)) — \(effortEN). Ease off until breathing settles.,,第 5 区（\(range)）—\(effortEN)。逐渐减轻，直至呼吸平稳。,draft_mt,Coach/Assistant dialogue — prioritize natural spoken tone
"Zone 5 — max, ease off.",,第 5 区 — 最大强度，逐渐减弱。,draft_mt,Coach/Assistant dialogue — prioritize natural spoken tone
\(ack.english) What shall we start with?,,\(ack.english)我们该从什么开始？,draft_mt,Coach/Assistant dialogue — prioritize natural spoken tone
\(ack.english) \(mind.english),,（组合）\(ack.chinese) \(mind.chinese),draft_mt,Coach/Assistant dialogue — prioritize natural spoken tone
\(ack.english) \(observation.english) \(mind.english),,（组合）\(ack.chinese) \(observation.chinese) \(mind.chinese),draft_mt,Coach/Assistant dialogue — prioritize natural spoken tone
\(count) activities,,\(count)活性,draft_mt,Coach/Assistant dialogue — prioritize natural spoken tone
\(count) recovery sessions,,\(count)恢复训练课,draft_mt,Coach/Assistant dialogue — prioritize natural spoken tone
\(count) workouts,,\(count)训练计划,draft_mt,Coach/Assistant dialogue — prioritize natural spoken tone
\(countLabel.english) in the last 7 days,,过去 7 天内\(countLabel.english)的出现情况,draft_mt,Coach/Assistant dialogue — prioritize natural spoken tone
\(countLabel.english) · \(durationText.english),,（组合）\(countLabel.chinese) · \(durationText.chinese),draft_mt,Coach/Assistant dialogue — prioritize natural spoken tone
\(countLabel.english) · \(durationText.english) total,,\(countLabel.english)·\(durationText.english)总计,draft_mt,Coach/Assistant dialogue — prioritize natural spoken tone
\(current) g protein today — your recovery is usually better on training days around \(rangeLow)–\(rangeHigh) g. You're about \(gap) g below that range.,,今天蛋白质 \(current) g——训练日通常在 \(rangeLow)–\(rangeHigh) g 恢复更好。你大约还差 \(gap) g。,draft_mt,Coach/Assistant dialogue — prioritize natural spoken tone
\(day.completedSessionCount) · \(AskCoachCopy.durationHoursMinutes(totalMinutes: day.completedDurationMinutes).english),,（组合）\(day.completedSessionCount) · \(AskCoachCopy.durationHoursMinutes(totalMinutes: day.completedDurationMinutes).chinese),draft_mt,Coach/Assistant dialogue — prioritize natural spoken tone
\(evidence.recentActivityCount) logged activities in the last \(evidence.activityWindowHours)h (context only — not a load score).,,\(evidence.recentActivityCount)在过去\(evidence.activityWindowHours)小时内记录了相关活动（仅用于上下文分析——并非负载评分）。,draft_mt,Coach/Assistant dialogue — prioritize natural spoken tone
\(facts.todayActivityCount) sessions planned today.,,今日已安排\(facts.todayActivityCount)会议。,draft_mt,Coach/Assistant dialogue — prioritize natural spoken tone
\(feeling.bilingualTitle.english) · \(clarification.bilingualTitle.english),,（组合）\(feeling.bilingualTitle.chinese) · \(clarification.bilingualTitle.chinese),draft_mt,Coach/Assistant dialogue — prioritize natural spoken tone
\(hours)h,,\(hours)小时,draft_mt,Coach/Assistant dialogue — prioritize natural spoken tone
\(hours)h \(mins)m,,\(hours)小时 \(mins)分钟,draft_mt,Coach/Assistant dialogue — prioritize natural spoken tone
\(hours)h \(minutes)m,,\(hours)小时 \(minutes)分钟,draft_mt,Coach/Assistant dialogue — prioritize natural spoken tone
\(label): \(count) · \(duration.english),,（组合）\(label)：\(count) · \(duration.chinese),draft_mt,Coach/Assistant dialogue — prioritize natural spoken tone
\(label): \(sleep.english),,（组合）\(label)：\(sleep.chinese),draft_mt,Coach/Assistant dialogue — prioritize natural spoken tone
"\(lead.en), \(name). How are you feeling today?",,\(lead.zh)，\(name)。你今天感觉怎么样？,draft_mt,Coach/Assistant dialogue — prioritize natural spoken tone
\(lead.en). How are you feeling today?,,\(lead.zh)。你今天感觉怎么样？,draft_mt,Coach/Assistant dialogue — prioritize natural spoken tone
\(metricEnglish) recorded for \(observed) of \(total) days,,\(metricEnglish) 记录了 \(observed)/\(total) 天,draft_mt,Coach/Assistant dialogue — prioritize natural spoken tone
\(mins)m,,\(mins)分钟,draft_mt,Coach/Assistant dialogue — prioritize natural spoken tone
\(minutes)m,,\(minutes)分钟,draft_mt,Coach/Assistant dialogue — prioritize natural spoken tone
\(name) — quick check-in. How’s your body feeling?,,\(name)——快速确认一下。身体感觉如何？,draft_mt,Coach/Assistant dialogue — prioritize natural spoken tone
"\(name), what’s your body telling you now?",,\(name)，身体现在在告诉你什么？,draft_mt,Coach/Assistant dialogue — prioritize natural spoken tone
\(opener.english) \(tail.english),,（组合）\(opener.chinese) \(tail.chinese),draft_mt,Coach/Assistant dialogue — prioritize natural spoken tone
\(phrase) I’ll help you stay on track.,,\(phrase) 我会帮你保持节奏。,draft_mt,Coach/Assistant dialogue — prioritize natural spoken tone
\(previousNoun.english.capitalized): \(previousActive) active days,,\(previousNoun.chinese)：\(previousActive) 个活跃日,draft_mt,Coach/Assistant dialogue — prioritize natural spoken tone
\(primary.english) \(detail.english),,（组合）\(primary.chinese) \(detail.chinese),draft_mt,Coach/Assistant dialogue — prioritize natural spoken tone
"\(title) at \(activity.formattedStartTime) — prep from \(prepStartTime(activity, leadMinutes: 15)).",,"\(title) 在 \(activity.formattedStartTime)——从 \(prepStartTime(activity, leadMinutes: 15)) 开始准备。",draft_mt,Coach/Assistant dialogue — prioritize natural spoken tone
\(title) later at \(activity.formattedStartTime).,,\(title) 稍后在 \(activity.formattedStartTime)。,draft_mt,Coach/Assistant dialogue — prioritize natural spoken tone
"\(titleEN) \(minutesEN) (\(durationClauseEN)) — arrive calm, not already chasing.",,\(titleEN) \(minutesEN)（\(durationClauseEN)）——冷静到位，别一上来就追。,draft_mt,Coach/Assistant dialogue — prioritize natural spoken tone
\(titleEN) \(minutesEN) (\(durationClauseEN)) — dial in effort before the first mile.,,\(titleEN) \(minutesEN)（\(durationClauseEN)）——先把强度定稳，再开始第一英里。,draft_mt,Coach/Assistant dialogue — prioritize natural spoken tone
\(titleEN) \(minutesEN) (\(durationClauseEN)) — not fully topped up yet.,,\(titleEN) \(minutesEN)（\(durationClauseEN)）——状态还没完全恢复。,draft_mt,Coach/Assistant dialogue — prioritize natural spoken tone
\(titleEN) \(minutesEN) (\(durationClauseEN)) — recovery is still lagging.,,\(titleEN) \(minutesEN)（\(durationClauseEN)）——恢复仍偏慢。,draft_mt,Coach/Assistant dialogue — prioritize natural spoken tone
\(titleEN) \(minutesEN) (\(durationClauseEN)) — settle into a steady stroke early.,,\(titleEN) \(minutesEN)（\(durationClauseEN)）——尽早找到稳定的划水节奏。,draft_mt,Coach/Assistant dialogue — prioritize natural spoken tone
"\(titleEN) \(minutesEN) (\(durationClauseEN)) — short sleep, recovery not full yet.",,\(titleEN) \(minutesEN)（\(durationClauseEN)）——睡眠偏短，恢复还没到位。,draft_mt,Coach/Assistant dialogue — prioritize natural spoken tone
\(titleEN) \(minutesEN) (\(durationClauseEN)) — time to settle pace and legs.,,\(titleEN) \(minutesEN)（\(durationClauseEN)）——先把配速和双腿稳定下来。,draft_mt,Coach/Assistant dialogue — prioritize natural spoken tone
\(titleEN) \(minutesEN) (\(durationClauseEN)) — warm up before the first hard interval.,,\(titleEN) \(minutesEN)（\(durationClauseEN)）——第一组高强度前先热身。,draft_mt,Coach/Assistant dialogue — prioritize natural spoken tone
\(titleEN) \(minutesEN) — \(activity.formattedStartTime) on the clock.,,\(titleEN) \(minutesEN)——\(activity.formattedStartTime) 开始。,draft_mt,Coach/Assistant dialogue — prioritize natural spoken tone
\(titleEN) \(minutesEN) — start easier than planned.,,\(titleEN) \(minutesEN)——比计划更轻松地开始。,draft_mt,Coach/Assistant dialogue — prioritize natural spoken tone
last week,,上周,draft_mt,Coach/Assistant dialogue — prioritize natural spoken tone
no logged activities,,没有已记录的活动,draft_mt,Coach/Assistant dialogue — prioritize natural spoken tone
the previous 28 days,,过去 28 天,draft_mt,Coach/Assistant dialogue — prioritize natural spoken tone
