english,russian_hint,chinese,status,notes
 when your body is ready.,", когда организм готов.",当你的身体准备好了。,draft_mt,UI string
%.1f L,%.1f л,,needs_human,UI string
%.1fh average vs a 7h target.,%.1f ч в среднем при цели 7 ч.,%.1fh平均值vs 7h目标值。,draft_mt,UI string
%.2g,%.2g,,needs_human,UI string
%1$.1f / %2$.1f L,%1$.1f / %2$.1f л,%1$.1f/%2$.1f升,draft_mt,UI string
%1$@ %2$@,,%1$@ %2$@,keep,brand/code/format — do not translate
%1$@ and %2$@,%1$@ и %2$@,%1$@和%2$@,draft_mt,UI string
"%1$@ and %2$@. Together, these signals increased today’s Stress Index.",%1$@ и %2$@. Вместе эти сигналы повысили сегодняшний индекс нагрузки.,%1$@和%2$@.这些信号共同增加了今天的压力指数。,draft_mt,UI string
"%1$@ is %2$@ today. Use this %3$@ to stay loose, not to add fatigue before loading.","%1$@ — это %2$@ сегодня. Используйте эту %3$@, чтобы оставаться разогретым, а не добавлять усталость перед нагрузкой.",%1$@就是今天的%2$@。使用这款%3$@保持松动，在装载前不会增加疲劳。,draft_mt,UI string
"%1$@ is meant to support recovery. Keep this %2$@ easy so the day stays restorative, not draining.","%1$@ должна поддерживать восстановление. Держите эту %2$@ легкой, чтобы день оставался восстановительным, а не истощающим.",%1$@旨在支持恢复。保持这款%2$@轻松，让白天保持恢复，而不是消耗。,draft_mt,UI string
%1$@ is the key workload today. Keep this %2$@ relaxed so you preserve legs and fueling for the main effort.,"%1$@ — главная нагрузка сегодня. Держите %2$@ спокойно, чтобы сохранить силы и качество движения.",%1$@是当今的关键工作负载。让这款%2$@保持放松，这样您就可以保留双腿，为主要工作加油。,draft_mt,UI string
%1$@ is the next meaningful block. Keep this %2$@ easy so you arrive fresh instead of carrying extra fatigue.,"%1$@ — следующий важный блок. Держите эту %2$@ легкой, чтобы прийти свежим, а не с лишней усталостью.",%1$@是下一个有意义的区块。保持这款%2$@轻松，让您到达新鲜，而不是带来额外的疲劳。,draft_mt,UI string
%1$@ is the next useful reset. Keep this %2$@ easy so appetite and digestion stay steady.,"%1$@ — сейчас полезный вариант. Держите %2$@ легкой, чтобы аппетит и пищеварение оставались стабильными.",%1$@是下一个有用的重置。保持这款%2$@轻松，让食欲和消化保持稳定。,draft_mt,UI string
%1$@ portions · %2$d kcal,%1$@ порции · %2$d ккал,%1$@份· %2$d千卡,draft_mt,UI string
"%1$@ will add heat stress. Keep this %2$@ easy so you start hydrated, calm, and not already taxed.","%1$@ добавит тепловой стресс. Держите эту %2$@ легкой, чтобы начать гидратированным, спокойным и без лишней нагрузки.",%1$@会增加热应力。保持这款%2$@轻松，这样您就可以开始补充水分、保持冷静，而且不会过税。,draft_mt,UI string
%1$@ · %2$@ portions,%1$@ · %2$@ порции,%1$@ · %2$@份,draft_mt,UI string
%1$@ · %2$d kcal,%1$@ · %2$d ккал,%1$@ · %2$d千卡,draft_mt,UI string
%1$@ · %2$d ml,%1$@ · %2$d мл,%1$@·%2$d毫升,draft_mt,UI string
%1$@ · Done today,%1$@ · Сегодня выполнено,%1$@ ·今天完成,draft_mt,UI string
%1$@ · View today’s step,%1$@ · Смотреть шаг на сегодня,%1$@ ·查看今天的步骤,draft_mt,UI string
"%1$@ — your usual %2$@, at %3$@","%1$@ — обычно в %2$@, в %3$@",%1$@ —您通常的%2$@ ， %3$@,draft_mt,UI string
"%1$@, %2$@",,"%1$@, %2$@",keep,brand/code/format — do not translate
"%1$@, %2$@.",,"%1$@, %2$@.",keep,brand/code/format — do not translate
"%1$@, %2$d calories","%1$@, %2$d калорий","%1$@, %2$d卡路里",draft_mt,UI string
"%1$@, %2$lld%%, %3$lld / %4$lld",,,needs_human,UI string
"%1$@, and %2$@",%1$@ и %2$@,%1$@和%2$@,draft_mt,UI string
"%1$@, while %2$@.","%1$@, в то время как %2$@.",%1$@ ，而%2$@。,draft_mt,UI string
%1$@. %2$@,,%1$@. %2$@,keep,brand/code/format — do not translate
%1$@. %2$@%3$@,,%1$@. %2$@%3$@,keep,brand/code/format — do not translate
%1$@. %2$@. %3$@,,%1$@. %2$@. %3$@,keep,brand/code/format — do not translate
%1$d bpm vs your %3$d-day baseline %2$d bpm,%1$d уд/мин к вашему базовому значению за %3$d дн. %2$d уд/мин,%1$d bpm对比您的%3$d天基线%2$d bpm,draft_mt,UI string
%1$d ms vs your %3$d-day baseline %2$d ms,%1$d мс к вашему базовому значению за %3$d дн. %2$d мс,%1$d毫秒对比您的%3$d天基线%2$d毫秒,draft_mt,UI string
%1$d of %2$d,%1$d из %2$d,,needs_human,UI string
%1$d of %2$d breaks marked,Отмечено %1$d из %2$d пауз,%1$d/%2$d间断已标记,draft_mt,UI string
%1$d of %2$d days completed,Выполнено %1$d из %2$d дней,%1$d/%2$d天完成,draft_mt,UI string
%1$d of %2$d days completed · View summary,Выполнено %1$d из %2$d дней · Смотреть итоги,%1$d/%2$d天已完成·查看摘要,draft_mt,UI string
%1$lld %2$@ • %3$lld %4$@,%1$lld %2$@ • %3$lld %4$@,,needs_human,UI string
%1$lld / %2$lld min,%1$lld / %2$lld мин,,needs_human,UI string
%1$lld / %2$lld%3$@,%1$lld / %2$lld%3$@,,needs_human,UI string
%1$lld / %2$lldg,%1$lld / %2$lld г,,needs_human,UI string
%1$lld kcal • P %2$lldg,%1$lld ккал • Б %2$lld г,% 1 $ lld千卡• P % 2 $ lldg,draft_mt,UI string
%1$lld/%2$lld,%1$lld/%2$lld,,needs_human,UI string
%1$lldh %2$lldm,%1$lld ч %2$lld мин,,needs_human,UI string
%@ %@,%@ %@,%@ %@,keep,brand/code/format — do not translate
"%@ %@ For %@, make this quality work rather than extra volume.","%@ %@ Для %@ сделайте это качественной работой, а не дополнительным объемом.",%@ %@对于%@ ，让这种质量发挥作用，而不是额外的音量。,draft_mt,UI string
%@ %@ Keep the next part of the day easy so the session supports fitness instead of adding fatigue.,"%@ %@ Держите следующую часть дня легкой, чтобы тренировка помогла форме, а не добавила усталость.",%@ %@保持一天的下一部分轻松，以便课程支持健身，而不是增加疲劳。,draft_mt,UI string
%@ %@ Keep the rest of the day easy so the session does not stack unnecessary fatigue.,"%@ %@ Проведите остаток дня легко, чтобы тренировка не добавила лишнюю усталость.",%@ %@保持一天的其余时间轻松，这样会话就不会累积不必要的疲劳。,draft_mt,UI string
%@ %@ Shift the rest of the day away from intensity so your body can absorb the load.,"%@ %@ Уведите остаток дня от интенсивности, чтобы тело могло усвоить нагрузку.",%@ %@将一天的其余时间从强度转移，这样你的身体就可以吸收负荷。,draft_mt,UI string
"%@ %@ Use this %@ session to build aerobic volume, not extra intensity.","%@ %@ Используйте эту тренировку %@ для аэробного объема, а не для дополнительной интенсивности.",%@%@使用此%@会话来构建有氧音量，而不是额外的强度。,draft_mt,UI string
%@ (%lld%%),%@ (%lld%%),,needs_human,UI string
"%@ (Greek yogurt, eggs, chicken or shake)","%@ (греческий йогурт, яйца, курица или шейк)",%@ （希腊酸奶、鸡蛋、鸡肉或奶昔）,draft_mt,UI string
%@ (from Health),%@ (из Health),%@ （来自健康）,draft_mt,UI string
%@ / %@,%@ / %@,%@ / %@,keep,brand/code/format — do not translate
"%@ Cool down, keep the next block easy and let recovery start.","%@ Заминка, затем держите следующий блок легким и дайте восстановлению начаться.",%@ 冷静下来，下一个模块保持简单，让身体开始恢复。,draft_mt,UI string
%@ Good. Keep the rest of the evening easy so this work supports recovery.,"%@ Хорошо. Держите остаток вечера легким, чтобы эта работа поддержала восстановление.",%@很好。让晚上的其余时间保持轻松，以便这项工作支持恢复。,draft_mt,UI string
%@ Keep it easy or stop early if the body does not come around.,"%@ Держите легко или остановитесь раньше, если тело не включается.",%@保持轻松或在身体不转动时提前停止。,draft_mt,UI string
"%@ Keep this block easy: comfortable range only, no painful positions, and stop before discomfort.","%@ Держите этот блок легким: только комфортная амплитуда, без болезненных положений, остановитесь до дискомфорта.",%@保持此块容易：仅在舒适的范围内，没有疼痛的姿势，并在不适之前停止。,draft_mt,UI string
%@ Keep this steady and avoid turning volume into intensity.,%@ Держите это ровно и не превращайте объем в интенсивность.,%@保持稳定，避免将音量转化为强度。,draft_mt,UI string
%@ Let this movement help recovery rather than turning it into training.,"%@ Пусть это движение помогает восстановлению, а не превращается в тренировку.",%@让这个动作帮助恢复，而不是将其转化为训练。,draft_mt,UI string
"%@ Make this a clean execution session, not a test of your limit.","%@ Сделайте эту тренировку чистой по выполнению, а не проверкой предела.",%@使这成为一个干净的执行会话，而不是对您的限制的测试。,draft_mt,UI string
%@ No training moment needs attention right now.,%@ Сейчас в тренировках все идет спокойно.,%@目前没有需要注意的训练时刻。,draft_mt,UI string
%@ Play with control and avoid turning every rally into a maximal effort.,%@ Играйте с контролем и не превращайте каждый розыгрыш в максимальное усилие.,%@尽情玩耍，避免将每次拉力变成最大努力。,draft_mt,UI string
"%@ Recovery is below target, so the workload may be outpacing adaptation.",%@ Восстановление ниже цели — нагрузка может опережать адаптацию.,%@恢复低于目标，因此工作负载可能超出适应速度。,draft_mt,UI string
"%@ Recovery is not keeping pace, so the issue looks like load management rather than motivation.","%@ Восстановление не успевает — проблема скорее в управлении нагрузкой, чем в мотивации.",%@Recovery没有跟上步伐，因此问题看起来是负载管理而不是动机。,draft_mt,UI string
"%@ Recovery remained stable, suggesting your body is absorbing the workload well.",%@ Восстановление оставалось стабильным — организм хорошо поглощает нагрузку.,%@Recovery保持稳定，表明您的身体正在很好地吸收工作量。,draft_mt,UI string
"%@ Recovery stayed stable, suggesting your body is absorbing the workload well.",%@ Восстановление оставалось стабильным — организм хорошо поглощает нагрузку.,%@Recovery保持稳定，表明您的身体正在很好地吸收工作量。,draft_mt,UI string
%@ Return to baseline and keep the rest of the day steady.,%@ Вернитесь к базовому состоянию и держите остаток дня ровным.,%@回到基线并保持当天剩余时间的稳定。,draft_mt,UI string
"%@ This block should help you recover, not create more load.","%@ Этот блок должен помогать восстановлению, а не создавать дополнительную нагрузку.",%@此块应帮助您恢复，而不是创建更多负载。,draft_mt,UI string
"%@ This walk should help recovery, not become extra training.","%@ Эта прогулка должна помочь восстановлению, а не стать дополнительной тренировкой.",%@此步行应有助于康复，而不是成为额外的训练。,draft_mt,UI string
%@ This was the right kind of work after a loaded day. Keep the next part easy and let recovery continue.,%@ Это был правильный тип работы после нагруженного дня. Держите следующую часть легкой и дайте восстановлению продолжиться.,%@在忙碌了一天之后，这是正确的工作方式。让下一部分变得简单，让恢复继续进行。,draft_mt,UI string
%@ Use this as recovery support and stay within a comfortable range.,%@ Используйте это как поддержку восстановления и оставайтесь в комфортной амплитуде.,%@将其用作恢复支持，并保持在舒适的范围内。,draft_mt,UI string
%@ Use this breathing block to lower arousal before the next part of the evening.,"%@ Используйте этот дыхательный блок, чтобы снизить возбуждение перед следующей частью вечера.",%@在晚上的下一部分之前使用此呼吸阻滞来降低唤醒。,draft_mt,UI string
%@ active,%@ идет сейчас,%@激活,draft_mt,UI string
%@ active kcal completed so far. There is room to build.,%@ активных ккал уже выполнено. Есть пространство добавить.,%@活动大卡到目前为止已完成。还有空间可以建造。,draft_mt,UI string
%@ active time,%@ активного времени,%@激活时间,draft_mt,UI string
%@ already sent the training signal. Recovery is the priority now.,%@ уже дала тренировочный сигнал. Теперь главное — восстановиться.,%@已发送训练信号。恢复是当务之急。,draft_mt,UI string
%@ already served recovery. Keep the next step easy.,%@ уже помогла восстановлению. Следующий шаг держите легким.,%@已提供恢复。轻松完成下一步。,draft_mt,UI string
%@ and %@,%@ и %@,%@和%@,draft_mt,UI string
%@ average,%@ в среднем,%@平均值,draft_mt,UI string
%@ can support the day if it stays easy.,"%@ поможет дню, если останется легкой.",%@可以支持这一天，如果它保持简单。,draft_mt,UI string
%@ can support this. \(priority.supportBullets.first ?? ,%@ может помочь этому фокусу.,%@可以支持此功能。\ (priority.supportBullets.first??,draft_mt,UI string
%@ complete,%@ завершено,%@完成,draft_mt,UI string
%@ completed,%@ завершено,%@已完成,draft_mt,UI string
%@ completed recently.,%@ недавно завершено.,%@最近已完成。,draft_mt,UI string
%@ completed • about %@ kcal burned.,%@ завершено • около %@ ккал,%@已完成•约%@大卡已燃烧。,draft_mt,UI string
%@ completed.,%@ завершено.,%@已完成。,draft_mt,UI string
%@ deleted,%@ удалено,%@已删除,draft_mt,UI string
%@ finished %@ ago.,%@ завершена %@ назад.,%@在%@前完成。,draft_mt,UI string
%@ in progress,%@ выполняется,%@进行中,draft_mt,UI string
%@ is about to start.,%@ скоро начнется.,%@即将开始。,draft_mt,UI string
"%@ is active, and its value today comes from supporting recovery rather than creating fitness.","%@ идет сейчас, и ее ценность сегодня — помочь восстановиться, а не добавить форму.",%@是活跃的，其今天的价值来自支持恢复，而不是创造健身。,draft_mt,UI string
%@ is completed.,%@ завершена.,%@完成。,draft_mt,UI string
%@ is done.,%@ завершена.,%@完成。,draft_mt,UI string
%@ is done. Keep the rest simple and build food and fluids gradually.,%@ завершена. Держите остаток дня простым и постепенно доберите еду и воду.,%@完成。保持其余简单并逐渐构建食物和液体。,draft_mt,UI string
%@ is done. That supports the day; no post-workout recovery push is needed.,%@ завершена. Это поддерживает день; дополнительный восстановительный рывок после тренировки не нужен.,%@已完成。这支持当天；无需锻炼后恢复推送。,draft_mt,UI string
%@ is in its main block now.,%@ сейчас в основном блоке.,%@现在位于其主区块中。,draft_mt,UI string
%@ is in progress,%@ выполняется,%@正在进行中,draft_mt,UI string
"%@ is live, and the opening minutes are for settling in.","%@ уже идет, и первые минуты нужны, чтобы войти в ритм.",%@已上线，开场时间为安顿时间。,draft_mt,UI string
"%@ is live, but today's sleep and recovery profile does not support productive hard work.","%@ уже идет, но сон и восстановление сегодня не поддерживают продуктивную тяжелую работу.",%@现已上线，但今天的睡眠和恢复情况不支持富有成效的努力工作。,draft_mt,UI string
%@ is live. %@,%@ идет сейчас. %@,%@已上线。%@,draft_mt,UI string
%@ is near the finish.,%@ близко к финишу.,%@已接近尾声。,draft_mt,UI string
"%@ is not the problem; the ceiling is. Poor sleep makes intensity expensive today, so start easier and be willing to turn this into easier work.","%@ — не проблема; проблема в потолке. Плохой сон делает интенсивность дорогой сегодня, поэтому начните легче и будьте готовы превратить это в более легкую работу.",%@不是问题；天花板是。如今，睡眠不足会使强度变得昂贵，因此，从轻松开始，并愿意将其转化为更轻松的工作。,draft_mt,UI string
"%@ is recovery support today, not fitness. Keep it easy.","%@ сегодня для восстановления, не для формы. Держите легко.",%@是今天的恢复支持，而不是健身。保持轻松。,draft_mt,UI string
"%@ is still ahead, and recent food looks light for the work you are asking from the body.","%@ еще впереди, а недавней еды маловато для такой работы.",%@仍然领先，最近的食物看起来很浅，适合您对身体的要求。,draft_mt,UI string
"%@ is the clearest pattern. The rest of the screen explains whether that signal is supported by training, nutrition and hydration consistency.","%@ — самый явный паттерн. Остальная часть экрана объясняет, поддерживается ли этот сигнал стабильностью тренировок, питания и гидратации.",%@是最清晰的图案。屏幕的其余部分解释了该信号是否得到训练、营养和水分一致性的支持。,draft_mt,UI string
%@ kcal,%@ ккал,%@大卡,draft_mt,UI string
%@ later sets the ceiling.,%@ позже задает темп.,%@后来设定了上限。,draft_mt,UI string
%@ later today,%@ позже сегодня,%@今天晚些时候,draft_mt,UI string
%@ logged,Добавлено: %@,%@已记录,draft_mt,UI string
%@ nutrition window is approaching. Ideal opportunity to stage amino assets and steady your glucose baseline.,Приближается окно питания %@. Хороший момент поддержать белок и стабилизировать энергию.,%@营养窗口即将到来。分期氨基资产和稳定血糖基线的理想机会。,draft_mt,UI string
%@ of training is still planned today.,Сегодня еще запланировано %@ тренировки.,%@的培训今天仍在计划中。,draft_mt,UI string
%@ portions,%@ порции,%@份,draft_mt,UI string
%@ session,%@ тренировка,%@会话,draft_mt,UI string
%@ session is currently active.,%@ сейчас активна.,%@会话当前处于活动状态。,draft_mt,UI string
%@ starts %@,%@ начнитеs %@,%@启动%@,draft_mt,UI string
"%@ starts %@. Keep the day pointed at the work, not the clock.","%@ начнется %@. Держите день направленным на работу, а не на часы.",%@启动%@。将白天指向工作，而不是时钟。,draft_mt,UI string
"%@ starts in %@, and the two things that matter now are fluid and quick fuel.",%@ начнется через %@. Сейчас важны две вещи: вода и быстрая энергия.,%@从%@开始，现在重要的两件事是流体和快速燃料。,draft_mt,UI string
%@ starts in %@. Fuel is the useful lever before the session starts.,%@ начнется через %@. Перед стартом главный рычаг — еда.,%@从%@开始。在课程开始之前，燃料是有用的杠杆。,draft_mt,UI string
%@ starts in %@. Fueling has started and readiness looks good.,"%@ начнется через %@. Еда уже пошла, готовность выглядит хорошо.",%@从%@开始。加油已经开始，准备状态看起来不错。,draft_mt,UI string
%@ starts in %@. Hydration is the useful lever before the session starts.,%@ начнется через %@. Перед стартом главный рычаг — вода.,%@从%@开始。在课程开始之前，水合作用是有用的杠杆。,draft_mt,UI string
%@ starts in %lld hour.,%@ начнется через %lld ч.,%@在%lld小时后开始。,draft_mt,UI string
%@ starts in %lld min.,%@ начнется через %lld мин.,%@开始于%lld最小值。,draft_mt,UI string
%@ starts in %lld minutes,%@ начнется через %lld мин,%@在%lld分钟后开始,draft_mt,UI string
%@ starts in %lldh %lldm.,%@ начнется через %lld ч %lld мин.,%@从%lldh%lldm开始。,draft_mt,UI string
%@ starts soon. Keep the first 10 minutes easy before deciding whether to build effort.,"%@ скоро начнется. Держите первые 10 минут легкими, прежде чем решать, добавлять ли усилие.",%@即将开始。在决定是否构建工作之前，请轻松保持前10分钟。,draft_mt,UI string
%@ synced,Синхронизировано с %@,%@已同步,draft_mt,UI string
%@ today at %@.,%@ сегодня в %@.,%@今天在%@。,draft_mt,UI string
%@ vs baseline,%@ к базовому,%@与基线,draft_mt,UI string
%@ with %@,%@ с %@,%@搭配%@,draft_mt,UI string
%@ · %@,%@ · %@,%@ · %@,keep,brand/code/format — do not translate
%@ · 1 L,%@ · 1 л,,needs_human,UI string
%@ — %@,%@ — %@,%@ — %@,keep,brand/code/format — do not translate
%@ — %@ completed.,%@ — %@ выполнено.,%@—%@已完成。,draft_mt,UI string
%@ — tap to review,"%@ — нажмите, чтобы посмотреть",%@—轻触以查看,draft_mt,UI string
%@ • %lld min,%@ • %lld мин,%@•%lld最小,draft_mt,UI string
%@ • Impact %lld/100,%@ • Влияние %lld/100,,needs_human,UI string
%@ → %@,%@ → %@,%@ → %@,keep,brand/code/format — do not translate
%@%%,%@%%,%@%%,keep,brand/code/format — do not translate
"%@, %@","%@, %@","%@, %@",keep,brand/code/format — do not translate
"%@, and %@",%@ и %@,%@和%@,draft_mt,UI string
"%@, and \(parts.joined(separator: ",%@ и остальное,%@和\ (parts.joined (分隔符：,draft_mt,UI string
%@-hour,%@ ч,%@-小时,draft_mt,UI string
%@-minute,%@ мин,,needs_human,UI string
%@.,%@.,%@.,keep,brand/code/format — do not translate
%@. This contributed to today’s Stress Index.,%@. Это повлияло на сегодняшний индекс нагрузки.,%@。这促成了今天的压力指数。,draft_mt,UI string
%@/month,%@/мес,%@/月,draft_mt,UI string
%@/year,%@/год,%@/年,draft_mt,UI string
%@L,%@ л,,needs_human,UI string
%@L logged today,%@ л записано сегодня,%@L今天记录,draft_mt,UI string
%@L logged • keep building the base,%@ л записано • продолжайте набирать базу,%@L已记录•继续构建底座,draft_mt,UI string
%@L of %@L completed,%@ л из %@ л выполнено,%@L/%@L完成,draft_mt,UI string
%@L remaining to target,%@ л осталось до цели,%@L剩余至目标,draft_mt,UI string
%@L water remaining,осталось %@ л воды,%@L剩余水量,draft_mt,UI string
%@g,%@ г,,needs_human,UI string
%@g protein remaining,%@g белок осталось,%@g剩余蛋白质,draft_mt,UI string
%@m,%@ мин,,needs_human,UI string
%@|%@|%@|%@,%@|%@|%@|%@,%@|%@|%@|%@,keep,brand/code/format — do not translate
%d / 100,%d / 100,,needs_human,UI string
%d adjustment,%d правка,%d调整,draft_mt,UI string
%d adjustments,%d правок,%d调整,draft_mt,UI string
%d bpm below baseline,%d уд/мин ниже базового,%dbpm低于基线,draft_mt,UI string
%d days free,%d дней бесплатно,%d天免费,draft_mt,UI string
%d min,%d мин,%d最小值,draft_mt,UI string
%d min deep,%d мин глубокого сна,%d最小深度,draft_mt,UI string
%d min · %@,%d мин · %@,%d最小·%@,draft_mt,UI string
%d min → %d min,%d мин → %d мин,%d最小→%d最小,draft_mt,UI string
%d tip,%d подсказка,,needs_human,UI string
%d tips,%d подсказок,%d提示,draft_mt,UI string
%d%% above baseline,%d%% выше базового,%d%%高于基线,draft_mt,UI string
%d%% below baseline,%d%% ниже базового,%d%%低于基线,draft_mt,UI string
%d%% efficiency,%d%% эффективность,%d%%效率,draft_mt,UI string
%d%% of goal,%d%% от цели,目标的%d%%,draft_mt,UI string
%d-day baseline,Базовое значение за %d дн.,%d-日基线,draft_mt,UI string
%dh,%d ч,,needs_human,UI string
%dh %dm,%d ч %d мин,,needs_human,UI string
%dm,%d мин,,needs_human,UI string
%lld,%lld,%lld,keep,brand/code/format — do not translate
%lld / %lld kcal,%lld / %lld ккал,,needs_human,UI string
%lld / %lld min,%lld / %lld мин,,needs_human,UI string
%lld / %lld%@,%lld / %lld%@,,needs_human,UI string
%lld / %lldg,%lld / %lld г,,needs_human,UI string
%lld / 100,%lld / 100,,needs_human,UI string
%lld added,%lld добавлено,,needs_human,UI string
%lld bpm,%lld уд/мин,,needs_human,UI string
%lld completed • %lld upcoming,%lld выполнено • %lld впереди,,needs_human,UI string
%lld days met protein target in the last 7 days.,%lld дней с достигнутой целью по белку за последние 7 дней.,,needs_human,UI string
%lld done • %@ in %@,%lld выполнено • %@ через %@,,needs_human,UI string
%lld drinks today,%lld напитков сегодня,,needs_human,UI string
%lld habit,%lld привычка,,needs_human,UI string
%lld habits,%lld привычки,,needs_human,UI string
%lld kcal,%lld ккал,,needs_human,UI string
%lld kcal remaining today,%lld ккал осталось сегодня,,needs_human,UI string
%lld kcal • %@,%lld ккал • %@,,needs_human,UI string
%lld kcal • P %lldg,%lld ккал • Б %lld г,,needs_human,UI string
%lld kcal • P %lldg • C %lldg • F %lldg,%lld ккал • Б %lld г • У %lld г • Ж %lld г,,needs_human,UI string
%lld meal,%lld прием пищи,,needs_human,UI string
%lld meals,%lld приема пищи,,needs_human,UI string
%lld min,%lld мин,,needs_human,UI string
%lld ml,%lld мл,,needs_human,UI string
%lld of %lld completed,%lld из %lld выполнено,,needs_human,UI string
%lld planned item.,%lld запланированный пункт.,,needs_human,UI string
%lld planned items.,%lld запланированных пункта.,,needs_human,UI string
%lld recovery activities,%lld восстановительные активности,,needs_human,UI string
%lld recovery activity,%lld восстановительная активность,,needs_human,UI string
%lld saved items,%lld сохранённых,,needs_human,UI string
%lld sessions,%lld тренировок,,needs_human,UI string
%lld signals,сигналы · %lld,,needs_human,UI string
%lld this week,%lld на неделе,,needs_human,UI string
%lld workout,%lld тренировка,,needs_human,UI string
%lld workouts,%lld тренировки,,needs_human,UI string
%lld%%,%lld%%,,needs_human,UI string
%lld%% recovery today,%lld%% восстановления сегодня,,needs_human,UI string
"%lld%% recovery • HRV %lld, RHR %lld","%lld%% восстановления • ВСР %lld, ПП %lld",,needs_human,UI string
%lld%% recovery • body looks ready,%lld%% восстановления • тело готово,,needs_human,UI string
%lld%% recovery • refining after sleep data,%lld%% восстановления • уточню после данных о сне,,needs_human,UI string
%lld%% recovery • short sleep had limited impact,%lld%% восстановления • короткий сон почти не повлиял,,needs_human,UI string
%lld%% recovery • shorter sleep noted,%lld%% восстановления • сон был короче,,needs_human,UI string
%lld%% recovery • sleep is limiting today,%lld%% восстановления • сон сегодня ограничивает,,needs_human,UI string
%lld+ bpm,%lld+ уд/мин,,needs_human,UI string
%lldg,%lld г,,needs_human,UI string
%lldg of %lldg protein reached,%lld г из %lld г белка набрано,,needs_human,UI string
%lldg protein remaining,%lld г белка осталось,,needs_human,UI string
%lldg protein • %lld kcal left,%lld г белка • %lld ккал осталось,,needs_human,UI string
%lldg serving,Порция %lld г,,needs_human,UI string
%lldh,%lld ч,,needs_human,UI string
%lldh ago,%lld ч назад,,needs_human,UI string
%lldm,%lld мин,,needs_human,UI string
%lldm ago,%lld мин назад,,needs_human,UI string
%lld–%lld bpm,%lld–%lld уд/мин,,needs_human,UI string
(%@),(%@),(%@),keep,brand/code/format — do not translate
(%lld),(%lld),,needs_human,UI string
(per 100g),(на 100 г),,needs_human,UI string
+%d bpm above baseline,+%d уд/мин выше базового,,needs_human,UI string
+0.25L,"+0,25 л",,needs_human,UI string
+1 hour,+1 час,,needs_human,UI string
+500 ml,+500 мл,,needs_human,UI string
/ %lld,/ %lld,,needs_human,UI string
/100,/100,/100,keep,brand/code/format — do not translate
08:00,08:00,08:00,keep,brand/code/format — do not translate
1 L,1 л,,needs_human,UI string
1 bar,1 батончик,,needs_human,UI string
1 cup,1 чашка,,needs_human,UI string
1 glass,1 стакан,,needs_human,UI string
1 selected,1 выбрано,,needs_human,UI string
1 serving,1 порция,,needs_human,UI string
10 minutes,10 минут,,needs_human,UI string
100,100,100,keep,brand/code/format — do not translate
100 g,100 г,,needs_human,UI string
120–140 bpm,120–140 уд/мин,,needs_human,UI string
14:00,14:00,14:00,keep,brand/code/format — do not translate
15 minutes,15 минут,,needs_human,UI string
15d,15 дн.,,needs_human,UI string
15–30 minutes is usually enough,15–30 минут обычно достаточно,,needs_human,UI string
20-30 min,20–30 мин,,needs_human,UI string
200 g,200 г,,needs_human,UI string
200 ml,200 мл,,needs_human,UI string
200-300 ml only if thirsty,"200–300 мл, только если хочется пить",,needs_human,UI string
25-40g protein + carbs,25–40 г белка + углеводы,,needs_human,UI string
3 breaks,3 паузы,,needs_human,UI string
30-60g carbs if hungry,"30–60 г углеводов, если голодны",,needs_human,UI string
30-60g carbs/hour,30–60 г углеводов в час,,needs_human,UI string
300 ml,300 мл,,needs_human,UI string
30d ago,30 дн. назад,,needs_human,UI string
48 min,48 мин,,needs_human,UI string
5 minutes,5 минут,,needs_human,UI string
500 ml,500 мл,,needs_human,UI string
60-90g carbs/hour if tolerated,"60–90 г углеводов в час, если хорошо переносите",,needs_human,UI string
7 days,7 дней,,needs_human,UI string
7 days · One action a day,7 дней · Одно действие в день,,needs_human,UI string
7-DAY CHALLENGE,7-ДНЕВНЫЙ ЧЕЛЛЕНДЖ,,needs_human,UI string
7-Day Recovery Challenge,7-дневный Recovery Challenge,,needs_human,UI string
7-Day Recovery Challenge introduction,Введение в 7-дневный Recovery Challenge,,needs_human,UI string
7-day challenge,7-дневный челлендж,,needs_human,UI string
72 target,Цель 72,,needs_human,UI string
7h 58m,7 ч 58 мин,,needs_human,UI string
7h target,Цель 7 ч,,needs_human,UI string
< %lld bpm,< %lld уд/мин,,needs_human,UI string
A %@ ride is ahead. Keep the first part easy and settle into a steady rhythm.,Впереди заезд %@. Начните спокойно и войдите в ровный ритм.,,needs_human,UI string
A %@ run is ahead. Start slower than you want to and build only if the body feels good.,"Впереди пробежка %@. Начните медленнее, чем хочется, и ускоряйтесь только если тело отвечает хорошо.",,needs_human,UI string
A cleaner week of logs will make the next insight more personal.,Более чистая неделя записей сделает следующий инсайт более персональным.,,needs_human,UI string
"A coach should use good readiness as an opportunity, not only react to missing water or food.","Хорошую готовность стоит использовать как возможность, а не только реагировать на нехватку воды или еды.",,needs_human,UI string
A coach should use the current real-world step instead of ignoring it because it is not a workout.,"Тренер должен учитывать текущий реальный шаг, даже если это не тренировка.",,needs_human,UI string
"A coach-relevant activity is planned later, outside the preparation window.","Позже запланирована активность, важная для Тренера, но окно подготовки еще не началось.",,needs_human,UI string
A completed activity ended within the recent-memory window.,"Недавняя активность завершилась достаточно недавно, чтобы учитывать ее в дне.",,needs_human,UI string
A consistent bedtime and lower late-evening stimulation may help.,Стабильное время отхода ко сну и меньше стимуляции поздно вечером могут помочь.,,needs_human,UI string
A consistent week gives Coach something useful to compare.,Последовательная неделя даёт Тренеру полезный материал для сравнения.,,needs_human,UI string
A few days,Несколько дней,这几天,curated,UI string
A few more consistent days will let Insights separate signal from noise.,Ещё несколько последовательных дней позволят Инсайтам отделить сигнал от шума.,,needs_human,UI string
A few simple ways to use WeekFit better.,Несколько простых способов использовать WeekFit лучше.,,needs_human,UI string
A food meal is currently active.,Сейчас идет прием пищи.,,needs_human,UI string
A gentle protein breakfast gives recovery something to work with after yesterday.,Лёгкий белковый завтрак даёт восстановлению материал после вчерашней нагрузки.,,needs_human,UI string
A good day gives you options; it does not require a hard session.,"Хороший день дает выбор, но не требует тяжелой тренировки.",,needs_human,UI string
A hard plan only works when the body can absorb it.,Тяжелый план работает только когда тело способно его усвоить.,,needs_human,UI string
A hard push after very low sleep usually gives you cost without the quality that makes training worthwhile.,"Тяжелый рывок после очень короткого сна обычно дает больше цены, чем качества.",,needs_human,UI string
A hard session after very low sleep can cost recovery without producing the quality you wanted.,Тяжелая тренировка после очень короткого сна может стоить восстановления и не дать нужного качества.,,needs_human,UI string
A hard session is easier to execute when energy is available before it starts.,"Тяжелую тренировку легче выполнить, когда энергия есть до старта.",,needs_human,UI string
"A hard session just ended, so light recovery support is still useful.","Тяжелая тренировка только закончилась, поэтому легкая помощь восстановлению все еще полезна.",,needs_human,UI string
A light reset for a busy day — not a workout.,Лёгкий сброс в насыщенный день — не тренировка.,,needs_human,UI string
A little food and fluid now makes the %@ easier to absorb.,Немного еды и воды сейчас помогут легче пройти %@.,,needs_human,UI string
A little water now can help later.,Немного воды сейчас поможет позже.,,needs_human,UI string
"A meal is active, so the useful coaching move is to anchor the next block around it.","Сейчас идет прием пищи, поэтому следующий блок лучше строить вокруг него.",,needs_human,UI string
A meaningful activity just finished.,Важная активность только что завершилась.,,needs_human,UI string
A meaningful training session is planned later today.,Позже сегодня запланирована важная тренировка.,,needs_human,UI string
"A missed activity is context, not the whole day.","Пропущенная активность — это контекст, а не весь день.",,needs_human,UI string
"A normal session is fine, but avoid forcing extra intensity.","Обычная тренировка подходит, но не форсируйте дополнительную интенсивность.",,needs_human,UI string
"A planned recovery day is useful space, not a gap to fill with more training.","Запланированный день восстановления — это полезное пространство, а не пробел для новой тренировки.",,needs_human,UI string
A preview of how Today reads.,Так Today будет читать ваш день.,,needs_human,UI string
A quick check-in helps us improve.,Короткий ответ поможет нам стать лучше.,,needs_human,UI string
"A recent session makes recovery, fuel, and hydration the next useful step.","Недавняя тренировка делает восстановление, еду и воду следующим полезным шагом.",,needs_human,UI string
A recovery activity is close.,Скоро восстановительная активность.,,needs_human,UI string
"A recovery activity is complete, and no post-workout recovery intervention is needed.","Восстановительная активность завершена, дополнительное восстановительное вмешательство после тренировки не нужно.",,needs_human,UI string
A recovery-oriented activity was completed.,Восстановительная активность завершена.,,needs_human,UI string
A relaxed walk can help the body transition into recovery for the night. Keep the evening calm from here.,Спокойная прогулка поможет телу перейти к ночному отдыху. Дальше держите вечер тихим.,,needs_human,UI string
A relaxed walk is a great way to wake the body without adding stress. Take that momentum into the day.,Спокойная прогулка мягко разбудит тело без лишнего стресса. Перенесите этот ритм в день.,,needs_human,UI string
"A reliable baseline will let Insights compare averages, direction and change instead of reporting raw logging counts.","Надёжный базовый уровень позволит Инсайтам сравнивать средние значения, направление и изменения вместо сырых счётчиков записей.",,needs_human,UI string
A saved item with this name already exists.,Сохраненный пункт с таким названием уже существует.,,needs_human,UI string
"A short chat about today’s sleep, training, and food.","Короткий чат про сегодняшний сон, тренировки и еду.",用简短对话了解今天的睡眠、训练和饮食。,draft_mt,UI string
"A short completed activity is recent enough to remember, but not heavy enough for post-workout recovery.","Короткая активность была недавно, но она недостаточно тяжелая, чтобы требовать восстановления после тренировки.",,needs_human,UI string
A short easy walk after a hard day helps the legs without stacking more training.,После тяжёлого дня лёгкая ходьба помогает ногам и не наслаивает новую тренировку.,,needs_human,UI string
A short evening boundary that makes room for wind-down.,"Короткая вечерняя граница, чтобы освободить место для отдыха.",,needs_human,UI string
A short pause without screens can help you settle before bed.,Короткая пауза без экранов поможет спокойнее перейти ко сну.,,needs_human,UI string
A short walk can help your legs feel less heavy,Короткая прогулка поможет ногам стать легче,,needs_human,UI string
A short warm-up and easy start should be enough for this session.,Короткой разминки и легкого старта должно хватить для этой тренировки.,,needs_human,UI string
A simple day to start — WeekFit is learning your rhythm.,Начнём с простого дня — WeekFit узнаёт ваш ритм.,,needs_human,UI string
A simple pause to lower the day’s noise.,"Простая пауза, чтобы снизить шум дня.",,needs_human,UI string
A small carb snack may help before the session,Небольшой перекус с углеводами может помочь перед тренировкой,,needs_human,UI string
A small snack may help before training,Небольшой перекус может помочь перед тренировкой,,needs_human,UI string
A small snack may make this feel easier.,Небольшой перекус может сделать это легче.,,needs_human,UI string
A small snack now is easier than catching up later,"Небольшой перекус сейчас проще, чем догонять потом",,needs_human,UI string
A steady breakfast keeps energy even before the day picks up.,"Спокойный завтрак держит энергию ровной, пока день не набрал ход.",,needs_human,UI string
A strong morning still needs a gentle setup before activity.,Даже сильное утро требует мягкого входа перед активностью.,,needs_human,UI string
A suggestion for your day,Есть предложение на сегодня,,needs_human,UI string
A very high load late in the day makes recovery more important than the current activity.,Очень высокая нагрузка поздно днем делает восстановление важнее текущей активности.,,needs_human,UI string
ACTION,ДЕЙСТВИЕ,,needs_human,UI string
ACTIVITY,АКТИВНОСТЬ,,needs_human,PRIORITY UI — tabs/onboarding/paywall/coach chrome
ACTIVITY LOAD,НАГРУЗКА АКТИВНОСТИ,,needs_human,PRIORITY UI — tabs/onboarding/paywall/coach chrome
ACTIVITY LOG,Журнал Активности,,needs_human,PRIORITY UI — tabs/onboarding/paywall/coach chrome
ACTIVITY SCORE,ОЦЕНКА АКТИВНОСТИ,,needs_human,PRIORITY UI — tabs/onboarding/paywall/coach chrome
ACTIVITY TIMELINE,ЛЕНТА АКТИВНОСТИ,,needs_human,PRIORITY UI — tabs/onboarding/paywall/coach chrome
ADJACENT SIGNAL,СМЕЖНЫЙ СИГНАЛ,,needs_human,UI string
About %1$d h %2$d min asleep last night.,Около %1$d ч %2$d мин сна прошлой ночью.,,needs_human,UI string
About %d bpm above your personal resting heart rate baseline.,Примерно на %d уд/мин выше вашего личного базового пульса в покое.,,needs_human,UI string
About %d bpm below your personal resting heart rate baseline.,Примерно на %d уд/мин ниже вашего личного базового пульса в покое.,,needs_human,UI string
About %d hours asleep last night.,Около %d ч сна прошлой ночью.,,needs_human,UI string
About %d%% above your personal overnight HRV baseline.,Примерно на %d%% выше вашего личного ночного базового HRV.,,needs_human,UI string
About %d%% below your personal overnight HRV baseline.,Примерно на %d%% ниже вашего личного ночного базового HRV.,,needs_human,UI string
About %dg protein left today — this closes the gap,Осталось около %d г белка сегодня — это закроет разрыв,,needs_human,UI string
About Stress Index,Об индексе нагрузки,,needs_human,UI string
About WeekFit,О WeekFit,,needs_human,UI string
Above target by +%lld,Выше цели на +%lld,,needs_human,UI string
Absorb the endurance load,Усвойте нагрузку на выносливость,,needs_human,UI string
Account,Аккаунт,,needs_human,UI string
Account Deleted,Аккаунт удалён,,needs_human,UI string
Account deletion,Удаление аккаунта,,needs_human,UI string
Account not found.,Аккаунт не найден.,,needs_human,UI string
Accumulated fatigue,Накопленная усталость,,needs_human,UI string
"Acknowledge it, then stay steady.",Учтите это и дальше держите ровно.,,needs_human,UI string
Active,Активна,,needs_human,UI string
Active Calories,Активные калории,,needs_human,UI string
Active Session,Активная тренировка,,needs_human,UI string
Active calories,Активные калории,,needs_human,UI string
Active calories are declining,Активные калории снижаются,,needs_human,UI string
Active day,Активный день,,needs_human,UI string
Active kcal,Активные ккал,,needs_human,UI string
Active recovery day,День для легкого движения,,needs_human,UI string
Activities,Активности,,needs_human,UI string
Activity,Активность,活动,curated,PRIORITY UI — tabs/onboarding/paywall/coach chrome
Activity Context,Контекст активности,,needs_human,PRIORITY UI — tabs/onboarding/paywall/coach chrome
Activity Details,Детали активности,,needs_human,PRIORITY UI — tabs/onboarding/paywall/coach chrome
Activity Reminders,Напоминания об активности,,needs_human,PRIORITY UI — tabs/onboarding/paywall/coach chrome
Activity Rings,Кольца активности,,needs_human,PRIORITY UI — tabs/onboarding/paywall/coach chrome
Activity base is building,База активности формируется,,needs_human,PRIORITY UI — tabs/onboarding/paywall/coach chrome
Activity base is fading,База активности ослабевает,,needs_human,PRIORITY UI — tabs/onboarding/paywall/coach chrome
"Activity can go above 100% when your movement, workouts, exercise minutes, or daily activity go beyond your current activity goal.","Активность может превышать 100%, когда движение, тренировки, минуты упражнений или дневная активность превышают текущую цель активности.",,needs_human,PRIORITY UI — tabs/onboarding/paywall/coach chrome
Activity context,Контекст активности,,needs_human,PRIORITY UI — tabs/onboarding/paywall/coach chrome
Activity data is shown from Apple Health when available.,"Данные активности показываются из Apple Health, когда они доступны.",,needs_human,PRIORITY UI — tabs/onboarding/paywall/coach chrome
Activity is rebuilding but needs consistency,"Активность восстанавливается, но нуждается в стабильности",,needs_human,PRIORITY UI — tabs/onboarding/paywall/coach chrome
"Activity is up, but efficiency is dropping","Активность выросла, но эффективность падает",,needs_human,PRIORITY UI — tabs/onboarding/paywall/coach chrome
Activity load,Нагрузка активности,,needs_human,PRIORITY UI — tabs/onboarding/paywall/coach chrome
Activity load increased versus the first half of the month,Нагрузка активности выросла относительно первой половины месяца,,needs_human,PRIORITY UI — tabs/onboarding/paywall/coach chrome
"Activity load is high and energy intake is behind. Add protein and easy carbs now, then keep intensity controlled.","Нагрузка высокая, а энергии не хватает. Добавьте белок и легкие углеводы, затем держите интенсивность под контролем.",,needs_human,PRIORITY UI — tabs/onboarding/paywall/coach chrome
Activity load stayed predictable,Нагрузка активности оставалась предсказуемой,,needs_human,PRIORITY UI — tabs/onboarding/paywall/coach chrome
Activity load was lighter than earlier in the month,"Нагрузка активности была легче, чем раньше в этом месяце",,needs_human,PRIORITY UI — tabs/onboarding/paywall/coach chrome
Activity log,Журнал активности,,needs_human,PRIORITY UI — tabs/onboarding/paywall/coach chrome
Activity needs recovery overlap before sustainability is clear.,"Активности нужно пересечение с восстановлением, чтобы понять устойчивость.",,needs_human,PRIORITY UI — tabs/onboarding/paywall/coach chrome
Activity review is building,Обзор активности формируется,,needs_human,PRIORITY UI — tabs/onboarding/paywall/coach chrome
Activity score,Оценка активности,,needs_human,PRIORITY UI — tabs/onboarding/paywall/coach chrome
"Activity shows how much you have moved compared to your current goal. Walks, workouts, exercise minutes, and Apple Watch activity can all move this number.","Активность показывает, сколько вы двигались относительно текущей цели. Прогулки, тренировки, минуты упражнений и активность Apple Watch могут менять это число.",,needs_human,PRIORITY UI — tabs/onboarding/paywall/coach chrome
Activity suggestions,Активность,,needs_human,PRIORITY UI — tabs/onboarding/paywall/coach chrome
Activity timeline,Лента активности,,needs_human,PRIORITY UI — tabs/onboarding/paywall/coach chrome
Activity totals are shown from Apple Health.,Итоги активности берутся из Apple Health.,,needs_human,PRIORITY UI — tabs/onboarding/paywall/coach chrome
Activity window closed. Let's review %@ when you are ready to adjust your macros.,"Окно активности закрыто. Вернемся к %@, когда будете готовы скорректировать макроэлементы.",,needs_human,PRIORITY UI — tabs/onboarding/paywall/coach chrome
"Adaptation comes from absorbing the work, not constantly adding more.","Адаптация приходит от усвоения нагрузки, а не от постоянного добавления новой.",,needs_human,UI string
Adaptive,Адаптивно,,needs_human,UI string
Adaptive AI Coach,Адаптивный AI-тренер,,needs_human,UI string
Adaptive calorie targets,Адаптивные цели калорий,,needs_human,UI string
Adaptive calories,Адаптивные калории,,needs_human,UI string
Add %@,Добавить %@,,needs_human,UI string
Add %@ at %@,Добавить %@ в %@,,needs_human,UI string
Add %@ portions,Добавить %@ порции,,needs_human,UI string
Add 25–30g protein,Добавьте 25–30g белок,,needs_human,UI string
Add 30-60 g carbs before leaving and start easy.,Добавьте 30–60 г углеводов перед выходом и начните легко.,,needs_human,UI string
Add 300-500 ml over the next hour,Добавьте 300–500 мл в течение следующего часа,,needs_human,UI string
Add 30–40g protein,Добавьте 30–40g белок,,needs_human,UI string
Add 400-600 ml,Добавьте 400–600 мл,,needs_human,UI string
Add 40g protein,Добавьте 40g белок,,needs_human,UI string
Add Carbs,Добавьте углеводы,,needs_human,UI string
Add Habit,Добавить привычку,,needs_human,UI string
Add Minerals,Добавьте минералы,,needs_human,UI string
Add Protein,Добавьте Белок,,needs_human,UI string
Add Workout,Добавить тренировку,,needs_human,UI string
Add a %d-min recovery walk at %@,Добавить восстановительную ходьбу %d мин в %@,,needs_human,UI string
"Add a meal, workout or recovery activity to your timeline.","Добавьте еду, тренировку или восстановление в таймлайн.",,needs_human,UI string
Add a name before saving.,Добавьте название перед сохранением.,,needs_human,UI string
"Add a name, serving size, and at least one nutrition value.","Добавьте название, размер порции и хотя бы одно значение питательности.",,needs_human,UI string
Add a new food to your library,Добавьте новый продукт в библиотеку,,needs_human,UI string
Add a photo of your food,Добавьте фото еды,,needs_human,UI string
Add a short message first,Сначала напишите короткое сообщение,,needs_human,UI string
Add a small carb top-up if hungry,"Добавьте небольшой углеводный перекус, если голодны",,needs_human,UI string
"Add a workout, meal, or recovery.","Добавьте тренировку, еду или восстановление.",,needs_human,UI string
Add activity,Добавить активность,,needs_human,UI string
"Add an activity, meal or plan and WeekFit will have more context for today.","Добавьте активность, еду или план — и у WeekFit будет больше контекста на сегодня.",,needs_human,UI string
Add at least one nutrition value.,Добавьте хотя бы одно значение питания.,,needs_human,UI string
Add breakfast,Добавить завтрак,,needs_human,UI string
Add dinner,Добавить ужин,,needs_human,UI string
Add easy carbs plus protein,Добавьте легкие углеводы и белок,,needs_human,UI string
Add easy fuel,Добавьте легко питание,,needs_human,UI string
Add habit,Добавить привычку,,needs_human,UI string
Add light carbs if energy is low (banana),"Добавьте легкие углеводы, если мало энергии (банан)",,needs_human,UI string
Add lunch,Добавить обед,,needs_human,UI string
Add meal,Добавить прием пищи,,needs_human,UI string
Add one recovery day.,Добавьте один день восстановления.,,needs_human,UI string
"Add protein (Greek yogurt, eggs, chicken or shake)","Добавьте белок (греческий йогурт, яйца, курица или шейк)",,needs_human,UI string
Add protein to support repair and keep your energy more stable.,"Добавьте белок, чтобы телу было из чего восстановиться и энергия была ровнее.",,needs_human,UI string
Add protein to your next meal to support muscle maintenance and keep energy stable.,"Добавьте белок в следующий прием пищи, чтобы сохранить мышцы и ровную энергию.",,needs_human,UI string
Add recovery,Добавить восстановление,,needs_human,UI string
Add recovery support,Добавьте восстановление,,needs_human,UI string
Add recovery walk,Добавить восстановительную ходьбу,,needs_human,UI string
Add simple food before training so the session starts easy instead of rushed.,"Добавьте простую еду перед тренировкой, чтобы старт был спокойным, а не спешным.",,needs_human,UI string
Add simple food that is easy to digest.,"Добавьте простую еду, которую легко переварить.",,needs_human,UI string
"Add simple fuel if you need steady energy, especially before activity.","Если нужна ровная энергия, добавьте простую еду, особенно перед активностью.",,needs_human,UI string
Add snack,Добавить перекус,,needs_human,UI string
Add strips of salmon and avocado along the center line.,Выложите полоски лосося и авокадо по центру.,,needs_human,UI string
Add the tomatoes to the pan and cook until they soften and release juices.,"Добавьте помидоры на сковороду и готовьте, пока они не размягчатся и не пустят сок.",,needs_human,UI string
"Add the tomatoes, season, and simmer until the sauce thickens slightly.","Добавьте помидоры, посолите и тушите, пока соус немного загустеет.",,needs_human,UI string
"Add the workouts you actually want to do, then leave space for recovery, meals, water, and sleep.","Добавьте тренировки, которые действительно хотите сделать, и оставьте место для восстановления, питания, воды и сна.",,needs_human,UI string
Add to %@,Добавить на %@,,needs_human,UI string
"Add training, meals, recovery, hydration, or sleep structure.","Добавьте тренировки, питание, восстановление, воду или структуру сна.",,needs_human,UI string
"Add vegetables, toppings and dressing if included.","Добавьте овощи, топпинги и соус, если они есть.",,needs_human,UI string
Add water and drinks,Добавьте воду и напитки,,needs_human,UI string
Add workout,Добавить тренировку,,needs_human,UI string
"Add workouts, recovery and other plans so WeekFit can prepare for what is coming.","Добавляйте тренировки, восстановление и другие планы — так WeekFit готовится к тому, что впереди.",,needs_human,UI string
"Add workouts, recovery, meals, and habits so guidance can prepare for the day ahead.","Добавьте тренировки, восстановление, питание и привычки — чтобы подсказки готовились к дню заранее.",,needs_human,UI string
Add your name,Добавьте имя,,needs_human,UI string
Add your plans and meals now. You can connect body signals whenever you’re ready.,"Добавьте планы и питание. Сигналы тела можно подключить, когда будете готовы.",,needs_human,UI string
Add ~400-600 ml,Добавьте ~400–600 мл,,needs_human,UI string
Add-ons,Добавки,,needs_human,UI string
Adding 30-45 minutes of sleep is more likely to improve recovery than adding another workout right now.,"Добавить 30–45 минут сна сейчас вероятнее улучшит восстановление, чем ещё одна тренировка.",,needs_human,UI string
Adding another workout because you still feel good right now.,"Добавлять еще одну тренировку только потому, что прямо сейчас есть силы.",,needs_human,UI string
Adding another workout because you still feel good.,"Добавлять еще одну тренировку только потому, что сейчас есть силы.",,needs_human,UI string
Adding intensity just because recovery is high. Today does not require a hard session.,"Добавлять интенсивность только потому, что показатели хорошие. Сегодня тяжелая тренировка не нужна.",,needs_human,UI string
Adding intensity only because the numbers look good.,"Добавлять интенсивность только потому, что цифры выглядят хорошо.",,needs_human,UI string
Adding intensity or extra structure late.,Добавлять интенсивность или лишнюю структуру поздно вечером.,,needs_human,UI string
Adding intensity or extra structure overnight.,Добавлять интенсивность или лишнюю структуру ночью.,,needs_human,UI string
Adding load when recovery is limited can make tomorrow harder than it needs to be.,"Если добавить нагрузку при ограниченном восстановлении, завтра может стать тяжелее, чем нужно.",,needs_human,UI string
Adding load would compete with the recovery you are trying to build.,"Дополнительная нагрузка будет конкурировать с восстановлением, которое вы пытаетесь собрать.",,needs_human,UI string
Adding more activity later tonight.,Добавлять активность поздно вечером.,,needs_human,UI string
Adding more food right before the start or forgetting fluids if training is actually next.,"Добавлять еду прямо перед стартом или забыть воду, если тренировка уже скоро.",,needs_human,UI string
Adding more work after the useful signal is already complete.,"Добавлять работу после того, как главный сигнал уже получен.",,needs_human,UI string
Adding stress that carries into the next block.,"Добавлять стресс, который перейдет в следующий блок.",,needs_human,UI string
Adding structure the day does not need.,"Добавлять структуру, которая сегодня не нужна.",,needs_human,UI string
Adding unnecessary intensity.,Добавлять лишнюю интенсивность.,,needs_human,UI string
Adjust ingredients and save changes.,Измените ингредиенты и сохраните правки.,,needs_human,UI string
Adjust the plan if readiness stays low.,"Скорректируйте план, если готовность остается низкой.",,needs_human,UI string
Adjust training readiness,Настройте готовность к тренировке,,needs_human,UI string
"Adjust training, recovery and nutrition when your condition changes.","Корректирует тренировки, восстановление и питание, когда состояние меняется.",,needs_human,UI string
Adjustments need a refresh,Правки нужно обновить,,needs_human,UI string
Aerobic,Аэробная,,needs_human,UI string
After Coach,Стало,,needs_human,UI string
After access,После доступа,,needs_human,UI string
After heat,После бани,,needs_human,UI string
"After heat, avoid rushing into hard effort. Let your body return to baseline.",После тепла не спешите переходить к тяжелому усилию. Дайте телу вернуться к базовому состоянию.,,needs_human,UI string
"After heat, rehydrate slowly and give yourself time.",После тепла пейте постепенно и дайте себе время.,,needs_human,UI string
"After sunset, or from 8:00 PM",После заката или с 20:00,,needs_human,UI string
Afternoon,Днём,,needs_human,UI string
Aim for 4–6 breaths/min,Ориентируйтесь на 4–6 вдохов в минуту,,needs_human,UI string
Aim for similar bed and wake times on the nights you can measure.,"Стремитесь к похожему времени отхода ко сну и подъёма в ночи, которые можете отслеживать.",,needs_human,UI string
Aligned with Coach context,Согласовано с контекстом Тренера,,needs_human,UI string
All Drinks,Все напитки,,needs_human,UI string
All Meals,Все блюда,,needs_human,UI string
All Recovery,Всё для восстановления,,needs_human,UI string
All Snacks,Все перекусы,,needs_human,UI string
All Workouts,Все тренировки,,needs_human,UI string
All good,Всё хорошо,,needs_human,UI string
All targets crushed early. Great pacing — focus on steady active recovery blocks.,Все цели закрыты рано. Отличный темп — теперь можно спокойно восстанавливаться.,,needs_human,UI string
Allow Workout Routes in Apple Health to see the map.,"Разрешите «Маршруты тренировок» в «Здоровье», чтобы видеть карту.",,needs_human,PRIORITY UI — tabs/onboarding/paywall/coach chrome
"Allow workouts, sleep, heart data and steps to unlock smarter guidance.","Разрешите тренировки, сон, пульс и шаги, чтобы открыть более умные рекомендации.",,needs_human,PRIORITY UI — tabs/onboarding/paywall/coach chrome
Almonds,Миндаль,,needs_human,UI string
Almost there,Почти готово,,needs_human,UI string
Already have an account? Sign in,Уже есть аккаунт? Войти,,needs_human,UI string
Also possible,Ещё можно,,needs_human,UI string
"Always consult a qualified healthcare professional before making health-related decisions, starting a new training program, changing your diet, or relying on app-based guidance if you have any medical condition, injury, pregnancy, medication use, or other health concern.","Всегда консультируйтесь с квалифицированным медицинским специалистом перед решениями, связанными со здоровьем, началом новой программы тренировок, изменением питания или использованием рекомендаций приложения, если у вас есть заболевание, травма, беременность, прием лекарств или другие вопросы по здоровью.",,needs_human,UI string
Always on,Всегда включён,,needs_human,UI string
An activity is live and no stronger blocker needs to interrupt it.,"Активность уже идет, и нет более сильного сигнала, который требует вмешательства.",,needs_human,UI string
An easy start is enough. Let the session settle before increasing pace.,"Легкого старта достаточно. Дайте темпу устояться, прежде чем ускоряться.",,needs_human,UI string
Analyzing your data…,Анализируем ваши данные…,,needs_human,UI string
Analyzing your day: You have only %@L of water logged with %lld workouts done. Low-intensity volume will increase vascular dehydration. DO NOT wait until evening — log 350ml right now.,"За день записано только %@ л воды при %lld тренировках. Стоит выпить 350 мл прямо сейчас, а не ждать вечера.",,needs_human,UI string
"And it was likely the right call. Your recovery baselines dropped early in the cycle, and you naturally scaled back your activity volume to prevent burnout and protect your body.","И, вероятно, это было правильным решением. Базовые показатели восстановления снизились в начале цикла, и вы естественно уменьшили активность, чтобы избежать перегруза и защитить тело.",,needs_human,UI string
Annual,Год,,needs_human,UI string
Anomaly story,История аномалии,,needs_human,UI string
"Answers about syncing, planning, and metrics","Ответы о синхронизации, планировании и метриках",,needs_human,UI string
Answers to the questions you may have while using WeekFit.,"Ответы на вопросы, которые могут возникнуть при использовании WeekFit.",,needs_human,UI string
Anti-Inflammatory,Противовоспалительное,,needs_human,UI string
Anytime,Когда угодно,,needs_human,UI string
App Review Demo,Демо-режим,,needs_human,UI string
Appearance,Оформление,,needs_human,UI string
Apple,Яблоко,,needs_human,UI string
Apple Health,Apple Health,,needs_human,UI string
Apple Health & Device Data,Данные Apple Health и устройств,,needs_human,UI string
Apple Health Permissions,Разрешения Apple Health,,needs_human,UI string
"Apple Health brings sleep, recovery and workouts into today’s guidance.","Apple Health добавляет сон, восстановление и тренировки в подсказки на сегодня.",,needs_human,UI string
Apple Health connected,Apple Health подключен,,needs_human,UI string
Apple Health does not have sleep data for this night.,В Apple Health нет данных сна за эту ночь.,,needs_human,UI string
Apple Health does not have your weight or height yet. Pick the goal that fits you — calories and activity targets will follow it.,В Apple Health пока нет веса или роста. Выберите цель — от неё посчитаются калории и активность.,,needs_human,UI string
Apple Health fills in the blanks.,Apple Health дополняет картину.,,needs_human,UI string
"Apple Health gives WeekFit the recovery, activity, sleep and workout signals it uses to make guidance more personal.","Apple Health даёт WeekFit сигналы восстановления, активности, сна и тренировок — чтобы подсказки были личнее.",,needs_human,UI string
Apple Health helps WeekFit work more accurately.,Apple Health помогает WeekFit работать точнее.,,needs_human,UI string
Apple Health improves personalization.,Apple Health улучшает персонализацию.,,needs_human,UI string
Apple Health improves personalization. You stay in control — connect when you're ready.,"Apple Health улучшает персонализацию. Вы решаете, когда подключить его.",,needs_human,UI string
Apple Health measures,Apple Health измеряет,,needs_human,UI string
"Apple Health measures it.
WeekFit understands it.
Coach tells you what matters today.","Apple Health это измеряет.
WeekFit это понимает.
Тренер говорит, что важно сегодня.",,needs_human,UI string
Apple Watch,Apple Watch,,needs_human,UI string
Apple Watch activity syncs through Apple Health.,Активность с Apple Watch приходит через Apple Health.,,needs_human,UI string
Apple Watch not paired,Apple Watch не сопряжён,,needs_human,UI string
Apple Watch sync,Apple Watch,,needs_human,UI string
Apple Watch works through Apple Health.,Apple Watch работает через Apple Health.,,needs_human,UI string
Applied,Применено,,needs_human,UI string
Applies only the adjustments you selected,Применяет только выбранные правки,,needs_human,UI string
Apply %d changes,Применить %d изменения,,needs_human,UI string
Apply changes,Применить изменения,,needs_human,UI string
Applying…,Применяю…,,needs_human,UI string
Are nutrition values exact?,Значения питания точные?,,needs_human,UI string
"Arrange rice, eggs, and spinach in a bowl; tear nori over the top.","Выложите в миску рис, яйца и шпинат; сверху порвите нори.",,needs_human,UI string
Arrange the strawberries over the yogurt.,Разложите клубнику поверх йогурта.,,needs_human,UI string
Arrive fresh and avoid unnecessary fatigue.,Подойдите свежим и не копите лишнюю усталость.,,needs_human,UI string
Arrive fueled and fresh.,Подойдите с энергией и свежестью.,,needs_human,UI string
Arrive hydrated for heat,Перед жарой заранее попейте воды.,,needs_human,UI string
Arrive ready for heat,Подойдите к высокой температуре готовыми,,needs_human,UI string
Arrive settled for heat,Подойдите к теплу спокойно,,needs_human,UI string
Arriving steady makes heat safer and easier to recover from.,"Если подойти спокойно, тепло будет безопаснее и восстановиться будет проще.",,needs_human,UI string
"As your body changes, so does today.",Тело меняется — и день меняется вместе с ним.,,needs_human,UI string
Ask Coach,Спросить тренера,,needs_human,UI string
Ask another question,Задать другой вопрос,,needs_human,UI string
Asleep,Сон,,needs_human,UI string
Asparagus,Спаржа,,needs_human,UI string
"Assemble bowls with noodles, hot broth, chicken, bok choy, and egg.","Соберите тарелки: лапша, горячий бульон, курица, бок-чой и яйцо.",,needs_human,UI string
Assessing recovery,Оцениваю восстановление,,needs_human,UI string
Assessing your recovery,Оцениваю восстановление,,needs_human,UI string
Assistant,Ассистент,助手,draft_mt,UI string
At least one planned activity was missed or skipped.,Как минимум одна запланированная активность пропущена или не выполнена.,,needs_human,UI string
"At this hour, recovery is mostly won by staying asleep.",В это время восстановление чаще всего выигрывается сном.,,needs_human,UI string
Automatic,Автоматически,,needs_human,UI string
Available,Доступно,,needs_human,UI string
Available %@,Доступно %@,,needs_human,UI string
Average,Средний,,needs_human,UI string
Average sleep is the strongest support signal in this trend.,Средний сон — самый сильный поддерживающий сигнал в этом тренде.,,needs_human,UI string
Avg %lld bpm,Средн. %lld уд/мин,,needs_human,UI string
Avg Cadence,Средний каденс,,needs_human,UI string
Avg Heart Rate,Средний пульс,,needs_human,UI string
Avg Pace,Средний темп,,needs_human,UI string
Avg Speed,Средняя скорость,,needs_human,UI string
Avocado,Авокадо,,needs_human,UI string
Avocado Toast,Тост с авокадо,,needs_human,UI string
Avoid adding digestive stress,Не перегружайте пищеварение.,,needs_human,UI string
Avoid adding extra workouts,Не добавляйте лишние тренировки,,needs_human,UI string
Avoid adding heavy food now.,Не добавляйте тяжелую еду сейчас.,,needs_human,UI string
Avoid adding intensity,Избегайте добавлять интенсивность,,needs_human,UI string
Avoid adding intensity to recovery work.,Избегайте добавлять интенсивность к восстановительной работе.,,needs_human,UI string
Avoid adding load,Не добавляйте нагрузку,,needs_human,UI string
Avoid adding more hard work today.,Избегайте добавлять еще тяжелую работу сегодня.,,needs_human,UI string
Avoid additional training,Не добавляйте тренировку,,needs_human,UI string
Avoid all-out rallies,Избегайте розыгрышей на максимум,,needs_human,UI string
Avoid all-out rallies every point,Не играйте каждый розыгрыш на максимум,,needs_human,UI string
Avoid another hard session,Не добавляйте еще одну тяжелую тренировку,,needs_human,UI string
Avoid another hard workout,Избегайте еще одной тяжелой тренировки,,needs_human,UI string
Avoid another high-intensity block,Избегайте еще одного интенсивного блока,,needs_human,UI string
Avoid another high-intensity block today.,Избегайте еще одного высокоинтенсивного блока сегодня.,,needs_human,UI string
Avoid chasing pace,Не гонитесь за темпом,,needs_human,UI string
Avoid extra intensity,Избегайте дополнительной интенсивности,,needs_human,UI string
Avoid extra sets,Избегайте дополнительных подходов,,needs_human,UI string
Avoid forcing deep positions,Не продавливайте глубокие положения,,needs_human,UI string
Avoid hard effort,Избегайте тяжелого усилия,,needs_human,UI string
Avoid hard effort after heat,Избегайте тяжелой нагрузки после тепла,,needs_human,UI string
Avoid hard training after heat,Избегайте тяжелой тренировки после тепла,,needs_human,UI string
Avoid hard training right after heat.,Избегайте тяжелой тренировки сразу после тепла.,,needs_human,UI string
Avoid heavy food right before sleep,Избегайте тяжелой еды прямо перед сном,,needs_human,UI string
Avoid jumping back into stress,Не возвращайтесь резко в стресс,,needs_human,UI string
Avoid making digestion the last stressor,Не заканчивайте день тяжелой едой.,,needs_human,UI string
Avoid painful positions,Избегайте болезненных положений,,needs_human,UI string
Avoid pushing duration if you feel lightheaded.,"Не увеличивайте длительность, если чувствуете легкое головокружение.",,needs_human,UI string
Avoid pushing early,Не давите с самого начала,,needs_human,UI string
Avoid pushing early hills,Не давите на ранних подъемах,,needs_human,UI string
Avoid pushing into discomfort.,Не заходите в дискомфорт.,,needs_human,UI string
Avoid pushing on climbs too early,Не давите на подъемах слишком рано,,needs_human,UI string
Avoid pushing too early,Не давите слишком рано,,needs_human,UI string
Avoid rushing,Не спешите,,needs_human,UI string
Avoid rushing after,Не спешите после,,needs_human,UI string
Avoid rushing to close the gap,Не догоняйте цель рывком,,needs_human,UI string
Avoid stacking another hard session today.,Не добавляйте сегодня еще одну тяжелую тренировку.,,needs_human,UI string
Avoid stacking intensity,Не наслаивайте интенсивность,,needs_human,UI string
Avoid starting dry,Не стартуйте без воды,,needs_human,UI string
Avoid sudden hard pushes,Избегайте резких сильных ускорений,,needs_human,UI string
Avoid turning a late session into a max-effort workout.,Не превращайте позднюю тренировку в работу на максимуме.,,needs_human,UI string
Avoid turning control into extra stress,Не превращайте контроль в лишний стресс,,needs_human,UI string
Avoid turning every rally into maximal effort.,Не превращайте каждый розыгрыш в максимальное усилие.,,needs_human,UI string
Avoid unnecessary intensity,Избегайте лишней интенсивности,,needs_human,UI string
Avoid: %@,Избегайте: %@,,needs_human,UI string
Awaiting morning confirmation,Ожидает утреннего подтверждения,,needs_human,UI string
Awake,Бодрствование,,needs_human,UI string
Awake moments,Пробуждения,,needs_human,UI string
BIGGEST OPPORTUNITY,ГЛАВНАЯ ВОЗМОЖНОСТЬ,,needs_human,UI string
BMR (Basal Metabolic Rate) is your estimated base energy need — the calories your body uses at rest.,"BMR (базальный обмен) — это примерная базовая потребность в энергии: калории, которые тело тратит в покое.",,needs_human,UI string
BPM,уд/мин,BPM,keep,brand/code/format — do not translate
BUILDING PATTERNS,ФОРМИРОВАНИЕ ПАТТЕРНОВ,,needs_human,UI string
Back,Назад,返回,draft_mt,UI string
Back to sign in,Вернуться ко входу,,needs_human,UI string
Back to week,Назад к неделе,,needs_human,UI string
Balance Meals,Сбалансируйте еду,,needs_human,UI string
Balance hard and easy days,Балансируйте тяжелые и легкие дни,,needs_human,UI string
Balanced,Сбалансированное,,needs_human,UI string
Balanced Day,День в балансе,,needs_human,UI string
Balanced Dinner,Сбалансированный ужин,,needs_human,UI string
Balanced dinner,Сбалансированный ужин,,needs_human,UI string
Balanced ingredients,Сбалансированные ингредиенты,,needs_human,UI string
Balanced intake for stable weight,Баланс калорий для стабильного веса,,needs_human,UI string
Balanced load,Сбалансированная нагрузка,,needs_human,UI string
Balanced macros,Сбалансированные макросы,,needs_human,UI string
Balanced morning option without going too heavy,Сбалансированный утренний вариант без перегруза,,needs_human,UI string
Balanced sleep structure,Сбалансированная структура сна,,needs_human,UI string
Balanced training time,Сбалансированное время тренировки,,needs_human,UI string
Banana,Банан,,needs_human,UI string
"Banana, toast, fruit, or yogurt","Банан, тост, фрукты или йогурт",,needs_human,UI string
Bank today's recovery overnight.,Закрепите сегодняшнее восстановление ночью.,,needs_human,UI string
"Bank today's recovery.
Tomorrow is where it pays off.","Закрепите сегодняшнее восстановление.
Завтра оно сработает.",,needs_human,UI string
Base,Основа,,needs_human,UI string
Base Load,Базовая нагрузка,,needs_human,UI string
Based on %d days of recent Apple Health data.,На основе %d дней недавних данных Apple Health.,,needs_human,UI string
Based on sleep plus personalized HRV and resting heart rate baselines.,На основе сна и персональных базовых уровней HRV и пульса в покое.,,needs_human,UI string
"Based on sleep, yesterday’s load, today’s plan, and what’s next.","С учётом сна, вчерашней нагрузки, плана на сегодня и того, что впереди.",,needs_human,UI string
Based on training days that worked well for you.,"На основе тренировочных дней, которые хорошо вам подходили.",,needs_human,UI string
"Based on your Health data, we would suggest: %@",По данным Health мы бы предложили: %@,,needs_human,UI string
Based on your data,На основе ваших данных,,needs_human,UI string
Based on your profile,На основе вашего профиля,,needs_human,UI string
"Based on your recovery, movement, and goal, WeekFit has prepared today's guidance.","На основе восстановления, движения и цели WeekFit подготовил подсказки на сегодня.",,needs_human,UI string
Based on:,На основе:,,needs_human,UI string
Baseline,Базовый уровень,,needs_human,UI string
Baseline comparison,Сравнение с базовым,,needs_human,UI string
Baseline still building,Базовое значение формируется,,needs_human,UI string
Bases,Основы,,needs_human,UI string
Be willing to swap intensity for recovery,Будьте готовы заменить интенсивность восстановлением,,needs_human,UI string
"Because the active session is unclear, finish with reserve instead of proving the original plan.","Активная тренировка не распознана точно, поэтому завершите с запасом, а не доказывайте исходный план.",,needs_human,UI string
"Because the active session is unclear, keep the effort repeatable instead of chasing a specific plan.","Активная тренировка не распознана точно, поэтому держите усилие ровным, а не догоняйте конкретный план.",,needs_human,UI string
"Because the active session is unclear, keep the first minutes neutral and avoid locking into targets.","Активная тренировка не распознана точно, поэтому первые минуты держите нейтральными и не фиксируйтесь на целях.",,needs_human,UI string
"Because the active session is unclear, treat recovery as the next priority.","Активная тренировка не распознана точно, поэтому следующий приоритет — восстановиться.",,needs_human,UI string
Because you chose %@.,Вы выбрали: %@.,,needs_human,UI string
"Because your goal is balance, today focuses on steady energy.","Ваша цель — баланс, поэтому сегодня акцент на стабильной энергии.",,needs_human,UI string
"Because your goal is fat loss, today focuses on preserving muscle.","Ваша цель — снижение веса, поэтому сегодня акцент на сохранении мышц.",,needs_human,UI string
"Because your goal is muscle gain, today focuses on protecting recovery.","Ваша цель — набор мышц, поэтому сегодня акцент на защите восстановления.",,needs_human,UI string
Bedtime,Сон,,needs_human,UI string
Bedtime consistency,Регулярность отхода ко сну,,needs_human,UI string
Beef,Говядина,,needs_human,UI string
"Before today’s effort, eat a simple carb-and-protein breakfast so energy holds.",Перед сегодняшней нагрузкой съешьте простой завтрак с белками и углеводами — так энергия держится.,,needs_human,UI string
Behind,Отстаёт,,needs_human,UI string
Bell Pepper,Болгарский перец,,needs_human,UI string
Below normal,Ниже нормы,,needs_human,UI string
Below target,Ниже цели,,needs_human,UI string
Below target by %lld,Ниже цели на %lld,,needs_human,UI string
Best balanced option from your saved meals,Лучший сбалансированный вариант из сохранённых блюд,,needs_human,UI string
Best for today,Лучший на сегодня,,needs_human,UI string
Best macro balance today,Лучший баланс макросов сегодня,,needs_human,UI string
Best match for the current Coach focus,Лучше всего подходит под текущий фокус Тренера,,needs_human,UI string
Best match from saved meals,Лучшее совпадение среди сохранённых блюд,,needs_human,UI string
Best recovery choice after today's %@,Лучший вариант для восстановления после %@ сегодня,,needs_human,UI string
Best recovery choice after your session,Лучший вариант для восстановления после тренировки,,needs_human,UI string
Best recovery choice while the recovery window is open,"Лучший вариант для восстановления, пока открыто окно восстановления",,needs_human,UI string
Best time for you,Лучшее время для вас,,needs_human,UI string
Better sleep preparation tonight gives tomorrow a better starting point.,"Если сегодня лучше подготовиться ко сну, завтра старт будет сильнее.",,needs_human,UI string
Between sessions,Между тренировками,,needs_human,UI string
Blanch or sauté the green beans until tender-crisp.,Бланшируйте или обжарьте стручковую фасоль до лёгкого хруста.,,needs_human,UI string
Blueberries,Голубика,,needs_human,UI string
Body Goal,Цель по весу,,needs_human,UI string
"Body signals are connected. Add what you plan to do, and today's guidance becomes more relevant.","Сигналы тела подключены. Добавьте, что планируете — и подсказки станут точнее.",,needs_human,UI string
"Body signals reach Coach through Apple Health. When the day shifts, guidance shifts.","Сигналы тела доходят до Тренера через Apple Health. Когда день меняется, меняется и совет.",,needs_human,UI string
"Boil the pasta in salted water until al dente, then reserve a splash of cooking water.",Отварите пасту в подсоленной воде до al dente и оставьте немного воды от варки.,,needs_human,UI string
Break %d,Пауза %d,,needs_human,UI string
Break up your day,Разбей свой день,,needs_human,UI string
Breakfast,Завтрак,,needs_human,UI string
Breakfast not started • protein first,Завтрак не начат • сначала белок,,needs_human,UI string
Breakfast · planned,Завтрак · в плане,,needs_human,UI string
Breathe normally,Дышите обычно,,needs_human,UI string
Breathe relaxed,Дышите расслабленно,,needs_human,UI string
Breathing,Дыхание,,needs_human,UI string
Breathing block complete,Дыхательный блок завершен,,needs_human,UI string
Breathing complete,Дыхание завершено,,needs_human,UI string
"Breathing, stretching, mobility, walking, sauna, and sleep routines can all help WeekFit understand recovery and daily load.","Дыхание, растяжка, мобилити, ходьба, сауна и рутины сна помогают WeekFit понимать восстановление и дневную нагрузку.",,needs_human,UI string
Bring a bottle,Возьмите бутылку,,needs_human,UI string
Bring a bottle and add a small carb source before leaving.,Возьмите бутылку и добавьте небольшой источник углеводов перед выходом.,,needs_human,UI string
Bring fluids,Возьмите воду,,needs_human,UI string
Bring fluids back up before more demand.,Восполните воду перед новой нагрузкой.,,needs_human,UI string
Bring fluids online early,Начните пить воду заранее,,needs_human,UI string
Bring fluids up before asking more from the day.,"Сначала подтяните воду, прежде чем требовать больше от дня.",,needs_human,UI string
Bring fluids up gradually before the sauna and keep the heat block conservative.,Перед сауной пейте постепенно и держите тепловой блок умеренным.,,needs_human,UI string
Bring ride nutrition,Возьмите питание для заезда,,needs_human,UI string
Bring session fuel,Возьмите еду для тренировки,,needs_human,UI string
Bring session nutrition,Возьмите питание для тренировки,,needs_human,UI string
Bring the basics online,Наладьте базовые привычки.,,needs_human,UI string
Bring the day online calmly,Спокойно начните день,,needs_human,UI string
Bring water to court,Возьмите воду на корт,,needs_human,UI string
Broccoli,Брокколи,,needs_human,UI string
Buckwheat,Гречка,,needs_human,UI string
Bug,Ошибка,,needs_human,UI string
Build Meal,Создать блюдо,,needs_human,UI string
Build a complete baseline,Соберите полную базовую линию,,needs_human,UI string
"Build a light shoyu broth with soy sauce, garlic, and mushroom aroma.",Сварите лёгкий соевый бульон с чесноком и ароматом грибов.,,needs_human,UI string
Build a meal,Создать блюдо,,needs_human,UI string
Build enough activity history to compare workload against your baseline.,"Накопите достаточно истории активности, чтобы сравнить нагрузку с базовым уровнем.",,needs_human,UI string
Build enough drink history to compare hydration with recovery.,"Накопите достаточно истории напитков, чтобы сравнить гидратацию с восстановлением.",,needs_human,UI string
Build enough meal history to compare protein and recovery trends.,"Накопите достаточно истории приёмов пищи, чтобы сравнить тренды белка и восстановления.",,needs_human,UI string
Build intensity gradually,Наращивайте интенсивность постепенно,,needs_human,UI string
Build into the session,Входите в тренировку постепенно,,needs_human,UI string
Build meals in seconds,Создавайте блюда за секунды,,needs_human,UI string
Build only if the body agrees,Добавляйте только если тело готово,,needs_human,UI string
Build over 10 min,Наращивайте в течение 10 мин,,needs_human,UI string
Build pace gradually,Наращивайте темп постепенно,,needs_human,UI string
"Build protein now — hard day tomorrow, ~%dg left","Набери белок сейчас — завтра тяжёлый день, осталось ~%d г",,needs_human,UI string
Build readiness gradually and keep the opening minutes easy.,"Подводите тело постепенно, а первые минуты держите легкими.",,needs_human,UI string
Build reusable meals,Создай свое блюдо,,needs_human,UI string
Build reusable plates or create foods you eat often.,"Соберите тарелки или создайте продукты, которые часто едите.",,needs_human,UI string
Build rhythm gradually,Постепенно найдите ритм,,needs_human,UI string
Build the baseline first,Сначала создайте базовый уровень,,needs_human,UI string
Build the basics calmly.,Соберите базу спокойно.,,needs_human,UI string
Build the day gradually,Разгоняйте день постепенно,,needs_human,UI string
Build toward three hours of weekly activity before judging adaptation.,"Выйдите на три часа еженедельной активности, прежде чем оценивать адаптацию.",,needs_human,UI string
"Build with enough fuel
for the work ahead.","Стройте с достаточным
топливом для работы впереди.",,needs_human,UI string
Build your day,Соберите свой день,,needs_human,UI string
Build your ideal flow for this day.,Соберите идеальный ритм для этого дня.,,needs_human,UI string
Build your meal library,Создайте свою коллекцию блюд,,needs_human,UI string
Build your meal library.,Соберите библиотеку блюд.,,needs_human,UI string
"Build your own meals, combine ingredients, and plan nutrition throughout the day. WeekFit helps connect meals with training, recovery, hydration, and energy needs.","Собирайте собственные блюда, комбинируйте ингредиенты и планируйте питание в течение дня. WeekFit помогает связать еду с тренировками, восстановлением, водой и энергией.",,needs_human,UI string
Building,Формируется,,needs_human,UI string
Building balance,Баланс формируется,,needs_human,UI string
Building your day picture,Собираю картину дня,,needs_human,UI string
Building your patterns,Формируем ваши паттерны,,needs_human,UI string
"Building your patterns. Log sleep, meals, drinks and activities for a few more days to unlock trends.","Формируем ваши паттерны. Записывайте сон, еду, напитки и активность ещё несколько дней, чтобы открыть тренды.",,needs_human,UI string
Busy,Занято,,needs_human,UI string
Butter,Сливочное масло,,needs_human,UI string
"By continuing, you agree to WeekFit’s","Продолжая, вы соглашаетесь с WeekFit",,needs_human,UI string
"By using WeekFit, you agree to use the app only for lawful, personal, non-commercial wellness and fitness purposes.","Используя WeekFit, вы соглашаетесь применять приложение только для законных, личных, некоммерческих целей благополучия и фитнеса.",,needs_human,UI string
C,У,,needs_human,UI string
CARDIO,КАРДИО,,needs_human,UI string
CAUTION,ОСТОРОЖНО,,needs_human,UI string
CLEAR,СВОБОДНО,,needs_human,UI string
COACH,ТРЕНЕР,,needs_human,PRIORITY UI — tabs/onboarding/paywall/coach chrome
Cal,Ккал,,needs_human,UI string
Calculated from completed food entries and daily macro targets.,Рассчитано по завершенным записям еды и дневным целям макроэлементов.,,needs_human,UI string
Calling the day good to go before hydration has even started.,"Считать день полностью готовым еще до того, как вы начали пить воду.",,needs_human,UI string
Calm,Спокойствие,,needs_human,UI string
Calm digestive tract,Успокоить пищеварение,,needs_human,UI string
Calm digestive tract before sleep,Успокоить пищеварение перед сном,,needs_human,UI string
Calm down baseline,Спокойный базовый уровень,,needs_human,UI string
Calm evening anchor,Спокойный вечерний якорь,,needs_human,UI string
Calm start,Спокойный старт,,needs_human,UI string
Calmer start,Более спокойный старт,,needs_human,UI string
Calorie trajectory for training days,Траектория калорий в тренировочные дни,,needs_human,UI string
Calories,Калории,热量,draft_mt,PRIORITY UI — tabs/onboarding/paywall/coach chrome
Calories adjust after real activity.,Калории корректируются после реальной активности.,,needs_human,PRIORITY UI — tabs/onboarding/paywall/coach chrome
Calories aimed for balance,Калории под баланс,,needs_human,PRIORITY UI — tabs/onboarding/paywall/coach chrome
Calories aimed for fat loss,Калории под снижение веса,,needs_human,PRIORITY UI — tabs/onboarding/paywall/coach chrome
Calories aimed for muscle gain,Калории под набор,,needs_human,PRIORITY UI — tabs/onboarding/paywall/coach chrome
"Calories burned, workouts and how the day is stacking.","Сожжённые калории, тренировки и накопленная нагрузка.",,needs_human,PRIORITY UI — tabs/onboarding/paywall/coach chrome
Calories update.,Калории обновляются.,,needs_human,PRIORITY UI — tabs/onboarding/paywall/coach chrome
Calories → Adjusted,Калории → Скорректированы,,needs_human,PRIORITY UI — tabs/onboarding/paywall/coach chrome
Camera is unavailable on this device.,Камера недоступна на этом устройстве.,,needs_human,UI string
Can I change Health permissions?,Можно ли изменить разрешения Health?,,needs_human,UI string
Can I use WeekFit without logging?,Можно ли использовать WeekFit без логирования?,,needs_human,UI string
Can I use WeekFit without planning?,Можно ли использовать WeekFit без планирования?,,needs_human,UI string
Cancel,Отмена,取消,draft_mt,PRIORITY UI — tabs/onboarding/paywall/coach chrome
Cancelled,Отменена,,needs_human,PRIORITY UI — tabs/onboarding/paywall/coach chrome
Carbohydrate intake is still below today's target.,Углеводов сегодня все еще меньше цели.,,needs_human,UI string
Carbohydrates are still below today's target.,Углеводы все еще ниже сегодняшней цели.,,needs_human,UI string
Carbs,Углеводы,,needs_human,UI string
Cardio,Кардио,,needs_human,UI string
Carrot,Морковь,,needs_human,UI string
Category,Категория,,needs_human,UI string
Cellular hydration is critically lagging behind pace. Aim for steady fluid inputs toward your target ceiling.,"Воды заметно не хватает для сегодняшнего темпа. Пейте равномерно, без спешки.",,needs_human,UI string
Challenge complete,Челлендж завершён,,needs_human,UI string
Challenge finished,Челлендж завершён,,needs_human,UI string
Challenge summary,Итоги челленджа,,needs_human,UI string
Change,Изменить,,needs_human,UI string
Change how I feel,Изменить самочувствие,,needs_human,UI string
Change story,История изменений,,needs_human,UI string
Change time,Изменить время,,needs_human,UI string
Changes apply immediately.,Изменения применяются сразу.,,needs_human,UI string
"Chasing calories, protein, fluids, or extra movement now can cost sleep.","Погоня за калориями, белком, водой или лишним движением сейчас может стоить сна.",,needs_human,UI string
Chasing load or sloppy reps before fuel is handled.,Гнаться за весом или делать неаккуратные повторы до еды.,,needs_human,UI string
Chasing numbers if the repeatable effort is already clear.,"Гнаться за цифрами, когда ровное усилие уже найдено.",,needs_human,UI string
Check Coach for the next step,Загляните к Тренеру за следующим шагом,,needs_human,UI string
Check Today first,Сначала смотрите Сегодня,,needs_human,UI string
Check effort every 10 min,Проверяйте усилие каждые 10 мин,,needs_human,UI string
Check notification permissions in iPhone Settings and make sure reminders are turned on inside WeekFit.,"Проверьте разрешения уведомлений в настройках iPhone и убедитесь, что напоминания включены внутри WeekFit.",,needs_human,UI string
Check readiness before training,Проверьте готовность перед тренировкой,,needs_human,UI string
Check that drinks_snacks.json is added to the app bundle.,"Проверьте, что файл со списком напитков и перекусов добавлен в сборку приложения.",,needs_human,UI string
Cheese,Сыр,,needs_human,UI string
Chia Seeds,Семена чиа,,needs_human,UI string
Chicken,Курица,,needs_human,UI string
Chicken Bowl,Боул с курицей,,needs_human,UI string
Chicken Ramen,Рамен с курицей,,needs_human,UI string
Choose Photo,Выбрать фото,,needs_human,UI string
Choose a free slot,Выберите свободное окно,,needs_human,UI string
Choose a question,Выберите вопрос,,needs_human,UI string
Choose a useful block,Выберите полезный блок,,needs_human,UI string
Choose activity,Выберите активность,,needs_human,UI string
Choose activity based on how I feel,Выбирать активность по самочувствию,,needs_human,UI string
Choose an option that matches your energy and surroundings.,Выберите вариант под вашу энергию и окружение.,,needs_human,UI string
Choose an option to continue.,"Выберите вариант, чтобы продолжить.",,needs_human,UI string
Choose how WeekFit looks.,"Выберите, как выглядит WeekFit.",,needs_human,UI string
Choose how WeekFit should aim your daily calories.,"Выберите, как WeekFit будет настраивать дневные калории.",,needs_human,UI string
Choose how WeekFit speaks to you.,"Выберите, на каком языке WeekFit будет с вами говорить.",,needs_human,UI string
Choose how you want to add food,"Выберите, как добавить еду",,needs_human,UI string
Choose meal,Выберите прием пищи,,needs_human,UI string
Choose meaningful work,Выберите осмысленную работу,,needs_human,UI string
"Choose minerals, not more water.","Выберите минералы, а не просто больше воды.",,needs_human,UI string
Choose moderate work and pay attention to how you feel.,Выберите умеренную работу и следите за ощущениями.,,needs_human,UI string
Choose one habit to keep,Выберите одну привычку,,needs_human,UI string
Choose one light block and do not turn the day into extra load.,Выберите один лёгкий блок и не добавляйте лишнюю нагрузку.,,needs_human,UI string
"Choose one task from Days 1–6 and repeat it. After completion, you can optionally save it as the habit you want to continue.",Выбери одну задачу из дней 1–6 и повтори её. После выполнения можно сохранить её как привычку.,,needs_human,UI string
Choose the app language.,Выберите язык приложения.,,needs_human,UI string
Choose the changes you want to apply,"Выберите изменения, которые хотите применить",,needs_human,UI string
Choose the day,Выберите день,,needs_human,UI string
Choose the movement that fits your day,"Выберите движение, которое подходит вашему дню",,needs_human,UI string
Choose time,Выберите время,,needs_human,UI string
Choose today’s activity based on how you feel.,Выберите сегодняшнюю активность по самочувствию.,,needs_human,UI string
Choose what fits your body right now,"Выберите то, что сейчас подходит вашему телу",,needs_human,UI string
"Choose when WeekFit softens brightness, glow, and accent intensity.","Выберите, когда WeekFit смягчает яркость, свечение и насыщенность акцентов.",,needs_human,UI string
Choose when you’ll start slowing down this evening.,"Выберите, когда сегодня вечером начнёте замедляться.",,needs_human,UI string
Choose which task you’re repeating first.,"Сначала выбери, какую задачу повторяешь.",,needs_human,UI string
Choose your favorite,Выбери любимое,,needs_human,UI string
Choose your goal,Выберите цель,,needs_human,UI string
Choose your goal — Health has no weight or height yet,Выберите цель — в Health пока нет веса или роста,,needs_human,UI string
Choose your goal.,Выберите цель.,,needs_human,UI string
Choose your units,Выберите единицы,,needs_human,UI string
Cinematic OLED canvas with ambient depth.,Кинематографичный OLED-фон с глубиной.,,needs_human,UI string
Clean Energy Snack,Легкий энергетический перекус,,needs_human,UI string
Clear,Очистить,晴朗,draft_mt,UI string
Clear next steps,Конкретные следующие шаги,,needs_human,UI string
Clears local WeekFit data on this device. Requires confirmation.,Очищает локальные данные WeekFit на этом устройстве. Требуется подтверждение.,,needs_human,UI string
Close,Закрыть,关闭,draft_mt,UI string
Close Stress Index details,Закрыть подробности индекса нагрузки,,needs_human,UI string
Close the day,Закройте день,,needs_human,UI string
Close the kitchen. Protect sleep.,Закройте кухню. Защитите сон.,,needs_human,UI string
Close to your personal overnight HRV baseline.,Близко к вашему личному ночному базовому HRV.,,needs_human,UI string
Close to your personal resting heart rate baseline.,Близко к вашему личному базовому пульсу в покое.,,needs_human,UI string
Close to your recent personal range.,Близко к вашему недавнему личному диапазону.,,needs_human,UI string
Closes today's protein gap,Закрывает сегодняшний разрыв по белку,,needs_human,UI string
Coach,Тренер,Coach,keep,brand/code/format — do not translate
Coach Debug,Отладка тренера,,needs_human,PRIORITY UI — tabs/onboarding/paywall/coach chrome
Coach Insight,Наблюдение тренера,教练建议,draft_mt,PRIORITY UI — tabs/onboarding/paywall/coach chrome
Coach Logging,Логи тренера,,needs_human,PRIORITY UI — tabs/onboarding/paywall/coach chrome
"Coach adapts throughout the day based on your activity, recovery, sleep, hydration, meals, and routines. Suggestions may change as your day changes.","Тренер адаптируется в течение дня на основе активности, восстановления, сна, гидратации, питания и рутин. Советы могут меняться по мере изменения дня.",,needs_human,PRIORITY UI — tabs/onboarding/paywall/coach chrome
Coach adapts with your day.,Тренер идёт за вашим днём.,,needs_human,PRIORITY UI — tabs/onboarding/paywall/coach chrome
Coach adjusted %lld item this morning,Тренер изменил %lld пункт этим утром,,needs_human,PRIORITY UI — tabs/onboarding/paywall/coach chrome
Coach adjusted %lld items this morning,Тренер изменил %lld пунктов этим утром,,needs_human,PRIORITY UI — tabs/onboarding/paywall/coach chrome
Coach adjusted your day,Тренер скорректировал ваш день,,needs_human,PRIORITY UI — tabs/onboarding/paywall/coach chrome
Coach adjusts training and nutrition when your recovery changes.,"Тренер подстраивает тренировки и питание, когда меняется восстановление.",,needs_human,PRIORITY UI — tabs/onboarding/paywall/coach chrome
"Coach considers your recovery, activity, nutrition, goals and plans to suggest the most useful next step.","Тренер учитывает восстановление, активность, питание, цели и планы — и предлагает самый полезный следующий шаг.",,needs_human,PRIORITY UI — tabs/onboarding/paywall/coach chrome
Coach explains the day.,Тренер объясняет день.,,needs_human,PRIORITY UI — tabs/onboarding/paywall/coach chrome
Coach explains what your signals mean — and how to respond.,"Тренер объясняет, что означают сигналы — и как на них ответить.",,needs_human,PRIORITY UI — tabs/onboarding/paywall/coach chrome
Coach guides today,Тренер ведёт сегодня,,needs_human,PRIORITY UI — tabs/onboarding/paywall/coach chrome
Coach insight,Подсказка тренера,,needs_human,PRIORITY UI — tabs/onboarding/paywall/coach chrome
Coach is ready with a first step.,Тренер готов с первым шагом.,,needs_human,PRIORITY UI — tabs/onboarding/paywall/coach chrome
Coach is typing,Coach печатает,,needs_human,PRIORITY UI — tabs/onboarding/paywall/coach chrome
"Coach looks at what is happening now and suggests what may help next — before training, during activity, after workouts, after sauna, or when recovery looks pressured.","Тренер смотрит на то, что происходит сейчас, и предлагает следующий полезный шаг — до тренировки, во время активности, после тренировки, после сауны или когда восстановление под давлением.",,needs_human,PRIORITY UI — tabs/onboarding/paywall/coach chrome
"Coach looks at your activity, hydration, recovery, timing, and routines. After light movement or recovery activities, it may suggest simple actions like hydration or rest.","Тренер смотрит на активность, воду, восстановление, время и рутины. После легкого движения или восстановления он может предложить простые действия вроде воды или отдыха.",,needs_human,PRIORITY UI — tabs/onboarding/paywall/coach chrome
"Coach reads recovery, activity, nutrition and plans — then gives a clear next step, not just more numbers.","Тренер учитывает восстановление, активность, питание и планы — и даёт ясный следующий шаг, а не ещё цифры.",,needs_human,PRIORITY UI — tabs/onboarding/paywall/coach chrome
"Coach reads recovery, activity, nutrition, plans and goals — then recommends your best next step.","Тренер учитывает восстановление, активность, питание, планы и цели — и предлагает лучший следующий шаг.",,needs_human,PRIORITY UI — tabs/onboarding/paywall/coach chrome
Coach recommendation,рекомендация Тренера,,needs_human,PRIORITY UI — tabs/onboarding/paywall/coach chrome
Coach recommendation: %@,Рекомендация тренера: %@,,needs_human,PRIORITY UI — tabs/onboarding/paywall/coach chrome
Coach requires confirmation for **%@** to update your active metabolic and energy expenditure baseline.,"Тренеру нужно подтверждение для **%@**, чтобы обновить активную метаболическую базу и расход энергии.",,needs_human,PRIORITY UI — tabs/onboarding/paywall/coach chrome
Coach tells you what matters next.,"Тренер говорит, что важно сейчас.",,needs_human,PRIORITY UI — tabs/onboarding/paywall/coach chrome
Coach updates.,Тренер обновляется.,,needs_human,PRIORITY UI — tabs/onboarding/paywall/coach chrome
Coach will adapt around your plan.,Тренер подстроится под ваш план.,,needs_human,PRIORITY UI — tabs/onboarding/paywall/coach chrome
Coach will build your plan around it.,Тренер построит план вокруг неё.,,needs_human,PRIORITY UI — tabs/onboarding/paywall/coach chrome
Coach will keep adapting as new Health data arrives.,"Тренер будет подстраиваться, когда приходят новые данные Health.",,needs_human,PRIORITY UI — tabs/onboarding/paywall/coach chrome
Coach will keep adapting from your goal.,"Тренер будет подстраиваться, опираясь на вашу цель.",,needs_human,PRIORITY UI — tabs/onboarding/paywall/coach chrome
Coach will keep today balanced and steady.,Тренер будет держать сегодня сбалансированным.,,needs_human,PRIORITY UI — tabs/onboarding/paywall/coach chrome
Coach will keep today lean and clear.,Тренер будет держать сегодня лёгким и ясным.,,needs_human,PRIORITY UI — tabs/onboarding/paywall/coach chrome
Coach will protect fuel for training and recovery.,Тренер защитит топливо для тренировок и восстановления.,,needs_human,PRIORITY UI — tabs/onboarding/paywall/coach chrome
Coach will settle as Health syncs.,"Тренер уточнится, когда Health синхронизируется.",,needs_human,PRIORITY UI — tabs/onboarding/paywall/coach chrome
"Coach writes above. Log drinks, food, or start activity below.","Тренер пишет сверху. Ниже — напитки, еда или старт активности.",,needs_human,PRIORITY UI — tabs/onboarding/paywall/coach chrome
Coach writes here.,Тренер пишет сюда.,,needs_human,PRIORITY UI — tabs/onboarding/paywall/coach chrome
Coach — next step when the day shifts,"Тренер — следующий шаг, когда день меняется",,needs_human,PRIORITY UI — tabs/onboarding/paywall/coach chrome
Coach-aware,С учётом Тренера,,needs_human,PRIORITY UI — tabs/onboarding/paywall/coach chrome
Coaching,Коучинг,,needs_human,PRIORITY UI — tabs/onboarding/paywall/coach chrome
"Coaching insights, nutrition suggestions, recovery guidance, reminders, activity status, and metric summaries are not a substitute for advice from a doctor, dietitian, physiotherapist, or other qualified professional.","Коучинговые инсайты, рекомендации по питанию, советы по восстановлению, напоминания, статусы активности и сводки метрик не заменяют консультацию врача, диетолога, физиотерапевта или другого квалифицированного специалиста.",,needs_human,PRIORITY UI — tabs/onboarding/paywall/coach chrome
Cold conditions — warm up thoroughly and dress in layers.,Холодно — тщательно разомнитесь и одевайтесь слоями.,,needs_human,UI string
Collapse this section,Свернуть секцию,,needs_human,UI string
Combine foods into reusable meals,Объединяйте продукты в готовые блюда,,needs_human,UI string
Comfortable range only,Только комфортная амплитуда,,needs_human,UI string
Compare with the previous period,Сравнить с прошлым периодом,,needs_human,UI string
Compared with your baseline,Сравнение с базовым уровнем,,needs_human,UI string
Comparison,Сравнение,,needs_human,UI string
Complete 30 minutes of Zone 2 activity on 4 of the next 7 days.,Выполняйте 30 минут активности зоны 2 4 из следующих 7 дней.,,needs_human,UI string
Completed,Выполнено,,needs_human,UI string
Completed Apple Health workouts can be imported into Plan automatically. WeekFit uses them to help keep your day accurate.,"Завершенные тренировки из Apple Health могут автоматически импортироваться в План. WeekFit использует их, чтобы день оставался точным.",,needs_human,UI string
Completed all planned activities,Все запланированные активности выполнены,,needs_human,UI string
Completed training,Завершенная тренировка,,needs_human,UI string
Completed workouts will reveal whether the routine is repeatable.,"Завершённые тренировки покажут, повторяем ли рутину.",,needs_human,UI string
Completion Check-ins,Проверки выполнения,,needs_human,UI string
Completion is manual. WeekFit does not claim guaranteed health improvements or Recovery score increases.,Завершение вручную. WeekFit не обещает гарантированного улучшения здоровья или роста Recovery.,,needs_human,UI string
Confidence,Достоверность,,needs_human,UI string
Confirm Log,Подтвердить запись,,needs_human,UI string
"Confirm access in Apple Health, then return to WeekFit.","Подтвердите доступ в Apple Health, затем вернитесь в WeekFit.",,needs_human,UI string
Confirm activity,Подтвердить активность,,needs_human,UI string
Confirm completed or skipped,Подтверждайте выполнение или пропуск,,needs_human,UI string
Confirm only if you actually put the phone away. This does not complete today’s task.,Подтверди только если действительно отложил телефон. Это не завершает задачу сегодняшнего дня.,,needs_human,UI string
Confirm password,Подтвердите пароль,,needs_human,UI string
Confirm sustainability before adding load.,Подтвердите устойчивость перед добавлением нагрузки.,,needs_human,UI string
Connect Apple Health,Подключить Apple Health,,needs_human,UI string
Connect Apple Health so Coach can read recovery and personalize today's guidance.,Подключите Apple Health — Тренер сможет учесть восстановление и персонализировать рекомендации на сегодня.,,needs_human,UI string
Connect Health Signals,Подключить данные здоровья,,needs_human,UI string
Connect Health for smarter planning,Подключите Apple Health для более точного плана,,needs_human,UI string
Connect Health later to refine targets automatically.,Подключите Health позже — цели станут точнее автоматически.,,needs_human,UI string
Connect Health so Coach can personalize today's recommendations.,Подключите Здоровье — и Тренер подготовит советы на сегодня специально для вас.,,needs_human,UI string
Connect Health to improve recommendations.,"Подключите Apple Health, чтобы улучшить рекомендации.",,needs_human,UI string
Connect it when you're ready.,"Подключите, когда будете готовы.",,needs_human,UI string
Connected,Подключено,,needs_human,UI string
Consider a glass of water,Подумайте о стакане воды,,needs_human,UI string
Consistency,Стабильность,,needs_human,UI string
Consistent intake,Стабильное потребление,,needs_human,UI string
"Consistent sleep, recovery, training and nutrition logs are the fastest path to useful discoveries.","Последовательные записи сна, восстановления, тренировок и питания — самый быстрый путь к полезным открытиям.",,needs_human,UI string
Consistent with lower residual training strain.,Согласуется с более низкой остаточной тренировочной нагрузкой.,,needs_human,UI string
Contact Support,Связаться с поддержкой,,needs_human,UI string
Continue,Продолжить,继续,draft_mt,PRIORITY UI — tabs/onboarding/paywall/coach chrome
Continue calmly,Продолжайте спокойно,,needs_human,PRIORITY UI — tabs/onboarding/paywall/coach chrome
Continue challenge,Продолжить челлендж,,needs_human,PRIORITY UI — tabs/onboarding/paywall/coach chrome
Continue hydration and complete your planned meal before the session.,Продолжайте пить воду и завершите запланированный прием пищи перед тренировкой.,,needs_human,PRIORITY UI — tabs/onboarding/paywall/coach chrome
Continue in your normal rhythm.,Продолжайте в привычном ритме.,,needs_human,PRIORITY UI — tabs/onboarding/paywall/coach chrome
Continue into WeekFit without an email account.,Продолжить в WeekFit без входа по email.,,needs_human,PRIORITY UI — tabs/onboarding/paywall/coach chrome
Continue into your evening routine,Продолжайте вечерний режим,,needs_human,PRIORITY UI — tabs/onboarding/paywall/coach chrome
Continue normal meals,Продолжайте обычные приемы пищи,,needs_human,PRIORITY UI — tabs/onboarding/paywall/coach chrome
Continue with Apple,Продолжить с Apple,,needs_human,PRIORITY UI — tabs/onboarding/paywall/coach chrome
Continue with Apple Health,Продолжить с Apple Health,,needs_human,PRIORITY UI — tabs/onboarding/paywall/coach chrome
Continue with breathing,Продолжайте с дыханием,,needs_human,PRIORITY UI — tabs/onboarding/paywall/coach chrome
Continue without account,Продолжить без аккаунта,,needs_human,PRIORITY UI — tabs/onboarding/paywall/coach chrome
Continue your WeekFit journey.,Продолжайте свой путь с WeekFit.,,needs_human,PRIORITY UI — tabs/onboarding/paywall/coach chrome
Continue →,Продолжить →,继续 →,draft_mt,PRIORITY UI — tabs/onboarding/paywall/coach chrome
Continuing without an account starts a separate local workspace on this device. Data from your Apple account on this device will be removed. Sign in with the same Apple ID instead if you want to keep it.,"Продолжение без аккаунта откроет отдельное локальное пространство на этом устройстве. Данные аккаунта Apple на этом устройстве будут удалены. Войдите тем же Apple ID, если хотите их сохранить.",,needs_human,UI string
Control court intensity,Контролируйте интенсивность на корте,,needs_human,UI string
Control how WeekFit handles your data,"Управляйте тем, как WeekFit обрабатывает ваши данные",,needs_human,UI string
Control intensity,Контролируйте интенсивность,,needs_human,UI string
Control the first games,Контролируйте первые геймы,,needs_human,UI string
Control the hard work,Контролируйте тяжелую работу,,needs_human,UI string
Control your breathing,Контролируйте дыхание,,needs_human,UI string
"Control your breathing, slow down between rallies and avoid making every point all-out.","Контролируйте дыхание, замедляйтесь между розыгрышами и не играйте каждый мяч на максимум.",,needs_human,UI string
Controlled Load,Контролируемая нагрузка,,needs_human,UI string
Controlled after heat,Контролируемый выбор после жары,,needs_human,UI string
Controlled carbs,Контролируемые углеводы,,needs_human,UI string
Controlled evening choice,Контролируемый вечерний выбор,,needs_human,UI string
Controlled morning calories,Контролируемые утренние калории,,needs_human,UI string
Conversation options,Параметры разговора,,needs_human,UI string
Conversational effort all day,Разговорная интенсивность весь день,,needs_human,UI string
Conversational pace,Разговорный темп,,needs_human,UI string
Convert the %@ into an easy recovery effort or stop early if the legs feel flat.,"Сделайте %@ легким восстановительным усилием или остановитесь раньше, если ноги тяжелые.",,needs_human,UI string
"Cook noodles until springy, then drain.",Отварите лапшу до упругости и слейте воду.,,needs_human,UI string
Cook or assemble the main protein and base components.,Приготовьте или соберите основной белок и базу.,,needs_human,UI string
"Cook sushi rice until tender, then season lightly with rice vinegar and a pinch of salt.",Отварите рис для суши до готовности и слегка заправьте рисовым уксусом с щепоткой соли.,,needs_human,UI string
Cook the brown rice until tender; keep covered to steam finish.,"Отварите бурый рис до мягкости и оставьте под крышкой, чтобы дошёл на пару.",,needs_human,UI string
Cook the buckwheat in salted water until tender and fluffy.,Отварите гречку в подсоленной воде до мягкости и рассыпчатости.,,needs_human,UI string
"Cook the eggs soft-scrambled or sunny-side up, then place them on the avocado.",Приготовьте яйца всмятку или глазуньей и выложите поверх авокадо.,,needs_human,UI string
Cook the noodles separately until just tender.,Отварите лапшу отдельно до мягкости.,,needs_human,UI string
"Cook the oatmeal with water or milk over medium heat until creamy, about 4–5 minutes.","Сварите овсянку на воде или молоке на среднем огне до кремовой текстуры, 4–5 минут.",,needs_human,UI string
"Cook the rice until tender and fluffy, then keep warm.","Отварите рис до мягкости и рассыпчатости, затем держите тёплым.",,needs_human,UI string
Cook the turkey in a pan until browned and fully cooked through.,Обжарьте индейку на сковороде до румяности и полной готовности.,,needs_human,UI string
Cool down 10–15 min,Остывайте 10–15 мин,,needs_human,UI string
Cool down 5–10 min,Заминка 5–10 мин,,needs_human,UI string
Cool down before bed,Остыньте перед сном,,needs_human,UI string
Cool down easy,Легкая заминка,,needs_human,UI string
Cool down gradually,Остывайте постепенно,,needs_human,UI string
Cool down slowly,Завершайте постепенно,,needs_human,UI string
Copy Email Address,Скопировать email,,needs_human,UI string
Core,Кор,,needs_human,UI string
Core signals are still missing,Основные сигналы ещё отсутствуют,,needs_human,UI string
Core sleep,Основной сон,,needs_human,UI string
Cottage Cheese,Творог,,needs_human,UI string
Cottage Cheese Toast,Тост с творогом,,needs_human,UI string
Could not save,Не удалось сохранить,,needs_human,UI string
Could not save the selected photo.,Не удалось сохранить выбранное фото.,,needs_human,UI string
Couldn't load,Ошибка загрузки,,needs_human,UI string
Couldn't load this answer,Не удалось загрузить ответ,,needs_human,UI string
Couldn’t Delete Account,Не удалось удалить аккаунт,,needs_human,UI string
Couldn’t apply changes. Try again.,Не удалось применить изменения. Попробуйте ещё раз.,,needs_human,UI string
Couldn’t complete the purchase. Try again.,Не удалось оформить покупку. Попробуйте ещё раз.,,needs_human,UI string
Couldn’t send — try again,Не удалось отправить — попробуйте ещё раз,,needs_human,UI string
Couldn’t verify this purchase. Try Restore Purchases.,Не удалось подтвердить покупку. Попробуйте восстановить покупки.,,needs_human,UI string
Create,Создать,,needs_human,UI string
Create Account,Создать аккаунт,,needs_human,UI string
Create Food,Создать продукт,,needs_human,UI string
Create a meal first,Сначала создайте блюдо,,needs_human,UI string
Create account,Создать аккаунт,,needs_human,UI string
Create custom food,Создать свой продукт,,needs_human,UI string
Create food or meal,Создать продукт или блюдо,,needs_human,UI string
"Create foods or meals first, then log them instantly here.","Сначала создайте продукты или блюда, затем быстро добавляйте их здесь.",,needs_human,UI string
Create from ingredients,Собрать из ингредиентов,,needs_human,UI string
Create meal,Создать блюдо,,needs_human,UI string
"Create meals first, then add them here","Сначала создайте ваше блюдо, затем добавляйте его здесь",,needs_human,UI string
Create meals from ingredients,Создавайте блюда из ингредиентов,,needs_human,UI string
"Create meals once, save their calories and macros, then log or reuse them whenever you need.","Создайте блюдо один раз, сохраните калории и макросы — и логируйте или используйте снова когда нужно.",,needs_human,UI string
"Create meals once, then log them in seconds whenever you eat them again.","Сохраняйте блюда один раз, чтобы затем добавлять их в дневник за несколько секунд.",,needs_human,UI string
Create my plan,Создать мой план,,needs_human,UI string
"Create reusable meals once.
Log them in one tap anytime.","Создайте блюдо один раз.
Добавляйте его в дневник одним нажатием.",,needs_human,UI string
Create your first meal,Создать первое блюдо,,needs_human,UI string
Critical lag: You burned %lld kcal but only drank %@L. Your blood viscosity is elevated. DRINK 500ml of mineralized water within the next hour. Avoid diuretics like coffee.,"Вы сожгли %lld ккал, а выпили только %@ л — сейчас нужно больше воды. В течение часа выпейте 500 мл и на время сократите нагрузку.",,needs_human,UI string
Crop Photo,Обрезать фото,,needs_human,UI string
Cruising through your %@. Perfect opportunity to downregulate central nervous system fatigue and steady your cardiovascular matrix.,Вы спокойно проходите %@. Хороший момент снизить усталость нервной системы и стабилизировать сердечно-сосудистую нагрузку.,,needs_human,UI string
Cucumber,Огурец,,needs_human,UI string
Curd 5%,Творог 5%,,needs_human,UI string
Current,Сейчас,,needs_human,UI string
Current activity,Текущая активность,,needs_human,UI string
Current activity is not yet high enough to compare against recovery in a meaningful way.,Текущая активность ещё недостаточно высока для осмысленного сравнения с восстановлением.,,needs_human,UI string
Current session,Текущая тренировка,,needs_human,UI string
Current session is active.,Текущая тренировка идет.,,needs_human,UI string
Current state: Ultra-high energy expenditure today (%lld kcal). Keep this walk strictly low-intensity. DO NOT spike your heart rate; focus on active neural drainage.,Сегодня расход энергии очень высокий (%lld ккал). Держите эту прогулку по-настоящему легкой и не поднимайте пульс — сейчас важнее спокойное восстановление.,,needs_human,UI string
Current status,Текущий статус,,needs_human,UI string
Current stress,Текущая нагрузка,,needs_human,UI string
Current: %@,Сейчас: %@,,needs_human,UI string
Custom,Своя,,needs_human,UI string
Custom Food,Свой продукт,,needs_human,UI string
Custom Meal,Свое блюдо,,needs_human,UI string
Custom duration,Своя длительность,,needs_human,UI string
Custom meal,Свой прием пищи,,needs_human,UI string
Custom meals you've saved,Ваши сохраненные блюда,,needs_human,UI string
Cycling,Велосессия,,needs_human,UI string
DATA COVERAGE,ПОКРЫТИЕ ДАННЫХ,,needs_human,UI string
DAY %lld,ДЕНЬ %lld,,needs_human,UI string
DONE,ГОТОВО,,needs_human,PRIORITY UI — tabs/onboarding/paywall/coach chrome
DRIVER,ФАКТОР,,needs_human,UI string
Daily Rhythm,Ритм дня,,needs_human,UI string
Daily Status,Статус дня,,needs_human,UI string
"Daily Status gives a quick view of how your day is going. Look at Activity, Nutrition, and Recovery to understand whether the day is balanced, light, or already demanding.","Статус дня быстро показывает, как идет день. Посмотрите Активность, Питание и Восстановление, чтобы понять, день сбалансированный, легкий или уже требовательный.",,needs_human,UI string
"Daily Status gives a simple overview of your activity, nutrition, recovery, sleep, hydration, and Apple Health data throughout the day.","Статус дня дает простой обзор активности, питания, восстановления, сна, гидратации и данных Apple Health в течение дня.",,needs_human,UI string
Daily active calories are down versus baseline.,Ежедневные активные калории ниже базового уровня.,,needs_human,UI string
Daily activity volume has fallen below baseline.,Ежедневный объём активности упал ниже базового уровня.,,needs_human,UI string
Daily goal,Дневная цель,,needs_human,UI string
"Daily guidance based on your recovery, activity, nutrition and plans.","Ежедневные подсказки на основе восстановления, активности, питания и плана.",,needs_human,UI string
Daily load,Нагрузка дня,,needs_human,UI string
"Daily movement softened, which reduced the strength of the activity score.","Ежедневное движение ослабло, что снизило силу показателя активности.",,needs_human,UI string
Daily movement supported training balance without adding strain.,Ежедневное движение поддержало баланс тренировок без дополнительной нагрузки.,,needs_human,UI string
Daily rhythm,Ритм дня,,needs_human,UI string
Dark,Тёмная,,needs_human,UI string
Data Retention & Deletion,Хранение и удаление данных,,needs_human,UI string
Data found,Данные найдены,,needs_human,UI string
Data from %@,Данные из %@,,needs_human,UI string
Database,База данных,,needs_human,UI string
Day,День,,needs_human,UI string
Day %1$d of %2$d,День %1$d из %2$d,,needs_human,UI string
"Day %1$d, %2$@","День %1$d, %2$@",,needs_human,UI string
Day %d awaiting morning confirmation,День %d ожидает утреннего подтверждения,,needs_human,UI string
Day %lld complete,День %lld выполнен,,needs_human,UI string
Day %lld · in progress,День %lld · идёт,,needs_human,UI string
Day complete,День завершен,,needs_human,UI string
Day is still early,День еще только начинается,,needs_human,UI string
Day overview,Обзор дня,,needs_human,UI string
Day type colors,Цвета типов дня,,needs_human,UI string
Days after 7h+ sleep average about +%lld recovery points compared with short-sleep nights.,Дни после 7+ ч сна в среднем дают около +%lld баллов восстановления по сравнению с ночами короткого сна.,,needs_human,UI string
Decision rationale,Причина решения,,needs_human,UI string
Deep,Глубокий,,needs_human,UI string
Deep sleep,Глубокий сон,深睡,curated,UI string
Deep sleep below your normal,Глубокий сон ниже вашей нормы,,needs_human,UI string
"Deep sleep was limited, which may reduce physical recovery quality.","Глубокого сна было мало, что может снизить качество физического восстановления.",,needs_human,UI string
Default is off. Enable only while debugging.,По умолчанию выключено. Включайте только для отладки.,,needs_human,UI string
Delete,Удалить,删除,draft_mt,UI string
Delete Account,Удалить аккаунт,,needs_human,UI string
Delete Account?,Удалить аккаунт?,,needs_human,UI string
Delete activity?,Удалить активность?,,needs_human,UI string
Delete check-in,Удалить чек-ин,,needs_human,UI string
Delete conversation,Удалить разговор,,needs_human,UI string
Delete logged activity?,Удалить активность?,,needs_human,UI string
Deleting account…,Удаление аккаунта…,,needs_human,UI string
"Deleting activities, removing permissions, or deleting app data may reduce or remove related features, insights, and historical context.","Удаление активностей, отключение разрешений или удаление данных приложения может уменьшить или убрать связанные функции, инсайты и исторический контекст.",,needs_human,UI string
"Deleting your WeekFit account removes WeekFit data, but iOS permissions stay until you revoke them in Settings → WeekFit and Apple Health.","Удаление аккаунта WeekFit стирает данные WeekFit, но разрешения iOS остаются, пока вы не отзовёте их в Настройки → WeekFit и Apple Health.",,needs_human,UI string
Demo Data,Демо-данные,,needs_human,UI string
Demo scenario,Демо-сценарий,,needs_human,UI string
Details,Подробнее,,needs_human,UI string
Details will appear once food is added.,Детали появятся после добавления еды.,,needs_human,UI string
Developer,Разработчик,,needs_human,UI string
"Did this start today, or has it lasted a few days?",Это началось сегодня или длится несколько дней?,,needs_human,UI string
"Did you complete %@, or should we mark it as skipped?",Вы выполнили %@ или отметить как пропущенное?,,needs_human,UI string
Did you complete last night’s phone-free time?,Ты выполнил вчерашний вечер без телефона?,,needs_human,UI string
Did you complete this?,Вы это выполнили?,,needs_human,UI string
Dinner,Ужин,,needs_human,UI string
Dinner closes the day with enough protein so tomorrow doesn’t start depleted.,"Ужин закрывает день белком, чтобы завтра не начать на пустом баке.",,needs_human,UI string
Disabled,Недоступно,,needs_human,UI string
Dismiss,Закрыть,,needs_human,UI string
Dismiss challenge introduction,Закрыть введение в челлендж,,needs_human,UI string
Distance,Дистанция,,needs_human,UI string
Distribution,Распределение,,needs_human,UI string
Do I need an Apple Watch?,Нужен ли Apple Watch?,,needs_human,UI string
Do five minutes of gentle movement that feels comfortable.,"Сделай пять минут мягкого движения, которое тебе комфортно.",,needs_human,UI string
"Do it now, then sip calmly","Сделайте это сейчас, затем пейте спокойно",,needs_human,UI string
Do not add extra intensity,Не добавляйте интенсивность,,needs_human,UI string
Do not add extra intensity just to compensate,Не добавляйте интенсивность только для компенсации,,needs_human,UI string
Do not add extra work,Не добавляйте работу,,needs_human,UI string
Do not add intensity,Не добавляйте интенсивность,,needs_human,UI string
Do not add load when recovery is already the useful priority.,"Не добавляйте нагрузку, когда восстановление уже важнее.",,needs_human,UI string
Do not add more load tonight,Не добавляйте нагрузку вечером,,needs_human,UI string
Do not add noise,Не добавляйте шума,,needs_human,UI string
Do not add sessions or increase volume for the next 7 days.,Не добавляйте сессии и не увеличивайте объём следующие 7 дней.,,needs_human,UI string
Do not add tasks where the day is already working.,"Не добавляйте задачи там, где день уже идет нормально.",,needs_human,UI string
Do not borrow energy from tomorrow's training.,Не занимайте силы у завтрашней тренировки.,,needs_human,UI string
Do not catch up with one large amount of water.,Не догоняйте воду одним большим объемом.,,needs_human,UI string
Do not chase discomfort,Не гонитесь за дискомфортом,,needs_human,UI string
Do not chase every point at full intensity today.,Сегодня не гонитесь за каждым очком на полной интенсивности.,,needs_human,UI string
Do not chase intensity while fluids are behind.,"Не гонитесь за интенсивностью, пока не хватает воды.",,needs_human,UI string
Do not chase missed targets,Не догоняйте пропущенные цели,,needs_human,UI string
Do not chase pace from the start.,Не гонитесь за темпом со старта.,,needs_human,UI string
Do not chase perfect numbers,Не гонитесь за идеальными числами,,needs_human,UI string
Do not chase personal records when daily load is already high.,"Не гонитесь за личными рекордами, когда дневная нагрузка уже высокая.",,needs_human,UI string
Do not chase speed today,Сегодня не гонитесь за скоростью,,needs_human,UI string
Do not chase targets,Не гонитесь за целями,,needs_human,UI string
Do not chase the full water target,Не догоняйте всю цель по воде,,needs_human,UI string
Do not double the workload,Не удваивайте нагрузку,,needs_human,UI string
Do not force another large drink right now.,Не заставляйте себя пить много прямо сейчас.,,needs_human,UI string
Do not force deep breathing if it feels uncomfortable.,"Не форсируйте глубокое дыхание, если оно ощущается некомфортно.",,needs_human,UI string
Do not force intensity today,Не форсируйте интенсивность сегодня,,needs_human,UI string
Do not force range. Stop before anything feels sharp or stressful.,Не форсируйте амплитуду. Остановитесь до резкой боли или стресса.,,needs_human,UI string
Do not force the breath,Не форсируйте дыхание,,needs_human,UI string
Do not increase training volume by more than 10% over the next 7 days.,Не увеличивайте объём тренировок более чем на 10% за следующие 7 дней.,,needs_human,UI string
Do not make every rally all-out,Не играйте каждый розыгрыш на максимум,,needs_human,UI string
Do not push intensity before food and fluids are handled.,"Не давите интенсивность, пока не закрыты еда и вода.",,needs_human,UI string
Do not push through lightheadedness.,Не продолжайте через головокружение.,,needs_human,UI string
Do not push through stress,Не продавливайте стресс,,needs_human,UI string
Do not rush,Не спешите,,needs_human,UI string
Do not rush into working intensity from the first minute.,Не спешите выходить на рабочую интенсивность с первой минуты.,,needs_human,UI string
Do not rush the next shot,Не спешите со следующим ударом,,needs_human,UI string
Do not solve tomorrow tonight,Не решайте завтрашний день сегодня вечером,,needs_human,UI string
Do not spend energy you have not put in,"Не тратьте энергию, которую не внесли",,needs_human,UI string
Do not spend everything early,Не тратьте все в начале,,needs_human,UI string
Do not spend the heat budget early.,Не тратьте запас на тепло слишком рано.,,needs_human,UI string
Do not spend your best energy before the main session starts.,Не тратьте силы до начала основной нагрузки.,,needs_human,UI string
Do not start later work dry,Не начинайте позднюю тренировку без воды,,needs_human,UI string
Do not stay longer than feels good,"Не оставайтесь дольше, чем комфортно",,needs_human,UI string
Do not turn heat into effort,Не превращайте жару в усилие,,needs_human,UI string
Do not turn the current session into extra stress.,Не превращайте текущую тренировку в лишний стресс.,,needs_human,UI string
Do not turn this into another hard session.,Не превращайте это в еще одну тяжелую тренировку.,,needs_human,UI string
Do not turn this into another workout.,Не превращайте это в еще одну тренировку.,,needs_human,UI string
Do not turn this into training,Не превращайте это в тренировку,,needs_human,UI string
Do not use readiness as a reason to add extra work.,Не используйте готовность как повод добавлять лишнее.,,needs_human,UI string
Do not wait to eat until energy has already dropped.,"Не откладывайте еду до момента, когда энергия уже провалится.",,needs_human,UI string
Do not wait until the session,Не ждите начала тренировки,,needs_human,UI string
Do now: %@,Сейчас: %@,,needs_human,UI string
Do these next,Сделайте дальше,,needs_human,UI string
Do today,Сделать сегодня,,needs_human,UI string
Doing more is not automatically better today.,Сегодня больше — не значит лучше.,,needs_human,UI string
Don't rush,Не торопитесь,,needs_human,UI string
Don't skip the mid-day meal.,Не пропускайте дневной приём пищи.,,needs_human,UI string
Don't skip the post-session meal.,Не пропускайте приём пищи после сессии.,,needs_human,UI string
Done,Завершена,完成,curated,PRIORITY UI — tabs/onboarding/paywall/coach chrome
Don’t turn recovery into a workout,Не превращайте восстановление в тренировку,,needs_human,UI string
Don’t wait too long,Не ждите слишком долго,,needs_human,UI string
Double tap to continue,"Дважды нажмите, чтобы продолжить",,needs_human,UI string
Double tap to copy diagnostic information.,"Дважды нажмите, чтобы скопировать диагностическую информацию.",,needs_human,UI string
Double tap to edit,"Дважды нажмите, чтобы изменить",,needs_human,UI string
Double tap to edit serving size in grams,"Дважды нажмите, чтобы изменить размер порции в граммах",,needs_human,UI string
Double tap to include or exclude this adjustment,"Дважды нажмите, чтобы включить или исключить правку",,needs_human,UI string
Downshift,Не форсируйте,,needs_human,UI string
Downshift after heat,Сбавьте обороты после жары,,needs_human,UI string
Downshift now,Сделайте спокойнее,,needs_human,UI string
Drink,Напиток,,needs_human,UI string
Drink %@ water,Выпейте %@ воды,,needs_human,UI string
Drink 300-500 ml now and bring a bottle for the %@.,Выпейте 300–500 мл сейчас и возьмите бутылку на %@.,,needs_human,UI string
Drink 300-500 ml now. Add 30-60 g carbs before leaving.,Выпейте 300–500 мл сейчас. Добавьте 30–60 г углеводов перед выходом.,,needs_human,UI string
Drink 300-500 ml now. Give the meal time to settle and bring a bottle.,Выпейте 300–500 мл сейчас. Дайте еде улечься и возьмите бутылку.,,needs_human,UI string
Drink 300-500 ml water,Выпейте 300-500 мл воды,,needs_human,UI string
Drink 300–500 ml water,Выпейте 300–500 мл воды,,needs_human,UI string
Drink 300–500 ml water before the run,Выпейте 300–500 мл воды перед пробежкой,,needs_human,UI string
Drink 500–750ml water,Выпейте 500–750 мл воды,,needs_human,UI string
Drink 750–1000ml water,Выпейте 750–1000 мл воды,,needs_human,UI string
Drink Water,Выпить воды,,needs_human,UI string
Drink at least 750ml in the 2 hours after each hard session this week.,Пейте не менее 750 мл в течение 2 часов после каждой тяжёлой сессии на этой неделе.,,needs_human,UI string
Drink calmly before exposure,Пейте спокойно перед воздействием,,needs_human,UI string
Drink some water,Выпейте немного воды,,needs_human,UI string
Drink to comfort during this block,Пейте до комфорта во время этого блока,,needs_human,UI string
Drink water before court time,Выпейте воды перед кортом,,needs_human,UI string
Drink water before heat,Выпейте воды перед теплом,,needs_human,UI string
Drink water before the ride,Выпейте воды перед заездом,,needs_human,UI string
Drink water before training,Выпейте воды перед тренировкой,,needs_human,UI string
Drink water before you start,Выпейте воды перед стартом,,needs_human,UI string
Drink water gradually,Пейте воду постепенно,,needs_human,UI string
Drink water if needed,"Выпейте воды, если хочется.",,needs_human,UI string
Drink water slowly,Пейте воду медленно,,needs_human,UI string
Drinks,Напитки,,needs_human,UI string
Drinks selected,Напитки выбраны,,needs_human,UI string
Drizzle with honey and serve chilled or at room temperature.,Полейте мёдом и подавайте охлаждённым или комнатной температуры.,,needs_human,UI string
Duck Rice,Утка с рисом,,needs_human,UI string
Duration,Длительность,,needs_human,UI string
Duration looks supportive relative to your usual target.,Длительность выглядит поддерживающей относительно обычной цели.,,needs_human,UI string
Duration · %lld min,Длительность · %lld мин,,needs_human,UI string
EMERGING TREND,НАМЕЧАЮЩИЙСЯ ТРЕНД,,needs_human,UI string
EVENING,ВЕЧЕР,,needs_human,UI string
EXECUTE,ВЫПОЛНИТЬ,,needs_human,UI string
Each break can be seated. Spread them out — don’t cram them together if the day is almost over.,Каждая пауза может быть сидя. Распредели их — не сжимай все в конце дня.,,needs_human,UI string
Each day has a specific task. You confirm completion yourself — no HealthKit required.,У каждого дня своя задача. Ты сам отмечаешь выполнение — HealthKit не нужен.,,needs_human,UI string
Early estimate from limited signals.,Ранняя оценка по ограниченным сигналам.,,needs_human,UI string
"Early signals suggest a category, but there is not enough recent data for a precise Stress Index yet.","Ранние сигналы позволяют оценить категорию, но для точного индекса нагрузки пока недостаточно данных.",,needs_human,UI string
Ease into it,Начните мягко,,needs_human,UI string
Ease into stretching,Войдите в растяжку спокойно,,needs_human,UI string
Ease into the first effort and adjust by feel.,Начните первую нагрузку мягко и ориентируйтесь на самочувствие.,,needs_human,UI string
Easy,Лёгкая,,needs_human,UI string
Easy day,Лёгкий день,,needs_human,UI string
Easy evening digestion,Лёгкое вечернее переваривание,,needs_human,UI string
Easy fuel can help.,Легкая еда может помочь.,,needs_human,UI string
Easy movement,Легкое движение,,needs_human,UI string
Easy movement helps most when it stays easy.,"Легкое движение помогает больше всего, когда остается легким.",,needs_human,UI string
Easy movement that fits real life.,"Лёгкое движение, которое вписывается в жизнь.",,needs_human,UI string
Easy pace,Лёгкий темп,,needs_human,UI string
Easy reset window,Легкое окно перезагрузки,,needs_human,UI string
Easy stretching after hard days helps the body settle without more training load.,Лёгкая растяжка после тяжёлых дней помогает телу успокоиться без новой нагрузки.,,needs_human,UI string
Easy walk,Лёгкая прогулка,,needs_human,UI string
Easy walk time completed. Well made space.,"Время на лёгкую прогулку отмечено. Хорошо, что нашлось место.",,needs_human,UI string
"Easy walking supports circulation and recovery without adding meaningful fatigue. The goal is to feel better afterwards, not more tired.","Легкая ходьба поддерживает кровообращение и восстановление без заметной усталости. Цель — почувствовать себя лучше, а не уставшим.",,needs_human,UI string
Easy · %@,Легко · %@,,needs_human,UI string
Eat %@,Съешьте %@,,needs_human,UI string
Eat 30-60g carbs,Съешьте 30–60 г углеводов,,needs_human,UI string
Eat a protein meal when ready,"Съешьте белковый прием пищи, когда будете готовы",,needs_human,UI string
Eat a recovery meal,Съешьте нормальную еду после нагрузки,,needs_human,UI string
Eat a recovery meal (protein + carbs),Съешьте нормальную еду после нагрузки (белок + углеводы),,needs_human,UI string
Eat a recovery meal if hungry,"Поешьте после нагрузки, если голодны",,needs_human,UI string
Eat carbs every 45–60 min (banana or bar),Ешьте углеводы каждые 45–60 мин (банан или батончик),,needs_human,UI string
Eat carbs if session goes long (banana or bar),"Ешьте углеводы, если тренировка затянется (банан или батончик)",,needs_human,UI string
Eat light if hungry (banana or toast),"Съешьте что-то легкое, если голодны (банан или тост)",,needs_human,UI string
Eat normally,Поешьте как обычно.,,needs_human,UI string
Eat normally at next meal,Поешьте нормально в следующий прием пищи,,needs_human,UI string
Eat normally at the next meal,Поешьте нормально в следующий прием пищи,,needs_human,UI string
Eat normally at your next meal,Поешьте нормально в следующий прием пищи,,needs_human,UI string
Eat something light,Съешьте что-то легкое,,needs_human,UI string
Edit,Изменить,编辑,draft_mt,UI string
Edit Food,Продукт,,needs_human,UI string
Edit Meal,Блюдо,,needs_human,UI string
Edit Name,Изменить имя,,needs_human,UI string
Edit activity,Изменить активность,,needs_human,UI string
Edit check-in,Изменить чек-ин,,needs_human,UI string
Edit wind-down time,Изменить время для спокойного вечера,,needs_human,UI string
Eggs,Яйца,,needs_human,UI string
Eggs Toast,Тост с яйцами,,needs_human,UI string
Elapsed Time,Прошедшее время,,needs_human,UI string
Electrolytes,Электролиты,,needs_human,UI string
Electrolytes if you sweat,"Электролиты, если сильно потели",,needs_human,UI string
Electrolytes may help more than plain water here.,"Здесь электролиты могут помочь больше, чем просто вода.",,needs_human,UI string
Elevated,Повышенный,,needs_human,UI string
Elevation,Набор высоты,,needs_human,UI string
Elevation Gain,Набор высоты,,needs_human,UI string
Email,Email,,needs_human,UI string
Email copied,Адрес скопирован,,needs_human,UI string
Emptying the tank before the day is done.,Опустошить бак до конца дня.,,needs_human,UI string
Enable Sleep Focus,Включите Фокус сна,,needs_human,UI string
Enable Wrist Detection,Включите распознавание запястья,,needs_human,UI string
Enable verbose Coach decision logs,Включить подробные логи решений тренера,,needs_human,UI string
Enabled,Доступно,,needs_human,UI string
End Activity,Завершить,,needs_human,UI string
End by repeating something that already worked for you.,"Заверши повторением того, что уже сработало.",,needs_human,UI string
Endurance,Выносливость,,needs_human,UI string
Endurance Day,День аэробной нагрузки,,needs_human,UI string
Endurance fuel,Для выносливости,,needs_human,UI string
Endurance session,Кардио,,needs_human,UI string
Energized,Энергичный,精力充沛,curated,UI string
Energy Intake Behind,Не хватает энергии,,needs_human,UI string
"Energy intake and activity strain are elevated. Keep food light, hydrate steadily, and protect recovery.","Энергии уже достаточно, а нагрузка повышена. Держите еду легкой, пейте спокойно и не добавляйте лишний стресс.",,needs_human,UI string
"Energy intake is already high and activity strain is elevated. Keep the evening light, avoid more food, and prioritize recovery.","Энергии уже много, а нагрузка повышена. Держите вечер легким, не добавляйте еду без голода и дайте себе восстановиться.",,needs_human,UI string
Energy intake is behind today’s needs. Add a simple meal or snack now.,Сегодня энергии не хватает под потребности дня. Добавьте простой прием пищи или перекус сейчас.,,needs_human,UI string
Energy intake is behind your strain. Add a balanced recovery snack.,Энергии не хватает под сегодняшнюю нагрузку. Добавьте простой перекус для восстановления.,,needs_human,UI string
Energy intake matched activity demand well enough to support training.,Потребление энергии достаточно соответствовало нагрузке для поддержки тренировок.,,needs_human,UI string
"Energy is light, but protein is the most useful next step for recovery and stability.","Энергии немного, но сейчас самый полезный шаг — белок для восстановления и стабильности.",,needs_human,UI string
"Energy looks limited.
Favor quality over volume.","Энергии мало.
Качество важнее объёма.",,needs_human,UI string
Energy support,Поддержка энергии,,needs_human,UI string
English,Английский,,needs_human,UI string
English Breakfast,Английский завтрак,,needs_human,UI string
Enjoy the evening and keep a normal routine.,Проведите вечер спокойно и сохраните обычный режим.,,needs_human,UI string
Enrollment is closed for this event.,Регистрация на это событие закрыта.,,needs_human,UI string
Enter food name,Введите название продукта,,needs_human,UI string
Enter nutrition manually,Ввести КБЖУ вручную,,needs_human,UI string
Evening,К вечеру,,needs_human,UI string
Evening Review is ready,Вечерний обзор готов,,needs_human,UI string
Evening UI softness,Мягкость интерфейса вечером,,needs_human,UI string
Evening downshift,Вечернее замедление,,needs_human,UI string
Evening is a good time to protect recovery and sleep.,Вечер — хорошее время сохранить восстановление и сон.,,needs_human,UI string
Evening pick,Вечерний выбор,,needs_human,UI string
Evening reminders to slow down,Вечерние напоминания замедлиться,,needs_human,UI string
Event dates,Даты события,,needs_human,UI string
"Every workout, every step and every activity you complete on Apple Watch automatically becomes part of today's guidance.","Каждая тренировка, каждый шаг и каждая активность с Apple Watch автоматически становятся частью подсказок на сегодня.",,needs_human,UI string
"Everything about your day.
One place.","Всё о вашем дне.
В одном месте.",,needs_human,UI string
Everything is moving well.,Все идет ровно.,,needs_human,UI string
Everything looks steady,Все выглядит стабильно,,needs_human,UI string
Everything planned was completed,Все запланированное выполнено,,needs_human,UI string
Everything works together.,Всё работает вместе.,,needs_human,UI string
"Everything you need to understand today, decide what's next, and prepare for tomorrow.","Всё, чтобы понять сегодняшний день, решить, что дальше, и подготовить завтра.",,needs_human,UI string
Excellent,Отлично,,needs_human,UI string
Excellent protein intake today.,Отличное потребление белка сегодня.,,needs_human,UI string
Execution quality matters more than adding extra goals right now.,"Сейчас важнее качество выполнения, а не дополнительные цели.",,needs_human,UI string
Exercise,Воркаут,,needs_human,UI string
Exit Demo,Выйти из демо,,needs_human,UI string
Exit before fatigue accumulates,Выходите до накопления усталости,,needs_human,UI string
Exit calmly,Выйдите спокойно,,needs_human,UI string
Exit if dizzy,"Выйдите, если кружится голова",,needs_human,UI string
Expand this section,Развернуть секцию,,needs_human,UI string
Expected outcome,Ожидаемый результат,,needs_human,UI string
Explore Nutrition Details,Детали питания,,needs_human,UI string
Explore WeekFit with pre-populated sample health data.,Посмотрите все возможности WeekFit на заранее подготовленных данных.,,needs_human,UI string
Extend the exhale,Удлиняйте выдох,,needs_human,UI string
Extra,Добавка,,needs_human,UI string
Extra intensity adds fatigue without adding much benefit today.,Дополнительная интенсивность сегодня добавит усталость без большой пользы.,,needs_human,UI string
Extra intensity now adds fatigue on top of the remaining plan.,Дополнительная интенсивность сейчас добавит усталость поверх оставшегося плана.,,needs_human,UI string
Extras,Добавки,,needs_human,UI string
Extreme Energy Overload,Слишком много энергии,,needs_human,UI string
Extreme Energy Overload.,Слишком много энергии.,,needs_human,UI string
F,Ж,,needs_human,UI string
FAQ,FAQ,,needs_human,UI string
FOCUS NEXT,ФОКУС ДАЛЬШЕ,,needs_human,UI string
FOR YOU,ДЛЯ ВАС,,needs_human,UI string
FUEL,ПИТАНИЕ,,needs_human,UI string
Fair,Средне,,needs_human,UI string
Fallback should only happen when there is truly nothing useful to reason about.,Резервный текст нужен только когда действительно не о чем полезно сказать.,,needs_human,UI string
Fat,Жиры,,needs_human,UI string
Fat intake is high today. Choose leaner foods next to keep digestion smooth.,"Сегодня жиров много. Дальше выбирайте более легкую еду, чтобы пищеварению было проще.",,needs_human,UI string
Fats,Жиры,,needs_human,UI string
Favorite repeat complete. Strong finish.,Любимое действие повторено. Сильное завершение.,,needs_human,UI string
Feature idea,Идея функции,,needs_human,UI string
Feel ready,Ваш лучший день,,needs_human,UI string
Feeling different?,Другое ощущение?,,needs_human,UI string
Fi,Кл,,needs_human,UI string
Fib,Клетч.,,needs_human,UI string
Fiber,Клетчатка,,needs_human,UI string
Fiber intake finished well for this day.,Клетчатка за этот день завершилась хорошо.,,needs_human,UI string
Fiber intake is moving well. Keep the rest of the day balanced.,Клетчатка идет хорошо. Держите остаток дня сбалансированным.,,needs_human,UI string
Fiber intake is still low today.,Клетчатки сегодня все еще мало.,,needs_human,UI string
Fiber is still below today's target.,Клетчатка все еще ниже сегодняшней цели.,,needs_human,UI string
Find rhythm,Найдите ритм,,needs_human,UI string
Find the next limiter before adding load.,Найдите следующий ограничитель перед добавлением нагрузки.,,needs_human,UI string
Fine tune the activity length,Настройте длительность активности,,needs_human,UI string
Finish,Завершить,,needs_human,UI string
Finish calmer,Завершите спокойнее,,needs_human,UI string
Finish calmer than you started,"Закончите спокойнее, чем начали",,needs_human,UI string
Finish calmly,Завершите спокойно,,needs_human,UI string
Finish clean,Завершите чисто,,needs_human,UI string
Finish cleanly,Закончите аккуратно,,needs_human,UI string
Finish current session before starting another,Завершите текущую сессию перед новой,,needs_human,UI string
Finish feeling better than when you started,"Закончите в лучшем состоянии, чем начали",,needs_human,UI string
"Finish feeling better, not tired","Закончите с ощущением легче, а не уставшим",,needs_human,UI string
Finish feeling like you could do more,"Закончите с ощущением, что могли бы еще",,needs_human,UI string
Finish fresh,Завершите свежо,,needs_human,UI string
Finish fresher than you started,"Закончите свежее, чем начали",,needs_human,UI string
Finish fresher than you started.,"Завершите свежее, чем начинали.",,needs_human,UI string
Finish gently,Завершите мягко,,needs_human,UI string
Finish relaxed,Завершите расслабленно,,needs_human,UI string
Finish stronger than you started,"Закончите сильнее, чем начали",,needs_human,UI string
Finish with a drizzle of soy sauce and serve warm.,Сбрызните соевым соусом и подавайте тёплым.,,needs_human,UI string
Finish with a protein-forward dinner.,Завершите день ужином с белком.,,needs_human,UI string
Finish with black pepper and serve straight from the pan.,Поперчите и подавайте прямо со сковороды.,,needs_human,UI string
Finish with blueberries and serve immediately.,Добавьте чернику и сразу подавайте.,,needs_human,UI string
Finish with calm breathing or easy movement,Завершите спокойным дыханием или легким движением,,needs_human,UI string
Finish with control,Завершите с контролем,,needs_human,UI string
Finish with energy left,Завершите с запасом энергии,,needs_human,UI string
Finish with enough reserve that recovery starts as soon as the session ends.,"Завершите с таким запасом, чтобы восстановление началось сразу после тренировки.",,needs_human,UI string
Finish with enough reserve to recover well.,"Завершите с запасом, чтобы легче восстановиться.",,needs_human,UI string
Finish with reserve,Завершите с запасом,,needs_human,UI string
Finish with reserve.,Завершите с запасом.,,needs_human,UI string
First Meal Pending,Первый прием пищи еще впереди,,needs_human,UI string
First drink,Добавьте напиток,,needs_human,UI string
First meal,Первый приём,,needs_human,UI string
First meal pending. Stay steady and avoid unnecessary snacking.,Первый прием пищи еще впереди. Держите ритм ровным и не перекусывайте просто так.,,needs_human,UI string
"First, connect Apple Health and allow the data WeekFit needs. Activity, sleep, workouts, heart data, hydration, and body metrics help the app understand your day better.","Сначала подключите Apple Health и разрешите данные, нужные WeekFit. Активность, сон, тренировки, пульс, вода и параметры тела помогают приложению лучше понимать ваш день.",,needs_human,UI string
Fit,Fit,,needs_human,UI string
Fits this time of day,Подходит к этому времени дня,,needs_human,UI string
Fits today's Coach focus,Подходит под фокус Тренера сегодня,,needs_human,UI string
"Flawless rhythm, but you are under-fueled for today's metabolic demand. Prioritize a dense protein-fat block before window closure.","Ритм отличный, но энергии мало для сегодняшней нагрузки. Добавьте плотный белково-жировой прием пищи до конца окна.",,needs_human,UI string
Flexibility,Гибкость,,needs_human,UI string
Flexible plan • Avoid extra intensity,Гибкий план • без лишней интенсивности,,needs_human,UI string
Fluids can support the day,Вода поможет пройти день ровнее,,needs_human,UI string
Fluids for endurance,Вода для кардио,,needs_human,UI string
Fluids matter for the current context.,Вода важна для текущего контекста.,,needs_human,UI string
Flush surplus system,Разгрузить систему,,needs_human,UI string
Focus,Фокус,,needs_human,UI string
Focus ended,Фокус завершён,,needs_human,UI string
Focus on clean technique,Фокус на чистой технике,,needs_human,UI string
Focus on consistency,Фокус на стабильности,,needs_human,UI string
Focus on range of motion,Следите за амплитудой движения.,,needs_human,UI string
"Focus on range of motion, not intensity. You should feel looser afterwards.","Фокус на амплитуде, а не интенсивности. После должно стать свободнее.",,needs_human,UI string
Focus on recovery,Время восстановиться,,needs_human,UI string
"Focus on recovery, normal food, hydration, and the next important session.","Сейчас важнее восстановление, нормальная еда, вода и следующая ключевая тренировка.",,needs_human,UI string
Focus on relaxing,Фокус на расслаблении,,needs_human,UI string
Focus on smooth cadence and steady output.,Держите плавный каденс и ровную мощность.,,needs_human,UI string
Follow my wind-down routine,Следовать своему ритуалу спокойного завершения дня,,needs_human,UI string
Follow the plan,Следуйте плану,,needs_human,UI string
Food,Еда,,needs_human,UI string
Food Details,Детали продукта,,needs_human,UI string
Food is covered,Еда закрыта,,needs_human,UI string
Food name,Название продукта,,needs_human,UI string
Food now affects readiness for the next load.,Еда сейчас влияет на готовность к следующей нагрузке.,,needs_human,UI string
Food supports the day without becoming the main priority.,"Еда помогает дню, но не становится главным приоритетом.",,needs_human,UI string
"Food, hydration, activity and recovery are aligned. Keep the rhythm steady.","Питание, вода, активность и отдых сейчас согласованы. Просто держите ритм.",,needs_human,UI string
Foods,Продукты,,needs_human,UI string
For now,Сейчас,,needs_human,UI string
"For now, your weekly structure is the source of truth for planning.",Пока недельная структура — основа планирования.,,needs_human,UI string
For recovery,Для восстановления,,needs_human,UI string
"For the first few days, connect Health, plan one or two workouts, log meals and water, and check Coach after activity. WeekFit gets more useful as your data builds.","В первые дни подключите Здоровье, запланируйте одну-две тренировки, записывайте еду и воду и проверяйте Тренера после активности. WeekFit становится полезнее по мере накопления данных.",,needs_human,UI string
For the heat,В жару,,needs_human,UI string
For today,На сегодня,,needs_human,UI string
Forcing intensity because it is on the calendar.,"Давить интенсивность только потому, что она стоит в календаре.",,needs_human,UI string
Forcing intensity before fuel is handled.,Давить интенсивность до еды.,,needs_human,UI string
Forcing intensity while fluids are behind.,"Гнать интенсивность, когда воды не хватает.",,needs_human,UI string
Forcing the hard part just because it is on the calendar.,"Делать тяжелую часть только потому, что она стоит в календаре.",,needs_human,UI string
Forcing the plan may create more fatigue than fitness.,"Если давить план, усталости может быть больше, чем пользы.",,needs_human,UI string
Forgot password?,Забыли пароль?,,needs_human,UI string
Found product name: %1$@ (%2$@). Add nutrition manually.,Найдено название: %1$@ (%2$@). Добавьте нутриенты вручную.,,needs_human,UI string
Found: %1$@ — %2$d kcal (%3$@). Review before saving.,Найдено: %1$@ — %2$d ккал (%3$@). Проверьте перед сохранением.,,needs_human,UI string
Found: %1$@ — %2$d kcal per 100 g (%3$@). Review before saving.,Найдено: %1$@ — %2$d ккал на 100 г (%3$@). Проверьте перед сохранением.,,needs_human,UI string
Free to join · One action a day,Бесплатно · Одно действие в день,,needs_human,UI string
Free to join. No subscription required.,Бесплатно. Подписка не нужна.,,needs_human,UI string
Free trial,Пробный период,免费试用,draft_mt,UI string
Free trial active,Пробный период активен,,needs_human,UI string
Frequently Used,Часто используемые,,needs_human,UI string
"From Today you log food and drinks, start activities, and see how the day is going — all in one place.","С экрана Today вы логируете еду и напитки, запускаете активности и видите, как идёт день — всё в одном месте.",,needs_human,UI string
From ingredients,Из ингредиентов,,needs_human,UI string
Front-load protein early.,Заложите белок с утра.,,needs_human,UI string
Fry the eggs and place each one on a tortilla.,Пожарьте яйца и выложите каждое на тортилью.,,needs_human,UI string
Fuel,Питание,饮食,draft_mt,UI string
Fuel & Hydration,Питание и вода,,needs_human,UI string
Fuel & hydration,Питание и вода,,needs_human,UI string
Fuel before the hard work,Подкрепитесь перед тяжелой работой,,needs_human,UI string
Fuel calmly,Спокойно пополните энергию,,needs_human,UI string
Fuel endurance,Еда для кардио,,needs_human,UI string
Fuel is contextually relevant to the next training or recovery step.,Еда важна для следующей тренировки или шага восстановления.,,needs_human,UI string
Fuel is covered,Еда закрыта,,needs_human,UI string
"Fuel is light, with hydration still behind.","Еды маловато, и воды все еще не хватает.",,needs_human,UI string
Fuel is started,Еда уже началась,,needs_human,UI string
Fuel is still light for this effort.,Для такого усилия еды пока маловато.,,needs_human,UI string
Fuel is still missing,Еды все еще не хватает,,needs_human,UI string
"Fuel matters here because there is actual work ahead, not because a target is unfinished.","Еда важна здесь потому, что впереди реальная работа, а не потому, что не закрыта цель.",,needs_human,UI string
Fuel next,Дальше питание,,needs_human,UI string
"Fuel so far, what’s left and how intake fits the day.","Уже съедено, сколько осталось и как питание вписывается в день.",,needs_human,UI string
Fuel the %@,Подкрепитесь перед %@,,needs_human,UI string
Fuel the next session.,Подкрепитесь перед следующей тренировкой.,,needs_human,UI string
Fuel the ride/run,Подкрепитесь перед заездом/пробежкой,,needs_human,UI string
Fueling,Питание,,needs_human,UI string
Fueling Support,Поддержка питания,,needs_human,UI string
Fueling pattern improved,Паттерн питания улучшился,,needs_human,UI string
Fueling pattern was mixed,Паттерн питания был неоднородным,,needs_human,UI string
Fueling stayed consistent,Питание оставалось стабильным,,needs_human,UI string
Fueling support,Поддержка питания,,needs_human,UI string
Fueling window,Окно питания,,needs_human,UI string
Full Body,Все тело,,needs_human,UI string
Full body,Всё тело,,needs_human,UI string
Fully recovered,Полностью восстановлен,,needs_human,UI string
Future workouts,Тренировки,,needs_human,UI string
GOOD TO GO,МОЖНО НАЧИНАТЬ,,needs_human,UI string
Gain muscle,Наращивать массу,,needs_human,UI string
Generic fallback is not allowed because the day has meaningful context.,Общий текст здесь не подходит: у дня есть важный контекст.,,needs_human,UI string
Gentle guidance after active days,Мягкие рекомендации после активных дней,,needs_human,UI string
Gentle movement can help recovery,Легкое движение поможет восстановиться,,needs_human,UI string
Gentle walking can help with stiffness,Спокойная ходьба поможет убрать скованность,,needs_human,UI string
"Gentle yoga can release tension, improve mobility and help the body downshift. Keep the session calm enough to support recovery.","Мягкая йога может снять напряжение, улучшить подвижность и помочь телу замедлиться. Держите тренировку достаточно спокойной, чтобы она помогала восстановлению.",,needs_human,UI string
Get Started,Начать,,needs_human,UI string
Get ready,Подготовьтесь,,needs_human,UI string
Get ready for %@,Подготовьтесь к %@,,needs_human,UI string
Get some protein,Добавьте белок,,needs_human,UI string
Get your body moving first,Сначала раздвигайтесь,,needs_human,UI string
"Give Coach recovery, sleep and activity context.","Дайте Тренеру контекст по восстановлению, сну и активности.",,needs_human,UI string
Give the body material to repair,Дайте телу материал для восстановления,,needs_human,UI string
Give the body material to repair the work.,"Дайте телу материал, чтобы восстановить сделанную работу.",,needs_human,UI string
"Give the meal time to settle, bring a bottle, and start easy.","Дайте еде улечься, возьмите бутылку и начните легко.",,needs_human,UI string
Give the meal time to settle. Bring a bottle and start easy.,Дайте еде улечься. Возьмите бутылку и начните легко.,,needs_human,UI string
Give today a shape.,Задайте форму сегодняшнему дню.,,needs_human,UI string
Give your body a quieter few minutes,Дайте телу несколько спокойных минут,,needs_human,UI string
Give your food a clear and simple name.,Назовите продукт просто и понятно.,,needs_human,UI string
Give your food a name to save it to your library.,"Дайте продукту название, чтобы сохранить его в библиотеке.",,needs_human,UI string
"Given %@, %@ may exceed what you can recover from. I would protect tonight and be ready to swap tomorrow's %@ work for recovery if readiness is still low.","С учетом %@, %@ может быть выше того, от чего вы успеете восстановиться. Сегодня я бы сохранил вечер спокойным и был готов заменить завтрашнюю %@ работу на восстановление, если готовность останется низкой.",,needs_human,UI string
Go easier today and you’ll probably feel better later.,"Сегодня сделайте легче — позже, скорее всего, почувствуете себя лучше.",,needs_human,UI string
Goal,Цель,,needs_human,UI string
Goal reached,Цель достигнута,,needs_human,UI string
Goal-aware,С учётом цели,,needs_human,UI string
Goal: %lld kcal,Цель: %lld ккал,,needs_human,UI string
Good,Хорошо,很好,curated,UI string
Good afternoon,Добрый день,下午好,curated,PRIORITY UI — tabs/onboarding/paywall/coach chrome
"Good afternoon, %@.","Добрый день, %@.",,needs_human,PRIORITY UI — tabs/onboarding/paywall/coach chrome
Good afternoon.,Добрый день.,,needs_human,PRIORITY UI — tabs/onboarding/paywall/coach chrome
Good breakfast window,Хорошее окно завтрака,,needs_human,UI string
Good cardio timing,Хорошее время для кардио,,needs_human,UI string
Good dinner window,Хорошее окно ужина,,needs_human,UI string
Good evening,Добрый вечер,晚上好,curated,PRIORITY UI — tabs/onboarding/paywall/coach chrome
"Good evening, %@.","Добрый вечер, %@.",,needs_human,PRIORITY UI — tabs/onboarding/paywall/coach chrome
Good evening.,Добрый вечер.,,needs_human,PRIORITY UI — tabs/onboarding/paywall/coach chrome
Good execution is coaching too: keep the session useful without turning it into extra stress.,"Хорошее выполнение — тоже работа тренера: держите тренировку полезной, без лишнего стресса.",,needs_human,UI string
Good lunch window,Хорошее окно обеда,,needs_human,UI string
Good macro fit today,Хорошо подходит по макросам сегодня,,needs_human,UI string
Good morning,Доброе утро,早上好,curated,PRIORITY UI — tabs/onboarding/paywall/coach chrome
Good morning anchor,Хороший утренний якорь,,needs_human,PRIORITY UI — tabs/onboarding/paywall/coach chrome
"Good morning, %@.","Доброе утро, %@.",,needs_human,PRIORITY UI — tabs/onboarding/paywall/coach chrome
Good morning.,Доброе утро.,,needs_human,PRIORITY UI — tabs/onboarding/paywall/coach chrome
Good movement volume today. Keep activity steady through the day.,Хороший объем движения сегодня. Сохраняйте темп ровным до конца дня.,,needs_human,UI string
Good night,Доброй ночи,,needs_human,UI string
"Good night, %@.","Доброй ночи, %@.",,needs_human,UI string
Good night.,Доброй ночи.,,needs_human,UI string
Good option before activity — keep it light with %@ to go,"Хороший вариант перед нагрузкой — держите лёгкость, до старта %@",,needs_human,UI string
Good preparation starts before the official prep window: avoid spending energy you want available later.,"Хорошая подготовка начинается до официального окна: не тратьте энергию, которая понадобится позже.",,needs_human,UI string
"Good readiness is useful, but the best sessions still begin with a calm opening.","Хорошая готовность полезна, но лучшие тренировки все равно начинаются спокойно.",,needs_human,UI string
Good recovery gap,Хорошее окно восстановления,,needs_human,UI string
Good reset. Keep the next block calm and avoid rushing back into intensity.,Хорошая перезагрузка. Держите следующий блок спокойным и не спешите возвращаться к интенсивности.,,needs_human,UI string
Good to go,Можно начинать,,needs_human,UI string
Good window today,Сегодня хорошее окно,,needs_human,UI string
Good. Keep recovery simple and continue with the day at a comfortable pace.,Хорошо. Держите восстановление простым и продолжайте день в комфортном темпе.,,needs_human,UI string
Good. Keep the evening quiet and let this downshift carry toward sleep.,Хорошо. Сохраните вечер спокойным и позвольте этому снижению темпа перейти ко сну.,,needs_human,UI string
Got it,Понятно,,needs_human,UI string
Grams,Граммы,,needs_human,UI string
Great,Отлично,,needs_human,UI string
Great balance,Отличный баланс,,needs_human,UI string
Greek Yogurt,Греческий йогурт,,needs_human,UI string
Guidance,Подсказка,,needs_human,UI string
Guides,Гайды,,needs_human,UI string
HEART RATE,Пульс,,needs_human,UI string
HEAT PREP,ПОДГОТОВКА К ТЕПЛУ,,needs_human,UI string
HEAT SUPPORT,ПОДДЕРЖКА ПОСЛЕ ТЕПЛА,,needs_human,UI string
HIIT Workout,HIIT-тренировка,,needs_human,UI string
HRV,ВСР,HRV,keep,brand/code/format — do not translate
"HRV appears lower than your personal baseline, which may reflect greater physiological strain.","HRV выглядит ниже личного базового уровня, что может отражать большую физиологическую нагрузку.",,needs_human,UI string
HRV below baseline,HRV ниже базового уровня,,needs_human,UI string
HRV is lower than your usual baseline,HRV ниже вашего обычного базового уровня,,needs_human,UI string
HRV is near your usual range.,HRV находится около вашего обычного диапазона.,,needs_human,UI string
HRV near baseline,HRV около базового уровня,,needs_human,UI string
HRV remains close to your baseline,HRV остаётся близким к базовому уровню,,needs_human,UI string
"HRV remains close to your baseline, which is a stabilizing signal.",HRV остаётся близким к базовому уровню — это стабилизирующий сигнал.,,needs_human,UI string
HRV stands for heart rate variability. WeekFit uses it as one of several recovery signals from Apple Health.,HRV — вариабельность сердечного ритма. WeekFit использует ее как один из сигналов восстановления из Apple Health.,,needs_human,UI string
HRV trend,Тренд ВСР,,needs_human,UI string
HRV was above your normal,ВСР была выше вашей нормы,,needs_human,UI string
HRV was slightly below your normal,ВСР была немного ниже вашей нормы,,needs_human,UI string
HRV was well below your normal,ВСР была значительно ниже вашей нормы,,needs_human,UI string
"HRV, resting heart rate, sleep, and recent training load","HRV, пульс в покое, сон и недавняя тренировочная нагрузка",,needs_human,UI string
HYDRATION,ГИДРАТАЦИЯ,,needs_human,UI string
HYDRATION FIRST,СНАЧАЛА ВОДА,,needs_human,UI string
HYDRATION INSIGHT,ИНСАЙТ ПО ГИДРАТАЦИИ,,needs_human,UI string
Habit,Привычка,,needs_human,UI string
Habit you’re keeping,"Привычка, которую вы сохраняете",,needs_human,UI string
Had a modest effect on today’s Stress Index.,Умеренно повлиял на сегодняшний индекс нагрузки.,,needs_human,UI string
Happening now,Идет сейчас,,needs_human,UI string
Hard,Тяжёлая,,needs_human,UI string
Hard days,Тяжёлые дни,,needs_human,UI string
Hard training would cost tomorrow.,Тяжёлая тренировка дорого обойдётся завтра.,,needs_human,UI string
Hard-day recovery is uneven,Восстановление в тяжёлые дни неравномерное,,needs_human,UI string
Have a small carb snack before training if you feel flat.,"Если чувствуете вялость, перекусите углеводами перед тренировкой.",,needs_human,UI string
Have mineral water or electrolytes,Возьмите минеральную воду или электролиты,,needs_human,UI string
Health,Здоровье,,needs_human,UI string
Health Access,Доступ к Health,,needs_human,UI string
Health Signals,Сигналы здоровья,,needs_human,UI string
Health Unavailable,Здоровье недоступно,,needs_human,UI string
Health access needed,Нужен доступ к Здоровью,,needs_human,UI string
"Health is connected, but WeekFit needs more data for better insights.","Health подключен, но WeekFit нужно больше данных для лучших инсайтов.",,needs_human,UI string
Health is syncing. Your rings will settle — Coach already has your aim.,Health синхронизируется. Кольца уточнятся — у Тренера уже есть ваша цель.,,needs_human,UI string
Health needs access,Health нужен доступ,,needs_human,UI string
Health setup needed,Нужно настроить Здоровье,,needs_human,UI string
Health signals active,Сигналы здоровья активны,,needs_human,UI string
"Health signals, activity and your goal are in place. Start from Today.","Сигналы здоровья, активность и цель на месте. Начните с Today.",,needs_human,UI string
Health unavailable,Health недоступен,,needs_human,UI string
"Health → Browse → Sleep → Show All Data
If no new entries appear, Apple Watch is not recording sleep yet.","Health → Обзор → Сон → Показать все данные
Если новых записей нет, Apple Watch пока не записывает сон.",,needs_human,UI string
"Health, Fitness & Nutrition Disclaimer","Отказ от ответственности по здоровью, фитнесу и питанию",,needs_human,UI string
"Health, activity, sleep, nutrition, hydration, and recovery data may be delayed, incomplete, estimated, or unavailable depending on your device, permissions, third-party sources, and Apple Health data availability.","Данные здоровья, активности, сна, питания, гидратации и восстановления могут задерживаться, быть неполными, оценочными или недоступными в зависимости от устройства, разрешений, сторонних источников и доступности данных Apple Health.",,needs_human,UI string
Healthy fat intake is still below today's target.,Полезных жиров сегодня все еще меньше цели.,,needs_human,UI string
Healthy fats are still below today's target.,Полезные жиры все еще ниже сегодняшней цели.,,needs_human,UI string
Heart,Сердце,,needs_human,UI string
Heart Rate,Пульс,,needs_human,UI string
Heart data,Данные пульса,,needs_human,UI string
Heart rate,Пульс,,needs_human,UI string
Heart rate begins to settle,Пульс начинает успокаиваться,,needs_human,UI string
Heat,Тепло,,needs_human,UI string
Heat can drain fluids faster than expected.,"Тепло может забирать больше воды, чем кажется.",,needs_human,UI string
"Heat can help circulation, muscle relaxation and the transition into recovery mode. Hydration afterwards is what turns the session into recovery support rather than extra stress.","Тепло может помочь кровообращению, расслаблению мышц и переходу в восстановление. Вода после него превращает тренировку в поддержку, а не в дополнительный стресс.",,needs_human,UI string
Heat changes what your body needs.,"Тепло меняет то, что нужно телу.",,needs_human,UI string
"Heat is active now, so fluids and minerals matter more.","Сейчас есть тепловая нагрузка, поэтому вода и минералы важнее.",,needs_human,UI string
"Heat is still ahead today, so hydration matters because it changes how stressful that sauna block feels.","Тепло еще впереди, поэтому вода важна: она меняет, насколько тяжелым будет блок сауны.",,needs_human,UI string
Heat prep,Подготовка к теплу,,needs_human,UI string
Heat raises fluid demand.,В жару нужно больше воды.,,needs_human,UI string
Heat raises perceived effort outdoors — shorten or cool the session.,Жара повышает нагрузку на улице — сократите сессию или смените условия.,,needs_human,UI string
Heat recovery,После жары,,needs_human,UI string
Heat recovery complete,Тепловое восстановление завершено,,needs_human,UI string
Heat should feel comfortable. End the session early if it starts to feel draining.,"Тепло должно ощущаться комфортно. Завершите раньше, если оно начинает истощать.",,needs_human,UI string
Heat the black beans with a splash of water and the chopped tomatoes until saucy.,Подогрейте чёрную фасоль с небольшим количеством воды и нарезанными помидорами до соусной консистенции.,,needs_human,UI string
Help & Support,Помощь и поддержка,,needs_human,UI string
Help WeekFit,Помочь WeekFit,,needs_human,UI string
Help us improve WeekFit by sharing how you use the app.,"Помогите улучшать WeekFit, делясь тем, как вы пользуетесь приложением.",,needs_human,UI string
Help your body repair after training,Помогите телу восстановиться после тренировки,,needs_human,UI string
"Help, guides and feedback","Помощь, инструкции и обратная связь",,needs_human,UI string
Helped keep today’s Stress Index lower.,Помог удержать сегодняшний индекс нагрузки ниже.,,needs_human,UI string
Helpful secondary reminders,Полезные дополнительные напоминания,,needs_human,UI string
Herbal Tea,Травяной чай,,needs_human,UI string
Here is where Coach starts — open Today and take the first step.,Отсюда начинается Тренер — откройте Today и сделайте первый шаг.,,needs_human,UI string
Hide data,Скрыть данные,,needs_human,UI string
Hide details,Скрыть детали,,needs_human,UI string
High,Высокий,,needs_human,UI string
High Confidence,Высокая уверенность,,needs_human,UI string
High Intensity,Высокая интенсивность,,needs_human,UI string
High Intensity Interval Training,HIIT,,needs_human,UI string
High Load,Нагрузка,,needs_human,UI string
High Load Day,День высокой нагрузки,,needs_human,UI string
High Metabolic Strain,Высокая нагрузка,,needs_human,UI string
High Metabolic Strain Detected.,Высокая нагрузка.,,needs_human,UI string
High Protein,Много белка,,needs_human,UI string
High confidence from today's signals,Высокая уверенность по сегодняшним данным,,needs_human,UI string
High impact,Высокое влияние,,needs_human,UI string
High intensity,Высокая интенсивность,,needs_human,UI string
High load,Высокая нагрузка,,needs_human,UI string
High protein,Много белка,,needs_human,UI string
High protein for recovery,Много белка для восстановления,,needs_human,UI string
"High readiness is an opportunity, not pressure. The value is using it deliberately.","Высокая готовность — это возможность, а не давление. Важно использовать ее осознанно.",,needs_human,UI string
High readiness is useful when it is attached to a training reason.,"Высокая готовность полезна, когда есть настоящая причина для тренировки.",,needs_human,UI string
High workload detected. Prioritize slow protein and wind down for recovery.,Нагрузка высокая. Добавьте белок и начните спокойно завершать день.,,needs_human,UI string
Higher resting HR,Выше пульс в покое,,needs_human,UI string
Higher than your recent personal range.,Выше вашего недавнего личного диапазона.,,needs_human,UI string
Higher training load yesterday,Выше нагрузка вчера,,needs_human,UI string
Higher-water days did not improve recovery in this 7-day sample.,Дни с большим потреблением воды не улучшили восстановление в этой 7-дневной выборке.,,needs_human,UI string
Highest protein meal,Самое белковое блюдо,,needs_human,UI string
Highlights,Итоги,,needs_human,UI string
Hiking,Хайкинг,,needs_human,UI string
Hit protein more consistently before changing training.,"Добивайтесь белка стабильнее, прежде чем менять тренировки.",,needs_human,UI string
Hit your protein target on at least 6 of the next 7 days.,Достигайте цели по белку минимум 6 из следующих 7 дней.,,needs_human,UI string
Hold 20–30s,Удерживайте 20–30 с,,needs_human,UI string
Hold conversational pace,Держите разговорный темп,,needs_human,UI string
Hold current load for 7 days before increasing,Держите текущую нагрузку 7 дней перед увеличением,,needs_human,UI string
Hold current training volume,Держите текущий объём тренировок,,needs_human,UI string
Hold effort you can repeat,"Держите усилие, которое сможете повторить",,needs_human,UI string
Hold steady effort,Держите ровное усилие,,needs_human,UI string
Hold sustainable effort,Держите устойчивое усилие,,needs_human,UI string
Hold the planned ceiling,Держите запланированный темп,,needs_human,UI string
Hold training volume until recovery stabilizes.,"Держите объём тренировок, пока восстановление не стабилизируется.",,needs_human,UI string
Hold volume steady until recovery rises before adding another hard session.,"Держите объём стабильным, пока восстановление не вырастет, прежде чем добавлять ещё одну тяжёлую сессию.",,needs_human,UI string
Hold volume until the recent average rebounds.,"Держите объём, пока недавнее среднее не восстановится.",,needs_human,UI string
Hold volume while testing the next limiter,"Держите объём, проверяя следующий ограничитель",,needs_human,UI string
Honey,Мед,,needs_human,UI string
Hour,Час,,needs_human,UI string
How WeekFit Uses Data,Как WeekFit использует данные,,needs_human,UI string
How WeekFit displays units.,Как отображаются единицы измерения в WeekFit.,,needs_human,UI string
How am I recovering?,Как я восстанавливаюсь?,,needs_human,UI string
How are Nutrition targets calculated?,Как рассчитываются цели Питания?,,needs_human,UI string
"How are protein, carbs, and fats calculated?","Как рассчитываются белки, углеводы и жиры?",,needs_human,UI string
How are your Activity and Nutrition targets calculated?,Как рассчитываются цели Активности и Питания?,,needs_human,PRIORITY UI — tabs/onboarding/paywall/coach chrome
How consistent am I?,Насколько я последователен?,,needs_human,UI string
How do I log an activity?,Как записать активность?,,needs_human,UI string
How do you feel today?,Как вы себя чувствуете сегодня?,,needs_human,UI string
How do you feel?,Как самочувствие?,,needs_human,UI string
How does Coach work?,Как работает Тренер?,,needs_human,UI string
How does WeekFit estimate calories?,Как WeekFit оценивает калории?,,needs_human,UI string
How does WeekFit work day to day?,Как WeekFit работает каждый день?,,needs_human,UI string
How heat supports recovery.,Как тепло поддерживает восстановление.,,needs_human,UI string
How is water target calculated?,Как рассчитывается цель воды?,,needs_human,UI string
How it works,Как это работает,,needs_human,UI string
How it’s calculated,Как это считается,,needs_human,UI string
How should I plan my week?,Как планировать неделю?,,needs_human,UI string
How this impacts you,Как это влияет на вас,,needs_human,UI string
How this recovery block helps your body.,Как этот блок восстановления помогает телу.,,needs_human,UI string
How to approach the upcoming session.,Как подойти к предстоящей тренировке.,,needs_human,UI string
How to enter the session calmly.,Как спокойно начать.,,needs_human,UI string
How to keep the heat block safe.,Как провести тепловой блок безопасно.,,needs_human,UI string
How to protect the downshift.,Как сохранить замедление.,,needs_human,UI string
How to recover from the completed session.,Как восстановиться после завершенной тренировки.,,needs_human,UI string
How to use WeekFit day to day,Как использовать WeekFit каждый день,,needs_human,UI string
How to use this insight,Как использовать этот сигнал,,needs_human,UI string
How was my week?,Как прошла моя неделя?,,needs_human,UI string
How’s WeekFit going?,Как вам WeekFit?,,needs_human,UI string
Huevos Rancheros,Уэвос ранчерос,,needs_human,UI string
Hydrate before heat,Пейте перед жарой,,needs_human,UI string
Hydrate calmly,Пейте спокойно,,needs_human,UI string
Hydrate first,Сначала вода,,needs_human,UI string
Hydrate normally,Пейте как обычно,,needs_human,UI string
Hydrate only if thirsty,Пейте только если хочется,,needs_human,UI string
Hydrate steadily,Пейте равномерно,,needs_human,UI string
Hydrate system,Поддержать гидратацию,,needs_human,UI string
Hydration,Гидратация,,needs_human,UI string
Hydration Deficit,Не хватает воды,,needs_human,UI string
Hydration Reminders,Напоминания о воде,,needs_human,UI string
Hydration Signal,Сигнал гидратации,,needs_human,UI string
Hydration Support,Поддержка воды,,needs_human,UI string
Hydration baseline needed,Нужен базовый уровень гидратации,,needs_human,UI string
Hydration before sauna,Вода перед сауной,,needs_human,UI string
Hydration check-in,Напоминание о воде,,needs_human,UI string
Hydration first,Сначала вода,,needs_human,UI string
Hydration gap detected. Drink steady amounts of fluids now.,Не хватает воды. Выпейте немного сейчас и продолжайте пить ровно.,,needs_human,UI string
Hydration insight unavailable,Инсайт по гидратации недоступен,,needs_human,UI string
Hydration is a safety signal because heat is involved.,"Вода здесь важна для безопасности, потому что есть тепло.",,needs_human,UI string
Hydration is behind for this point of the day. Build steady intake now instead of catching up late.,"Для этого времени дня воды маловато. Начните пить постепенно, а не догонять вечером.",,needs_human,UI string
Hydration is behind for this point of the day. Build steady intake now.,"Для этого времени дня воды маловато. Начните пить постепенно, без догоняния вечером.",,needs_human,UI string
Hydration is behind.,Не хватает воды.,,needs_human,UI string
Hydration is improving,Гидратация улучшается,,needs_human,UI string
Hydration is improving. Fuel is still the missing piece before the %@.,С водой стало лучше. Перед %@ все еще не хватает еды.,,needs_human,UI string
Hydration is moving toward the range that better supports recovery.,"Гидратация движется к диапазону, который лучше поддерживает восстановление.",,needs_human,UI string
Hydration is not the obvious limiter,Гидратация — не очевидный ограничитель,,needs_human,UI string
Hydration is not the recovery limiter,Гидратация — не ограничитель восстановления,,needs_human,UI string
Hydration is on the way back,Вода возвращается в норму,,needs_human,UI string
Hydration is separating recovery after higher-load days.,Гидратация разделяет восстановление после дней с высокой нагрузкой.,,needs_human,UI string
Hydration is still behind before %@.,Перед %@ воды все еще не хватает.,,needs_human,UI string
"Hydration is still behind, and fuel is light.","Воды все еще не хватает, и еды маловато.",,needs_human,UI string
"Hydration is still behind, with fuel light before %@.","Перед %@ воды все еще не хватает, а еды маловато.",,needs_human,UI string
Hydration is still behind.,Воды все еще не хватает.,,needs_human,UI string
Hydration is the strongest support signal in this trend.,Гидратация — самый сильный поддерживающий сигнал в этом тренде.,,needs_human,UI string
Hydration is useful support because heat adds stress.,"Вода особенно полезна, потому что тепло добавляет стресс.",,needs_human,UI string
Hydration matters most when training load is high enough to raise recovery cost.,"Гидратация особенно важна, когда нагрузка достаточно высока, чтобы повысить стоимость восстановления.",,needs_human,UI string
Hydration may be helping recovery,Гидратация может помогать восстановлению,,needs_human,UI string
Hydration needs a cleaner sample,Гидратации нужна более чистая выборка,,needs_human,UI string
Hydration not started • first target 500ml,Вода не начата • первая цель 500 мл,,needs_human,UI string
Hydration on hard days,Гидратация в тяжёлые дни,,needs_human,UI string
Hydration still matters.,Вода все еще важна.,,needs_human,UI string
Hydration support,Поддержка гидратации,,needs_human,UI string
Hydration target reached,Цель по воде достигнута,,needs_human,UI string
I did it,Я сделал,,needs_human,UI string
I skipped it,Я пропустил,,needs_human,UI string
I'll personalize today's guidance once Health is connected.,Подключите Apple Health — подготовлю персональные рекомендации.,,needs_human,UI string
IMPROVING,УЛУЧШАЕТСЯ,,needs_human,UI string
IN SESSION,ВО ВРЕМЯ ТРЕНИРОВКИ,,needs_human,UI string
"If future features require external processing, account services, cloud sync, analytics, or support diagnostics, those features should be disclosed separately and handled according to the app privacy policy and applicable App Store requirements.","Если будущие функции потребуют внешней обработки, учетных сервисов, облачной синхронизации, аналитики или диагностик поддержки, такие функции должны быть раскрыты отдельно и обрабатываться согласно политике конфиденциальности приложения и требованиям App Store.",,needs_human,UI string
"If nothing changes, tomorrow starts with the same fatigue plus one more night of poor recovery.","Если ничего не изменить, завтра начнется с той же усталости и еще одной ночи плохого восстановления.",,needs_human,UI string
"If permissions are removed, WeekFit may no longer be able to update related metrics, sync completed workouts, personalize Coach suggestions, or show certain insights.","Если разрешения удалены, WeekFit может больше не обновлять связанные метрики, синхронизировать завершенные тренировки, персонализировать советы Тренера или показывать отдельные инсайты.",,needs_human,UI string
"If readiness does not improve by training time, make the session easier or move the intensity.","Если к тренировке готовность не улучшится, сделайте ее легче или перенесите интенсивность.",,needs_human,UI string
"If recovery does not improve, tomorrow's plan gets narrower and intensity becomes a gamble.","Если восстановление не улучшится, завтрашний план станет уже, а интенсивность — рискованнее.",,needs_human,UI string
"If the session was meant to be hard, change it to easy before continuing.","Если тренировка должна была быть тяжелой, сделайте ее легкой перед продолжением.",,needs_human,UI string
"If the warm-up feels flat, remove intensity and keep the work easy.","Если разминка идет тяжело, уберите интенсивность и держите работу легкой.",,needs_human,UI string
"If walking isn’t available, use another gentle movement you can sustain for about 15 minutes total.","Если прогулка недоступна, выбери другое мягкое движение примерно на 15 минут суммарно.",,needs_human,UI string
"If you eat, keep it protein-only and small.",Если едите — только белок и немного.,,needs_human,UI string
"If you still train later, keep it flexible and don’t chase intensity.","Если тренировка позже все же будет, оставьте ее гибкой и не гонитесь за интенсивностью.",,needs_human,UI string
"If you train, try completing sessions on three separate days you can log.","Если тренируетесь, попробуйте завершить сессии в три разных дня, которые можно записать.",,needs_human,UI string
"If you use Apple Watch or another app that writes workouts to Apple Health, WeekFit can add completed workouts to your plan.","Если вы используете Apple Watch или другое приложение, которое записывает тренировки в Apple Health, WeekFit может добавить завершенные тренировки в ваш план.",,needs_human,UI string
"If you wake up flat, reduce tomorrow's intensity before forcing the plan.","Если проснетесь разбитым, снизьте завтрашнюю интенсивность до того, как давить план.",,needs_human,UI string
"If you want to train, choose a purposeful session and keep it appropriate for the week.","Если хотите тренироваться, выберите осмысленную тренировку и впишите ее в неделю.",,needs_human,UI string
"If you want to train, today supports one purposeful block that fits the week.","Если хотите тренироваться, сегодня подходит для одного осмысленного блока, который вписывается в неделю.",,needs_human,UI string
"If you were considering a meaningful session this week, today is a good candidate.","Если на этой неделе вы хотели поставить важную тренировку, сегодня хороший кандидат.",,needs_human,UI string
Ignore targets for the first few minutes.,Первые минуты не гонитесь за целями.,,needs_human,UI string
Improve hydration consistency.,Улучшите стабильность гидратации.,,needs_human,UI string
Improve sleep consistency.,Улучшите стабильность сна.,,needs_human,UI string
Improved HRV helped recovery stay steady under current load.,Улучшенный ВСР помог восстановлению оставаться стабильным при текущей нагрузке.,,needs_human,UI string
In Progress,В процессе,,needs_human,UI string
"In a non-stick pan, soft-scramble or gently fry the eggs with a pinch of salt.",На антипригарной сковороде мягко взболтайте или аккуратно пожарьте яйца с щепоткой соли.,,needs_human,UI string
In bed,В кровати,,needs_human,UI string
In line with %@,На уровне с %@,,needs_human,UI string
"In the last 7 days, higher-water days averaged +%lld recovery.",За последние 7 дней дни с большим потреблением воды в среднем давали +%lld восстановления.,,needs_human,UI string
Included,Включено,,needs_human,UI string
Increase easy daily movement.,Увеличьте лёгкое ежедневное движение.,,needs_human,UI string
Increase protein intake.,Увеличьте потребление белка.,,needs_human,UI string
Increased Stress Index,Повышает индекс нагрузки,,needs_human,UI string
Increased today’s Stress Index.,Повысил сегодняшний индекс нагрузки.,,needs_human,UI string
Ingredients,Ингредиенты,,needs_human,UI string
Ingredients become a saved meal with calories and macros.,Ингредиенты становятся сохранённым блюдом с калориями и макросами.,,needs_human,UI string
Inside %@ window. Mindful chewing downregulates cortisol and spikes nutrient absorption efficiency.,Вы в окне %@. Спокойный прием пищи помогает снизить стресс и улучшить усвоение.,,needs_human,UI string
Insights,Инсайты,洞察,draft_mt,PRIORITY UI — tabs/onboarding/paywall/coach chrome
"Insights becomes useful once sleep, recovery, food, drink and activity have enough recent history.","Инсайты становятся полезными, когда у сна, восстановления, еды, напитков и активности накопится достаточно недавней истории.",,needs_human,PRIORITY UI — tabs/onboarding/paywall/coach chrome
Insights needs a cleaner 30-day pattern before naming a stronger driver.,"Инсайтам нужен более чёткий 30-дневный паттерн, прежде чем назвать более сильный фактор.",,needs_human,PRIORITY UI — tabs/onboarding/paywall/coach chrome
Insights needs a few real logged days before it can compare patterns.,"Инсайтам нужно несколько реальных записанных дней, прежде чем сравнивать паттерны.",,needs_human,PRIORITY UI — tabs/onboarding/paywall/coach chrome
"Insights needs more overlapping sleep, recovery, training and nutrition data before ranking stories.","Инсайтам нужно больше пересекающихся данных о сне, восстановлении, тренировках и питании перед ранжированием историй.",,needs_human,PRIORITY UI — tabs/onboarding/paywall/coach chrome
Insights needs more recent recovery data before comparing the last 7 days with your baseline.,"Инсайтам нужно больше недавних данных о восстановлении, прежде чем сравнивать последние 7 дней с базой.",,needs_human,PRIORITY UI — tabs/onboarding/paywall/coach chrome
Install WeekFit on Apple Watch,Установите WeekFit на Apple Watch,,needs_human,UI string
"Instead of switching between apps, WeekFit gives you one clear answer for today.",Вместо переключения между приложениями WeekFit даёт один ясный ответ на сегодня.,,needs_human,UI string
Insufficient overlap,Недостаточное пересечение данных,,needs_human,UI string
"Interrupt long stillness with tiny, doable resets.",Прерывай долгое сидение маленькими доступными сбросами.,,needs_human,UI string
Interrupted sleep,Прерывистый сон,,needs_human,UI string
"Intervals, threshold work, or trying to prove fitness in a low-readiness state.","Интервалы, пороговая работа или попытка доказать форму при низкой готовности.",,needs_human,UI string
"Intervals, threshold work, or trying to prove fitness today.","Интервалы, пороговая работа или попытка доказать форму сегодня.",,needs_human,UI string
Introductory offer in progress,Действует вводное предложение,,needs_human,UI string
Invalid email or password.,Неверный email или пароль.,,needs_human,UI string
It gets harder to catch up once energy starts dropping.,"Когда энергия начинает падать, догонять становится сложнее.",,needs_human,UI string
It is evening and no activities remain today.,"Сейчас вечер, и активностей на сегодня больше нет.",,needs_human,UI string
It is late night and no activities remain today.,"Сейчас поздняя ночь, и активностей на сегодня больше нет.",,needs_human,UI string
It is night and no activities remain today.,"Сейчас ночь, и активностей на сегодня больше нет.",,needs_human,UI string
It is still overnight.,Все еще ночь.,,needs_human,UI string
"It weighs recovery, activity, nutrition, goals and plans — then suggests the next useful step.","Учитывает восстановление, активность, питание, цели и планы — и предлагает полезный следующий шаг.",,needs_human,UI string
It’s hot outside — ease outdoor load and hydrate well.,На улице жарко — снизьте outdoor-нагрузку и пейте больше воды.,,needs_human,UI string
It’s okay to follow up by email,Можно связаться по email,,needs_human,UI string
I’ll keep guiding you through it.,Я буду рядом по ходу дня.,,needs_human,UI string
Japanese Breakfast,Японский завтрак,,needs_human,UI string
Join a free seven-day practice with one gentle action each day. You confirm each day yourself—nothing is marked complete from Apple Health.,Бесплатная семидневная практика: одно мягкое действие каждый день. Вы сами отмечаете выполнение — Apple Health ничего не отмечает автоматически.,,needs_human,UI string
Join challenge,Присоединиться,,needs_human,UI string
"Join once, then return each day for the next small recovery action. You can preview all seven days anytime.",Присоединись один раз и возвращайся каждый день за следующим действием. Все семь дней можно посмотреть заранее.,,needs_human,UI string
Just now,Только что,,needs_human,UI string
KEEP IT CONTROLLED,ДЕРЖИТЕ ПОД КОНТРОЛЕМ,,needs_human,UI string
KEY METRICS,КЛЮЧЕВЫЕ МЕТРИКИ,,needs_human,UI string
KEY VITALS,КЛЮЧЕВЫЕ ПОКАЗАТЕЛИ,,needs_human,UI string
Keep %@ easy,Держите %@ легко,,needs_human,UI string
Keep %@ easy.%@,Держите %@ легко.%@,,needs_human,UI string
Keep 5–10 min easy before stopping,Последние 5–10 минут держите легкими,,needs_human,UI string
Keep HR below threshold,Держите пульс ниже порога,,needs_human,UI string
Keep It Moderate,Умеренная нагрузка,,needs_human,UI string
Keep a pace where you can talk,"Держите темп, в котором можете говорить",,needs_human,UI string
Keep a pace you could hold all day,"Держите темп, который могли бы держать весь день",,needs_human,UI string
Keep a quiet evening unwind moment,Сохранять тихое вечернее время для разгрузки,,needs_human,UI string
Keep activity light and focus on recovery basics.,Держите активность легкой и сфокусируйтесь на базе восстановления.,,needs_human,UI string
Keep adding fluids,Продолжайте добавлять воду,,needs_human,UI string
Keep at least one easier day and watch sleep coverage before adding load.,"Оставьте хотя бы один более лёгкий день и следите за записью сна, прежде чем добавлять нагрузку.",,needs_human,UI string
Keep basics steady,Держите базу ровно,,needs_human,UI string
Keep battery above 30% and avoid Low Power Mode while sleeping.,Держите заряд выше 30% и избегайте режима энергосбережения во время сна.,,needs_human,UI string
Keep bedtime normal,Сохраните обычное время сна,,needs_human,UI string
Keep breakfast steady and complete.,Держите завтрак ровным и полноценным.,,needs_human,UI string
Keep breathing relaxed,Дышите расслабленно,,needs_human,UI string
"Keep breathing slow, steady and comfortable.","Дышите медленно, ровно и комфортно.",,needs_human,UI string
Keep breathing steady,Держите дыхание ровным,,needs_human,UI string
Keep bringing fluids back up.,Продолжайте возвращать воду в норму.,,needs_human,UI string
Keep cadence steady,Держите стабильный каденс,,needs_human,UI string
Keep collecting signal,Продолжайте собирать сигнал,,needs_human,UI string
Keep digestion easy,Держите пищеварение легким,,needs_human,UI string
Keep dinner high protein — skip the late snack.,Ужин с белком — без позднего перекуса.,,needs_human,UI string
Keep dinner light and high protein.,Ужин лёгкий и с белком.,,needs_human,UI string
"Keep dinner light.
Save tomorrow's workout.","Сделайте ужин лёгким.
Тренировку оставьте на завтра.",,needs_human,UI string
Keep dinner protein-focused,Сделайте ужин с акцентом на белок.,,needs_human,UI string
Keep dinner steady. Don't chase calories late.,Держите ужин ровным. Не догоняйте калории поздно.,,needs_human,UI string
Keep effort at 2–3/10,Держите усилие на 2–3 из 10,,needs_human,UI string
Keep effort below what recovery can support.,"Держите усилие в пределах того, что позволяет восстановление.",,needs_human,UI string
Keep effort comfortable,Держите усилие комфортным,,needs_human,UI string
Keep effort easy,Держите усилие легким,,needs_human,UI string
Keep effort low,Держите усилие низким,,needs_human,UI string
Keep effort repeatable here. Execution matters more than chasing a number.,"Держите усилие повторяемым. Выполнение важнее, чем погоня за цифрой.",,needs_human,UI string
Keep effort smooth.,Держите усилие ровным.,,needs_human,UI string
Keep effort steady,Держите усилие ровным,,needs_human,UI string
Keep effort steady before fatigue appears. The goal is sustainable output.,Держите усилие ровным до появления усталости. Цель — устойчивый выход.,,needs_human,UI string
"Keep effort steady, stay comfortable and finish calmly.","Держите усилие ровным, оставайтесь в комфорте и завершите спокойно.",,needs_human,UI string
Keep effort sustainable,Держите устойчивое усилие,,needs_human,UI string
Keep endurance easy,Держите выносливость легкой,,needs_human,UI string
Keep energy available for the long block,Сохраните энергию для длинного блока,,needs_human,UI string
Keep energy available for the objective,Сохраните энергию доступной для цели,,needs_human,UI string
Keep energy available for the work,Сохраните энергию для работы,,needs_human,UI string
Keep energy steady,Держите энергию ровной,,needs_human,UI string
Keep enough in reserve for what remains.,"Оставьте запас на то, что еще впереди.",,needs_human,UI string
Keep every workout easy or Zone 2 for the next 7 days.,Держите каждую тренировку лёгкой или в зоне 2 следующие 7 дней.,,needs_human,UI string
"Keep fluid intake steady, but do not let it replace food or recovery support.","Пейте ровно, но не заменяйте водой еду или восстановление.",,needs_human,UI string
Keep fluids available,Держите воду под рукой,,needs_human,UI string
Keep fluids available as support,Держите воду под рукой,,needs_human,UI string
Keep fluids available without forcing another large drink.,"Держите воду под рукой, но не заставляйте себя пить много.",,needs_human,UI string
Keep fluids moving without rushing,"Пейте понемногу, без спешки",,needs_human,UI string
Keep fluids steady,Пейте воду равномерно.,,needs_human,UI string
Keep food light,Еда должна быть легкой,,needs_human,UI string
Keep food light (banana if hungry),"Еда легкая (банан, если голодны)",,needs_human,UI string
Keep food light before lifting,Еда легкая перед силовой,,needs_human,UI string
Keep food light before play,Еда легкая перед игрой,,needs_human,UI string
Keep food light only if already fueled,"Оставьте еду легкой, если уже заправились",,needs_human,UI string
Keep food logging steady while recovery history builds.,"Держите запись еды стабильной, пока формируется история восстановления.",,needs_human,UI string
Keep food normal,Ешьте нормально,,needs_human,UI string
Keep food simple before heat,Перед теплом еда должна быть простой,,needs_human,UI string
"Keep food, fluids, and intensity gentle","Еда, вода и интенсивность — спокойно",,needs_human,UI string
Keep form clean,Сохраняйте чистую технику,,needs_human,UI string
Keep form clean and leave 1–2 reps in reserve. Stop before technique breaks down.,Держите технику чистой и оставьте 1–2 повтора в запасе. Остановитесь до развала техники.,,needs_human,UI string
Keep form clean and leave reps in reserve,Держите технику чистой и оставляйте повторы в запасе,,needs_human,UI string
Keep form clean and leave reps in reserve until food is covered.,"Держите технику чистой и оставляйте повторы в запасе, пока еда не закрыта.",,needs_human,UI string
Keep form stable,Держите технику стабильной,,needs_human,UI string
Keep going when you can. The next day is a fresh task — no need to cram remaining breaks together.,"Продолжай, когда получится. Завтра — новая задача; не нужно сжимать оставшиеся паузы.",,needs_human,UI string
Keep good form on every set,Держите хорошую технику в каждом подходе,,needs_human,UI string
Keep hard sets for when you feel fresh.,Тяжёлые подходы — когда будете свежими.,,needs_human,UI string
Keep heat conservative,Держите тепло консервативным,,needs_human,UI string
Keep heat exposure conservative,Держите тепловую нагрузку умеренной,,needs_human,UI string
Keep hydration simple,Пейте воду просто и спокойно.,,needs_human,UI string
Keep intake steady instead of catching up late.,"Пейте ровно, а не догоняйте поздно.",,needs_human,UI string
Keep intensity easy until fueled,"Держите интенсивность легкой, пока не заправитесь",,needs_human,UI string
Keep intensity flexible,Оставьте интенсивность гибкой,,needs_human,UI string
Keep intensity light and prioritize recovery basics today.,Сохраняйте лёгкую интенсивность и уделите внимание основам восстановления.,,needs_human,UI string
Keep intensity low,Держите интенсивность низкой,,needs_human,UI string
Keep it at a pace you can hold,"Держите темп, который можете удержать",,needs_human,UI string
Keep it comfortable,Держите комфортный темп,,needs_human,UI string
"Keep it comfortable. This walk is here to support recovery, not add stress.","Держите комфортный темп. Эта прогулка нужна для поддержки восстановления, а не для добавления стресса.",,needs_human,UI string
Keep it digestible,Пусть еда легко усваивается,,needs_human,UI string
Keep it easy,Держите легко,,needs_human,UI string
Keep it easy and avoid turning this into training.,Держите легко и не превращайте это в тренировку.,,needs_human,UI string
Keep it easy so it supports recovery and leaves energy for the next session.,"Держите легко, чтобы поддержать восстановление и сохранить силы на следующую тренировку.",,needs_human,UI string
Keep it gentle,Держите мягко,,needs_human,UI string
Keep it light and comfortable,Держите легко и комфортно,,needs_human,UI string
Keep it light before activity,Перед активностью держите легко,,needs_human,UI string
Keep it light today,Сегодня держите легче,,needs_human,UI string
Keep it moderate,Держите умеренно,,needs_human,UI string
Keep it natural,Дышите естественно,,needs_human,UI string
Keep it out of today’s load,Убрать из сегодняшней нагрузки,,needs_human,UI string
Keep it simple and digestible,Пусть еда будет простой и легко усваиваемой,,needs_human,UI string
Keep it simple and digestible.,Пусть еда будет простой и легко усваиваемой.,,needs_human,UI string
Keep load increases gradual,Увеличивайте нагрузку постепенно,,needs_human,UI string
"Keep logging sleep, recovery, food and training for the next 7 days.","Записывайте сон, восстановление, еду и тренировки следующие 7 дней.",,needs_human,UI string
Keep logging until a real pattern emerges.,"Продолжайте записывать данные, пока не проявится реальный паттерн.",,needs_human,UI string
Keep lunch high protein.,Сделайте обед богатым белком.,,needs_human,UI string
Keep meal logging steady while training changes.,Держите запись блюд стабильной при изменении тренировок.,,needs_human,UI string
Keep meals steady through the afternoon.,Держите приёмы пищи ровными днём.,,needs_human,UI string
Keep mobility easy,Мобилити держите легкой,,needs_human,UI string
Keep mobility gentle,Держите мобильность мягкой,,needs_human,UI string
Keep morning activity easy,Держите утреннюю активность легкой,,needs_human,UI string
Keep movement easy,Держите движение легким,,needs_human,UI string
Keep movement easy while you rehydrate,"Пока восполняете воду, двигайтесь легко",,needs_human,UI string
Keep movement easy.,Движение держите легким.,,needs_human,UI string
Keep movement light,Держите движение легким,,needs_human,UI string
Keep my plan,Оставить мой план,,needs_human,UI string
Keep next meal lighter.,Следующий прием пищи сделайте легче.,,needs_human,UI string
Keep normal meals steady,Держите обычные приемы пищи ровными,,needs_human,UI string
Keep output steady,Держите нагрузку ровной,,needs_human,UI string
Keep pace comfortable,Держите комфортный темп,,needs_human,UI string
Keep pace easy,Держите легкий темп,,needs_human,UI string
Keep prep light,Держите подготовку легкой,,needs_human,UI string
Keep pressure smooth,Держите давление плавным,,needs_human,UI string
Keep pressure smooth and stay in control. Avoid unnecessary surges.,Держите давление плавным и контролируйте себя. Избегайте лишних рывков.,,needs_human,UI string
Keep rallies smooth,Держите розыгрыши плавными,,needs_human,UI string
Keep rallies steady,Держите розыгрыши ровными,,needs_human,UI string
Keep recovery easy,Держите восстановление легким,,needs_human,UI string
Keep recovery light.,Восстанавливайтесь спокойно.,,needs_human,UI string
Keep recovery logging steady to unlock the longer story.,"Ведите стабильную запись восстановления, чтобы открыть более длинную историю.",,needs_human,UI string
Keep recovery moving,Дайте себе восстановиться,,needs_human,UI string
Keep recovery work easy and make tonight's sleep the main win.,"Восстановительную работу держите легкой, а главный выигрыш сегодня — сон.",,needs_human,UI string
Keep reserve for final games,Оставьте запас на последние геймы,,needs_human,UI string
Keep reserve for the final games.,Оставьте запас на финальные геймы.,,needs_human,UI string
Keep rest as the priority,Сегодня важнее отдых,,needs_human,UI string
Keep rhythm,Держите ритм,,needs_human,UI string
Keep sauna short,Сделайте сауну короткой,,needs_human,UI string
Keep sauna short and comfortable. I would reduce training intensity afterwards.,Сделайте сауну короткой и комфортной. После нее я бы снизил интенсивность тренировки.,,needs_human,UI string
Keep sauna short. Rehydrate afterwards and make recovery the next priority.,Сделайте сауну короткой. После — пейте постепенно и переходите к восстановлению.,,needs_human,UI string
Keep screens low,Меньше экранов,,needs_human,UI string
Keep screens low for the next hour,Меньше экранов в ближайший час,,needs_human,UI string
Keep sipping calmly,Пейте небольшими глотками спокойно,,needs_human,UI string
Keep sleep above 7 hours on 5 of the next 7 nights.,Держите сон выше 7 часов 5 из следующих 7 ночей.,,needs_human,UI string
Keep sleep above 7h before adding load,Держите сон выше 7 ч перед добавлением нагрузки,,needs_human,UI string
Keep sleep above 7h before increasing training load.,Держите сон выше 7 ч перед увеличением тренировочной нагрузки.,,needs_human,UI string
Keep technique consistent and stop before form drops.,Держите технику стабильной и остановитесь до потери формы.,,needs_human,UI string
"Keep the %@, lower the ceiling","Оставьте %@, но снизьте темп",,needs_human,UI string
"Keep the %@, reduce the intensity","Оставьте %@, но снизьте интенсивность",,needs_human,UI string
Keep the basics steady,Держите базу ровно,,needs_human,UI string
Keep the basics steady.,Держите базу стабильной.,,needs_human,UI string
Keep the benefit by staying relaxed and avoiding extra intensity.,Сохраните эффект: оставайтесь расслабленным и избегайте лишней интенсивности.,,needs_human,UI string
Keep the breath comfortable,Дышите комфортно,,needs_human,UI string
"Keep the breath slow and natural. The goal is to downshift, not to perform.","Дышите медленно и естественно. Цель — снизить темп, а не выполнить упражнение на результат.",,needs_human,UI string
Keep the current activity easy enough to protect the next block.,"Текущую активность держите достаточно легкой, чтобы сохранить силы на следующий блок.",,needs_human,UI string
Keep the day calm,Держите день спокойным,,needs_human,UI string
Keep the day easy until more data is available.,"Держите день легким, пока не появится больше данных.",,needs_human,UI string
Keep the day easy.,Держите день легким.,,needs_human,UI string
Keep the day flexible,Оставьте день гибким,,needs_human,UI string
Keep the day restorative,Держите день восстановительным,,needs_human,UI string
Keep the day simple,Сделайте день проще.,,needs_human,UI string
Keep the day steady,Держите день ровным,,needs_human,UI string
Keep the day steady — don’t stack extra load without a reason.,Держите день спокойным — не добавляйте лишнюю нагрузку без причины.,,needs_human,UI string
Keep the effort comfortable,Держите усилие комфортным,,needs_human,UI string
Keep the effort easy and treat recovery as the next priority afterwards.,"Держите усилие легким, а после — переходите к восстановлению.",,needs_human,UI string
"Keep the effort repeatable and save the highest intensity for key points, not every rally.","Держите усилие повторяемым и оставляйте максимальную интенсивность для ключевых очков, а не для каждого розыгрыша.",,needs_human,UI string
Keep the effort repeatable.,"Держите усилие таким, чтобы его можно было повторить.",,needs_human,UI string
Keep the effort steady,Держите усилие ровным,,needs_human,UI string
Keep the effort steady and finish with reserve.,Держите усилие ровным и завершите с запасом.,,needs_human,UI string
"Keep the effort steady, relax your shoulders and do not chase speed today.","Держите усилие ровным, расслабьте плечи и сегодня не гонитесь за скоростью.",,needs_human,UI string
Keep the evening calm,Сохраняйте вечер спокойным,,needs_human,UI string
Keep the evening easy,Проведите вечер легко,,needs_human,UI string
Keep the evening light and let the normal routine carry you toward sleep.,Сделайте вечер легким и спокойно переходите к обычному режиму перед сном.,,needs_human,UI string
Keep the evening session focused and short.,Держите вечернюю сессию короткой и собранной.,,needs_human,UI string
Keep the evening steady,Держите вечер спокойно,,needs_human,UI string
Keep the first %@ easy,Держите первые %@ легкими,,needs_human,UI string
Keep the first 10 minutes easy,Первые 10 минут держите легкими,,needs_human,UI string
Keep the first 15-20 minutes easy,Первые 15–20 минут держите легкими,,needs_human,UI string
"Keep the first minutes easy and let breathing, pacing, and body feedback set the ceiling.","Первые минуты держите легкими — пусть дыхание, темп и самочувствие подскажут, сколько сегодня давать.",,needs_human,UI string
Keep the first part easy and settle into a steady rhythm.,Начните легко и войдите в ровный ритм.,,needs_human,UI string
Keep the first sets submaximal,Первые подходы держите не предельными,,needs_human,UI string
Keep the flow gentle,Держите поток мягким,,needs_human,UI string
"Keep the heat session moderate. The goal is relaxation and recovery, not endurance.","Держите тепло умеренным. Цель — расслабление и восстановление, а не выносливость.",,needs_human,UI string
Keep the last 5–10 minutes easy,Последние 5–10 минут держите легкими,,needs_human,UI string
Keep the main guidance supported,Следуйте главной рекомендации,,needs_human,UI string
Keep the next block easy,Следующий блок держите легким,,needs_human,UI string
Keep the next step flexible and maintain normal basics.,Оставьте следующий шаг гибким и держите базу.,,needs_human,UI string
Keep the next step simple,Следующий шаг держите простым,,needs_human,UI string
Keep the next step simple.,Следующий шаг держите простым.,,needs_human,UI string
Keep the night quiet,Держите ночь спокойной,,needs_human,UI string
Keep the night quiet and let sleep carry you into the morning.,Держите ночь спокойной и позвольте сну довести вас до утра.,,needs_human,UI string
Keep the opening block easy,Держите стартовый блок легким,,needs_human,UI string
Keep the pace comfortable,Держите комфортный темп,,needs_human,UI string
Keep the pace comfortable and let the session feel smooth.,Держите темп комфортным и сохраняйте ощущение плавности.,,needs_human,UI string
Keep the pace easy,Держите легкий темп,,needs_human,UI string
Keep the plan adjustable,Оставьте план гибким,,needs_human,UI string
Keep the plan flexible.,Сохраняйте план гибким.,,needs_human,UI string
"Keep the plan intact, stay calm, and let the start confirm the ceiling.","План оставьте как есть, сохраняйте спокойствие — и пусть старт покажет, какой темп держать сегодня.",,needs_human,UI string
Keep the plan simple,Сохраняйте план простым,,needs_human,UI string
Keep the plan unchanged,Оставьте план без изменений,,needs_human,UI string
Keep the recovery effect,Сохраните эффект восстановления,,needs_human,UI string
Keep the rest of the day easy,Держите остаток дня легким,,needs_human,UI string
Keep the rest of the day easy.,Держите остаток дня легким.,,needs_human,UI string
Keep the rest of the day simple and avoid adding unnecessary load.,Проведите остаток дня просто и не добавляйте лишнюю нагрузку.,,needs_human,UI string
Keep the rest of the plan adjustable.,Оставьте остаток плана гибким.,,needs_human,UI string
Keep the rhythm steady,Держите ритм стабильным,,needs_human,UI string
Keep the rhythm steady and watch whether the rebound holds.,"Держите ритм стабильным и следите, сохранится ли отскок.",,needs_human,UI string
Keep the rhythm steady.,Держите ритм ровным.,,needs_human,UI string
Keep the room calm,Сделайте комнату спокойной,,needs_human,UI string
Keep the routine,Сохраните рутину,,needs_human,UI string
Keep the sauna easy before sleep,Держите сауну легкой перед сном,,needs_human,UI string
Keep the sauna easy tonight,Держите сауну сегодня легкой,,needs_human,UI string
Keep the session comfortable,Держите тренировку комфортной,,needs_human,UI string
Keep the session easy and avoid extra stress.,Держите тренировку легкой и не добавляйте лишний стресс.,,needs_human,UI string
"Keep the session if you want it, but make the warm-up decide how much effort belongs today.","Если хотите оставить тренировку, пусть разминка решит, сколько усилия сегодня уместно.",,needs_human,UI string
"Keep the session if you want, but remove the hard parts. Start easy and let the warm-up decide whether effort belongs today.","Если хотите, оставьте тренировку, но уберите тяжелые части. Начните легко и пусть разминка решит, нужна ли сегодня интенсивность.",,needs_human,UI string
Keep the session steady,Держите тренировку ровной,,needs_human,UI string
Keep the session under control,Держите тренировку под контролем,,needs_human,UI string
Keep the session useful,Пусть тренировка будет полезной,,needs_human,UI string
Keep the softer palette all day,Мягкая палитра весь день,,needs_human,UI string
Keep the start easy.,Начните легко.,,needs_human,UI string
Keep the vivid daytime palette,Оставить яркую дневную палитру,,needs_human,UI string
Keep the walk easy,Держите прогулку легкой,,needs_human,UI string
Keep the walk restorative,Пусть прогулка будет легкой,,needs_human,UI string
Keep this calm and comfortable. The goal is to feel looser after the session.,Держите это спокойно и комфортно. Цель — почувствовать больше свободы после тренировки.,,needs_human,UI string
Keep this easy,Держите это легким,,needs_human,UI string
Keep this easy and leave room for %@.,Держите это легким и оставьте место для %@.,,needs_human,UI string
Keep this easy and sip calmly if water is available.,"Держите это легким и спокойно пейте, если вода доступна.",,needs_human,UI string
Keep this easy until food is covered.,"Держите это легким, пока не закроете еду.",,needs_human,UI string
Keep this gentle and sip a little water.,Держите это легко и пейте понемногу.,,needs_human,UI string
Keep this restorative and protect tomorrow.,Пусть это будет легким восстановлением. Сохраните силы на завтра.,,needs_human,UI string
Keep this session easy,Держите эту тренировку легкой,,needs_human,UI string
Keep today's fuel visible.,Держите топливо дня на виду.,,needs_human,UI string
Keep today's session clean and complete.,Сделайте сегодняшнюю сессию чистой и завершённой.,,needs_human,UI string
Keep tomorrow flexible.,Оставьте завтра гибким.,,needs_human,UI string
Keep tomorrow lighter,Сделайте завтра легче,,needs_human,UI string
Keep tonight lighter.,Сегодня вечером держите легче.,,needs_human,UI string
Keep training light. Protect recovery.,Держите тренировку лёгкой. Защитите восстановление.,,needs_human,UI string
Keep training volume flat for the next 7 days.,Держите объём тренировок неизменным следующие 7 дней.,,needs_human,UI string
Keep weekend wake time within 60 minutes of weekdays for the next 2 weekends.,Держите время пробуждения в выходные в пределах 60 минут от будней следующие 2 выходных.,,needs_human,UI string
Keep yoga gentle,Держите йогу мягкой,,needs_human,UI string
Keep your %@ steady,Держите %@ ровно,,needs_human,UI string
Keep your normal rhythm,Держите обычный ритм,,needs_human,UI string
Keep your rhythm,Держите свой ритм,,needs_human,UI string
Keeping fluids available matters more now than forcing another large drink.,"Сейчас важнее держать воду под рукой, чем заставлять себя пить много.",,needs_human,UI string
Keeps breakfast simple,Простой завтрак,,needs_human,UI string
Keeps intake controlled,Помогает держать питание под контролем,,needs_human,UI string
Keeps prep simple,Простая подготовка,,needs_human,UI string
Kefir 1%,Кефир 1%,,needs_human,UI string
Kilometres · kilograms · Celsius,Километры · килограммы · цельсий,,needs_human,UI string
Kitchen closed. Skip the late snack.,Кухня закрыта. Без позднего перекуса.,,needs_human,UI string
Know the Plan statuses,Знайте статусы Плана,,needs_human,UI string
Know what matters today.,"Знайте, что важно сегодня.",,needs_human,UI string
Know what to do next.,"Понимайте, что делать дальше.",,needs_human,UI string
Know what's next.,"Знайте, что дальше.",,needs_human,UI string
LIMITER,ОГРАНИЧЕНИЕ,,needs_human,UI string
LIVE,СЕЙЧАС,,needs_human,UI string
LIVE NOW,ИДЕТ СЕЙЧАС,,needs_human,UI string
LOW IMPACT,НИЗКАЯ НАГРУЗКА,,needs_human,UI string
"Ladle broth over noodles and top with pork, egg, and mushrooms.","Залейте лапшу бульоном и выложите сверху свинину, яйцо и грибы.",,needs_human,UI string
Lamb Buckwheat,Баранина с гречкой,,needs_human,UI string
Language,Язык,语言,draft_mt,PRIORITY UI — tabs/onboarding/paywall/coach chrome
Last 28 days,Последние 28 дней,,needs_human,UI string
Last 30 Days,Последние 30 дней,,needs_human,UI string
Last 7 days,Последние 7 дней,近 7 天,curated,UI string
Last sync,Последняя синхронизация,,needs_human,UI string
Last updated: May 2026,Обновлено: май 2026,,needs_human,UI string
"Late activity, late meals, or anything that delays recovery.","Поздняя активность, поздняя еда или все, что задержит восстановление.",,needs_human,UI string
Late bedtime,Поздний отбой,,needs_human,UI string
Late evening fluids can compete with sleep.,Поздний приём жидкости может мешать сну.,,needs_human,UI string
Lay a sheet of nori on a bamboo mat and spread an even layer of seasoned rice.,Положите лист нори на коврик и равномерно распределите приправленный рис.,,needs_human,UI string
"Learn how sleep, training and nutrition affect your recovery over time.","Как сон, тренировки и питание влияют на восстановление.",,needs_human,UI string
Leave 1–2 reps in reserve,Оставляйте 1–2 повтора в запасе,,needs_human,UI string
Leave a rep or two in reserve,Оставьте один-два повтора в запасе,,needs_human,UI string
Leave a review on the App Store,Оставить отзыв в App Store,,needs_human,UI string
Leave energy for the final sets,Оставьте энергию на последние подходы,,needs_human,UI string
Leave enough in reserve that recovery starts immediately.,"Оставьте запас, чтобы восстановление началось сразу.",,needs_human,UI string
Leave if you feel dizzy,"Выйдите, если кружится голова",,needs_human,UI string
Leave refreshed,Выйдите освеженным,,needs_human,UI string
"Leave refreshed, not drained","Закончите свежими, а не выжатыми",,needs_human,UI string
Leave the plan alone,Оставьте план как есть,,needs_human,UI string
Leave tomorrow for tomorrow,Оставьте завтра на завтра,,needs_human,UI string
"Left shows a rough estimate of remaining calories based on your current activity, workouts, and logged meals.","Остаток показывает примерную оценку оставшихся калорий с учетом текущей активности, тренировок и записанных приемов пищи.",,needs_human,UI string
Left: %lld kcal,Осталось: %lld ккал,,needs_human,UI string
"Let WeekFit adapt planning, calories and recovery to your real day.","Позвольте WeekFit адаптировать план, калории и восстановление к вашему реальному дню.",,needs_human,UI string
Let body feedback set the ceiling.,Пусть самочувствие задаст темп.,,needs_human,UI string
Let breathing settle first,Сначала стабилизируйте дыхание,,needs_human,UI string
Let it settle before training.,Дайте этому улечься перед тренировкой.,,needs_human,UI string
Let readiness set the effort,Пусть готовность задаст темп,,needs_human,UI string
Let recovery decide the plan,Пусть самочувствие решит план,,needs_human,UI string
Let recovery do its job.,Дайте восстановлению сделать свою работу.,,needs_human,UI string
Let recovery lead,Сегодня главное — восстановиться,,needs_human,UI string
Let recovery prove the load is working,"Дайте восстановлению подтвердить, что нагрузка работает",,needs_human,UI string
Let recovery start,Дайте восстановлению начаться,,needs_human,UI string
Let the body calm down,Дайте телу успокоиться,,needs_human,UI string
Let the body settle after heat and keep the evening calm.,Дайте телу успокоиться после тепла и сохраните вечер спокойным.,,needs_human,UI string
Let the day close cleanly,Дайте дню закрыться спокойно,,needs_human,UI string
Let the day start later,Пусть день начнется позже,,needs_human,UI string
Let the day stay balanced,Пусть день останется сбалансированным,,needs_human,UI string
Let the exhale become slower,Позвольте выдоху стать медленнее,,needs_human,UI string
Let the first block confirm readiness,Пусть первый блок покажет готовность,,needs_human,UI string
Let the first block settle before building,Дайте первому блоку стабилизироваться перед усилением,,needs_human,UI string
Let the meal settle before building,Дайте еде усвоиться перед наращиванием,,needs_human,UI string
Let the next real context decide,Пусть следующий реальный контекст решит,,needs_human,UI string
Let the session come to you,Входите в тренировку постепенно,,needs_human,UI string
Let the warm-up decide,Пусть разминка решит,,needs_human,UI string
Let the warm-up set the ceiling,Пусть разминка задаст темп,,needs_human,UI string
Let the warm-up settle the effort,Пусть разминка стабилизирует усилие,,needs_human,UI string
Let the work absorb,Дайте работе усвоиться,,needs_human,UI string
Let this movement help recovery rather than turning it into training.,"Пусть это движение помогает восстановлению, а не превращается в тренировку.",,needs_human,UI string
Let this session set the ceiling,Пусть тренировка сама задаст темп,,needs_human,UI string
Let workouts sync,Позвольте тренировкам синхронизироваться,,needs_human,UI string
Let your body cool down gradually,Дайте телу остыть постепенно,,needs_human,UI string
Let your body settle,Дайте телу успокоиться,,needs_human,UI string
Let your breathing settle,Дайте дыханию выровняться,,needs_human,UI string
Let your heart rate settle,Дайте пульсу успокоиться,,needs_human,UI string
Let your legs settle,Дайте ногам адаптироваться,,needs_human,UI string
Let your system settle now. Drink slowly and keep the rest of the day calm.,Дайте системе успокоиться. Пейте медленно и держите остаток дня спокойным.,,needs_human,UI string
Let's see your day.,Посмотрим ваш день.,,needs_human,UI string
Letting an easy action turn into another training load.,Позволить легкому действию превратиться в еще одну тренировку.,,needs_human,UI string
Letting an easy recovery action become another training load.,Позволить легкому восстановлению стать еще одной тренировочной нагрузкой.,,needs_human,UI string
Letting food settle protects the start without adding digestive stress.,"Если дать еде улечься, старт пройдет легче и без лишнего стресса для пищеварения.",,needs_human,UI string
Letting the gap before the %@ create extra fatigue.,Позволить паузе перед %@ создать лишнюю усталость.,,needs_human,UI string
Lettuce,Листья салата,,needs_human,UI string
Let’s compare with your sleep and recovery.,Сравним с вашим сном и восстановлением.,,needs_human,UI string
Lifetime access for early users,Пожизненный доступ для ранних пользователей,,needs_human,UI string
Light,Светлая,,needs_human,UI string
Light & fresh,Лёгкое и свежее,,needs_human,UI string
Light Walk,Легкая прогулка,,needs_human,UI string
Light activity is done. Stay hydrated and return to your normal routine.,Легкая активность завершена. Пейте воду и возвращайтесь к обычному режиму.,,needs_human,UI string
Light bite,Лёгкий перекус,,needs_human,UI string
Light energy support,Лёгкая энергетическая поддержка,,needs_human,UI string
Light evening choice to close the day cleanly,"Лёгкий вечерний вариант, чтобы спокойно завершить день",,needs_human,UI string
Light fuel window,Легкое окно питания,,needs_human,UI string
Light night protein,Легкий белок на ночь,,needs_human,UI string
Light nudges to drink water,Легкие напоминания пить воду,,needs_human,UI string
Light recovery,Легкое восстановление,,needs_human,UI string
Light recovery night,Легкая ночь восстановления,,needs_human,UI string
Light training load,Лёгкая нагрузка,,needs_human,UI string
Light uses the same premium ceramic surfaces as Dark — just in daylight.,"Светлая тема сохраняет ту же премиальную керамическую эстетику, что и тёмная — только при дневном свете.",,needs_human,UI string
"Light, Dark, or System","Светлая, тёмная или системная",,needs_human,UI string
Lighter after heat,Легче после жары,,needs_human,UI string
Lighter calorie option,Более лёгкий по калориям вариант,,needs_human,UI string
Lighter morning option,Более лёгкий утренний вариант,,needs_human,UI string
Lighter recovery choice after heat exposure,Более лёгкий вариант восстановления после жары,,needs_human,UI string
Lighter recovery option,Более лёгкий вариант для восстановления,,needs_human,UI string
Lighter recovery option · Supports recovery.,Лёгкий вариант для восстановления.,,needs_human,UI string
Lightly active,Легкая активность,,needs_human,UI string
Limit to 15–30 min,Ограничьте до 15–30 мин,,needs_human,UI string
"Limited recent data. Treat this as a cautious estimate, not a precise reading.","Мало недавних данных. Рассматривайте это как осторожную оценку, а не точное значение.",,needs_human,UI string
Listen to your body and keep intensity conservative.,Слушайте тело и держите интенсивность сдержанной.,,needs_human,UI string
Live,В эфире,,needs_human,UI string
Live means the activity is currently happening based on the planned time or synced workout timing.,"Сейчас означает, что активность идет по запланированному времени или времени синхронизированной тренировки.",,needs_human,UI string
Live session: %@,Активная сессия: %@,,needs_human,UI string
Load,Нагрузка,,needs_human,UI string
Load baseline needed,Нужен базовый уровень нагрузки,,needs_human,UI string
Load context missing,Контекст нагрузки отсутствует,,needs_human,UI string
Load in balance,Нагрузка в балансе,,needs_human,UI string
"Load is high, but recovery stayed above baseline.","Нагрузка высокая, но восстановление осталось выше базового уровня.",,needs_human,UI string
Load remained sustainable while movement softened.,"Нагрузка оставалась устойчивой, пока движение ослабло.",,needs_human,UI string
Loading,Загрузка,,needs_human,PRIORITY UI — tabs/onboarding/paywall/coach chrome
Loading your library,Загружаем библиотеку,,needs_human,PRIORITY UI — tabs/onboarding/paywall/coach chrome
Locking into the planned effort before the warm-up confirms it.,"Фиксироваться на плановом усилии до того, как разминка его подтвердит.",,needs_human,UI string
Log,Лог,,needs_human,UI string
Log %@,Записать %@,,needs_human,UI string
Log Food,Добавить еду,,needs_human,UI string
Log Meal,Записать,,needs_human,UI string
Log Today,Записать в Сегодня,,needs_human,UI string
Log a meal,Записать еду,记录一餐,draft_mt,UI string
Log a meal or start an activity — WeekFit will learn the day with you.,Залогируйте еду или запустите активность — WeekFit будет учиться дню вместе с вами.,,needs_human,UI string
Log as eaten,Отметить съеденным,,needs_human,UI string
Log consistently for 7 days,Записывайте данные 7 дней подряд,,needs_human,UI string
Log drinks,Добавить напиток,,needs_human,UI string
Log drinks and hydration in seconds.,За секунды логируйте напитки и гидратацию.,,needs_human,UI string
Log food,Еда,,needs_human,UI string
Log food & drinks,Еда и напитки,,needs_human,UI string
Log for %@,Записать для %@,,needs_human,UI string
Log meals and hydration for the next 7 days.,Записывайте еду и гидратацию следующие 7 дней.,,needs_human,UI string
Log meals and hydration to unlock the monthly coach read.,"Записывайте еду и гидратацию, чтобы открыть месячный анализ Тренера.",,needs_human,UI string
Log meals and snacks as the day unfolds.,Логируйте еду и перекусы по ходу дня.,,needs_human,UI string
Log now,Записать,,needs_human,UI string
Log one complete week.,Запишите одну полную неделю.,,needs_human,UI string
Log or sync activity for the next 7 days.,Записывайте или синхронизируйте активность следующие 7 дней.,,needs_human,UI string
Log or sync activity to unlock the monthly coach read.,"Записывайте или синхронизируйте активность, чтобы открыть месячный анализ Тренера.",,needs_human,UI string
Log quickly,Быстрый доступ,,needs_human,UI string
Log recovery and sleep for the next 7 days.,Записывайте восстановление и сон следующие 7 дней.,,needs_human,UI string
Log recovery and sleep to unlock the monthly coach read.,"Записывайте восстановление и сон, чтобы открыть месячный анализ Тренера.",,needs_human,UI string
Log simple things too,Записывайте простые вещи тоже,,needs_human,UI string
"Log sleep, meals, drinks and activities for a few more days to unlock trends.","Записывайте сон, еду, напитки и активность ещё несколько дней, чтобы открыть тренды.",,needs_human,UI string
"Log sleep, meals, drinks and activity every day for the next 7 days.","Записывайте сон, блюда, напитки и активность каждый день следующие 7 дней.",,needs_human,UI string
Log the next 7 days consistently.,Записывайте данные последующие 7 дней последовательно.,,needs_human,UI string
Log water & drinks,Вода и напитки,,needs_human,UI string
Log water or food,Залогируйте воду или еду,,needs_human,UI string
Log what already happened,"Записывайте то, что уже произошло",,needs_human,UI string
Log your first meal.,Запишите первый прием пищи.,,needs_human,UI string
"Log your food so the coach can balance energy, protein and recovery from real intake.","Запишите еду, чтобы Тренер точнее оценил энергию, белок и восстановление.",,needs_human,UI string
Logged,Записано,,needs_human,UI string
Logged from plan,Записано из плана,,needs_human,UI string
Logged in your plan,Запись из плана,,needs_human,UI string
Logged meal,Записанный прием пищи,,needs_human,UI string
Logged meals will appear here as a daily nutrition timeline.,Записанные блюда появятся здесь как дневная лента питания.,,needs_human,UI string
Logged · %1$@ · %2$d kcal,Записано · %1$@ · %2$d ккал,,needs_human,UI string
Logging Consistency,Стабильность записей,,needs_human,UI string
"Logging is for real things that happened during the day — coffee, water, meals, workouts, recovery, sauna, breathing, stretching, or sleep routines.","Логирование — для реальных событий дня: кофе, воды, еды, тренировок, восстановления, сауны, дыхания, растяжки или рутин сна.",,needs_human,UI string
Long endurance needs steady carbs.,Длинное кардио требует ровных углеводов.,,needs_human,UI string
Long heat exposure or adding more activity tonight.,Долгое тепло или дополнительная активность вечером.,,needs_human,UI string
Longest session:,Самая длинная тренировка:,,needs_human,UI string
"Look at awake time, deep sleep and REM sleep to understand the score.","Посмотрите время бодрствования, глубокий сон и REM-сон, чтобы понять оценку.",,needs_human,UI string
Look at the last 7 days,Посмотреть последние 7 дней,,needs_human,UI string
Look for patterns,Ищите закономерности,,needs_human,UI string
Looking up product…,Ищем продукт…,,needs_human,UI string
Lose weight,Снижать вес,,needs_human,UI string
Low,Низкий,不太好,curated,UI string
Low Confidence,Низкая уверенность,,needs_human,UI string
Low activity,Низкая активность,,needs_human,UI string
Low deep sleep,Мало глубокого сна,,needs_human,UI string
Low energy,Мало энергии,,needs_human,UI string
Low impact,Низкое влияние,,needs_human,UI string
Low load,Низкая нагрузка,,needs_human,UI string
Low logged intake,Мало записанного питания,,needs_human,UI string
Low recovery,Низкое восстановление,,needs_human,UI string
Low-friction recovery options,Простые варианты восстановления,,needs_human,UI string
Lower Body,Низ тела,,needs_human,UI string
Lower HRV,Ниже HRV,,needs_human,UI string
Lower body,Низ тела,,needs_human,UI string
Lower fat before activity,Меньше жиров перед нагрузкой,,needs_human,UI string
Lower recovery capacity.,Ресурс ниже обычного.,,needs_human,UI string
Lower resting heart rate reduced strain and supported recovery.,Более низкий пульс покоя снизил нагрузку и поддержал восстановление.,,needs_human,UI string
Lower stress before the next demand,Снизьте стресс перед следующей нагрузкой,,needs_human,UI string
Lower than your recent personal range.,Ниже вашего недавнего личного диапазона.,,needs_human,UI string
Lower the ceiling,Сделайте план легче,,needs_human,UI string
Lower the cost of the next hour,Снизьте цену следующего часа,,needs_human,UI string
Lower the later ceiling,Сделайте вечер легче,,needs_human,UI string
Lower the rest of the day and protect sleep.,Снизьте остаток дня и защитите сон.,,needs_human,UI string
Lower tomorrow's ceiling,Сделайте завтра легче,,needs_human,UI string
Lowered Stress Index,Снижает индекс нагрузки,,needs_human,UI string
Lunch,Обед,,needs_human,UI string
Lunch holds energy through the afternoon without forcing a heavy session.,Обед держит энергию днём и не требует тяжёлой тренировки.,,needs_human,UI string
Lunch → More protein,Обед → Больше белка,,needs_human,UI string
MACRO BALANCE,Баланс макроэлементов,,needs_human,UI string
MANAGE EFFORT,КОНТРОЛИРУЙТЕ УСИЛИЕ,,needs_human,UI string
MONTH VIEW,МЕСЯЦ,,needs_human,UI string
MONTHLY STORY,ИСТОРИЯ МЕСЯЦА,,needs_human,UI string
MOST LIKELY NEXT IMPROVEMENT,НАИБОЛЕЕ ВЕРОЯТНОЕ УЛУЧШЕНИЕ,,needs_human,UI string
Macro Balance,Баланс макронутриентов,,needs_human,UI string
Macronutrients are well balanced.,Макроэлементы хорошо сбалансированы.,,needs_human,UI string
Maintain current approach.,Поддерживайте текущий подход.,,needs_human,UI string
Maintain current load.,Поддерживайте текущую нагрузку.,,needs_human,UI string
Maintain the basics during training,Во время тренировки держите базу,,needs_human,UI string
Maintain weight,Поддерживать вес,,needs_human,UI string
"Maintenance isn't one fixed number. WeekFit shapes today's guidance around how you slept, moved, and what's planned.","Поддержание веса — это не одно и то же число каждый день. WeekFit формирует подсказки по сну, движению и планам.",,needs_human,UI string
Maintenance story,История поддержания,,needs_human,UI string
Make energy available,Дайте телу энергию,,needs_human,UI string
Make energy available before the next hard block.,Пополните энергию перед следующим тяжелым блоком.,,needs_human,UI string
Make every workout count,Каждая тренировка приносит больше,,needs_human,UI string
Make food available before adding intensity.,Сначала поешьте — и только потом добавляйте интенсивность.,,needs_human,UI string
Make it personal,Сделать личным,,needs_human,UI string
Make nutrition visible enough to learn from,Сделайте питание достаточно видимым для анализа,,needs_human,UI string
Make protein consistent before changing training.,Сделайте белок стабильным перед изменением тренировок.,,needs_human,UI string
Make recovery easier to start,Помогите себе восстановиться,,needs_human,UI string
Make sleep the anchor,Сделайте сон якорем,,needs_human,UI string
Make space to unwind,"Освободите время, чтобы расслабиться",,needs_human,UI string
Make the exhale gentle,Сделайте выдох мягким,,needs_human,UI string
Make the next block easier to absorb,Сделайте следующий блок легче для усвоения,,needs_human,UI string
Make the next block easier to recover from,Сделайте следующий блок легче,,needs_human,UI string
Make the next session easier to start,Подготовьте тело к следующей тренировке,,needs_human,UI string
Make the plan fit today's capacity,Подстройте план под сегодняшний ресурс,,needs_human,UI string
Make the session easier to manage,Сделайте тренировку спокойнее,,needs_human,UI string
Make this a recovery-led day,Сделайте день днем восстановления,,needs_human,UI string
Make time for a comfortable walk,Находить время для комфортной прогулки,,needs_human,UI string
Make time for a comfortable walk or an accessible movement alternative.,Найдите время для комфортной прогулки или доступной альтернативы.,,needs_human,UI string
Make time for an easy walk,Найди время для лёгкой прогулки,,needs_human,UI string
Make today's guidance personal.,Сделайте подсказки на сегодня личными.,,needs_human,UI string
Make wells in the sauce and crack in the eggs. Cover and cook until the whites set.,Сделайте углубления в соусе и разбейте яйца. Накройте и готовьте до схватывания белков.,,needs_human,UI string
Manage Apple Health permissions,Управляйте разрешениями Apple Health,,needs_human,UI string
Manage Apple Health permissions anytime in Apple Health or iOS Settings.,Разрешения Apple Health можно изменить в Apple Health или настройках iOS.,,needs_human,UI string
Manage in Apple Health,Настроить в Apple Health,,needs_human,UI string
Manage intensity,Управляйте интенсивностью,,needs_human,UI string
Manage intensity today,Сегодня управляйте интенсивностью,,needs_human,UI string
Manage subscription,Управлять подпиской,,needs_human,UI string
Manage your WeekFit account,Управление аккаунтом WeekFit,,needs_human,UI string
"Manage your WeekFit identity, sign out, or permanently delete your account.","Управляйте профилем WeekFit, выйдите из аккаунта или удалите его навсегда.",,needs_human,UI string
Manual entry,Вручную,,needs_human,UI string
"Mark all three breaks, then tap “I did it”.","Отметь все три паузы, затем нажми «Я сделал».",,needs_human,UI string
Mark as skipped,Отметить как пропущенное,,needs_human,UI string
Mash the avocado with a pinch of salt and spread it thickly on the toast.,Разомните авокадо с щепоткой соли и густо намажьте на тост.,,needs_human,UI string
Match effort to energy. Rest and lighter movement both count.,Подстройте нагрузку под энергию. Отдых и более лёгкое движение тоже считаются.,,needs_human,UI string
Match food to the next block,Подберите еду под следующий блок,,needs_human,UI string
Match your iPhone appearance setting.,Следовать настройке внешнего вида iPhone.,,needs_human,UI string
Matches remaining protein need,Подходит под оставшуюся норму белка,,needs_human,UI string
Matches today's activity load,Соответствует нагрузке сегодня,,needs_human,UI string
Max,Макс,,needs_human,UI string
Max %lld bpm,Макс. %lld уд/мин,,needs_human,UI string
Max Heart Rate,Макс. пульс,,needs_human,UI string
Max Speed,Максимальная скорость,,needs_human,UI string
Meal,Прием пищи,,needs_human,UI string
Meal Builder,Конструктор,,needs_human,UI string
Meal Details,Детали блюда,,needs_human,UI string
Meal Timeline,Лента питания,,needs_human,UI string
Meal category,Категория блюда,,needs_human,UI string
Meal completed?,Еда записана?,,needs_human,UI string
Meal is in,Еда уже есть,,needs_human,UI string
Meal library unavailable,Библиотека питания недоступна,,needs_human,UI string
Meal logging is becoming more reliable but still limits confidence.,"Запись блюд становится надёжнее, но всё ещё ограничивает уверенность.",,needs_human,UI string
Meal logging was consistent this week.,Запись блюд была стабильной на этой неделе.,,needs_human,UI string
Meal quality building,Качество питания формируется,,needs_human,UI string
Meal quality improved,Качество блюд улучшилось,,needs_human,UI string
Meal recommendation updates.,Рекомендация по еде обновляется.,,needs_human,UI string
Meal · %lld kcal,Еда · %lld ккал,,needs_human,UI string
Meal • %lld kcal,Еда • %lld ккал,,needs_human,UI string
Meals,Блюда,饮食,draft_mt,PRIORITY UI — tabs/onboarding/paywall/coach chrome
"Meals gives you a high-level view of calories, protein, carbs, and fats based on ingredients and portions. It helps you understand meal balance without making food tracking too complicated.","Блюда дает общий взгляд на калории, белки, углеводы и жиры по ингредиентам и порциям. Это помогает понимать баланс блюда без слишком сложного трекинга еды.",,needs_human,PRIORITY UI — tabs/onboarding/paywall/coach chrome
"Meals lets you create your own dishes, combine ingredients, and plan nutrition around workouts, recovery, and daily routines. WeekFit gives estimates for calories, protein, carbs, and fats to help you stay aware of your nutrition without making tracking feel overwhelming.","Блюда позволяет создавать собственные блюда, комбинировать ингредиенты и планировать питание вокруг тренировок, восстановления и рутины. WeekFit дает оценки калорий и макроэлементов.",,needs_human,PRIORITY UI — tabs/onboarding/paywall/coach chrome
Meals • Snacks,Блюда • Перекусы,,needs_human,PRIORITY UI — tabs/onboarding/paywall/coach chrome
Meaningful training is complete.,Основная тренировка завершена.,,needs_human,UI string
"Meaningful training is later today, but not inside the preparation window yet.","Важная тренировка будет позже сегодня, но окно подготовки еще не началось.",,needs_human,UI string
Medium,Средняя,,needs_human,UI string
Medium Confidence,Средняя уверенность,,needs_human,UI string
Meet my coach,Встретить Тренера,,needs_human,UI string
Message,Сообщение,,needs_human,UI string
Message Coach…,Написать Coach…,,needs_human,UI string
Metric,Метрическая,,needs_human,UI string
Miles · pounds · Fahrenheit,Мили · фунты · фаренгейт,,needs_human,UI string
Miles · stone or pounds · Celsius,Мили · стоун и фунты · цельсий,,needs_human,UI string
Milliliters,Миллилитры,,needs_human,UI string
Mineral support,Минеральная поддержка,,needs_human,UI string
Minerals May Help,Могут помочь минералы,,needs_human,UI string
Minute,Минута,,needs_human,UI string
Missed days stay on the record. You can still keep a habit from the tasks you completed.,Пропущенные дни остаются в итоге. Привычку можно выбрать из выполненных задач.,,needs_human,UI string
Missed days stay visible. A perfect 7/7 is the goal — not a requirement to keep going.,"Пропущенные дни остаются видимыми. Цель — 7/7, но это не условие, чтобы продолжать.",,needs_human,UI string
Missing,Нет данных,,needs_human,UI string
Missing one block does not define the day. Use the next useful choice to get back into rhythm without trying to repay it.,"Один пропущенный блок не определяет весь день. Вернитесь в ритм следующим полезным шагом, без попытки расплатиться за пропуск.",,needs_human,UI string
Mix the tuna with a little mayo and chili sauce until evenly coated.,Смешайте тунец с небольшим количеством майонеза и соуса чили до равномерного покрытия.,,needs_human,UI string
Mixed,Микс,,needs_human,UI string
Mixed Day,Смешанный день,,needs_human,UI string
Mobility,Мобильность,,needs_human,UI string
Mobility block complete,Блок мобильности завершен,,needs_human,UI string
Mobility reset,Легкая мобилити,,needs_human,UI string
Mobility work can reduce stiffness and maintain movement quality between training sessions. Move slowly and avoid forcing painful positions.,Мобилити может снизить скованность и сохранить качество движения между тренировками. Двигайтесь медленно и не продавливайте болезненные положения.,,needs_human,UI string
Moderate,Умеренный,,needs_human,UI string
"Moderate calorie deficit, higher protein","Умеренный дефицит калорий, больше белка",,needs_human,UI string
Moderate confidence from available signals,Умеренная уверенность по доступным данным,,needs_human,UI string
Moderate impact,Умеренное влияние,,needs_human,UI string
Moderate intensity is appropriate today.,Умеренная интенсивность сегодня уместна.,,needs_human,UI string
Moderate intensity is appropriate. Save maximal efforts for tomorrow if HRV improves.,"Умеренная интенсивность уместна. Максимальные нагрузки лучше оставить на завтра, если ВСР улучшится.",,needs_human,UI string
Moderate load,Умеренная нагрузка,,needs_human,UI string
Moderate readiness,Умеренная готовность,,needs_human,UI string
Moderate sleep recovery,Умеренное восстановление сна,,needs_human,UI string
Moderately ready,Умеренная готовность,,needs_human,UI string
Modest Stress Index effect,Умеренное влияние на индекс нагрузки,,needs_human,UI string
Month,Месяц,,needs_human,UI string
Month planning is coming soon.,Планирование месяца скоро появится.,,needs_human,UI string
Month view,Месяц,,needs_human,UI string
Monthly,Месяц,每月,draft_mt,UI string
Monthly hydration trend,Месячный тренд гидратации,,needs_human,UI string
Monthly nutrition trend,Месячный тренд питания,,needs_human,UI string
Monthly planning is coming next.,Планирование месяца появится позже.,,needs_human,UI string
Monthly recovery trend,Месячный тренд восстановления,,needs_human,UI string
Monthly sleep trend,Месячный тренд сна,,needs_human,UI string
Monthly training trend,Месячный тренд тренировок,,needs_human,UI string
More activity history is needed before training load is meaningful.,"Нужно больше истории активности, прежде чем нагрузка тренировок станет осмысленной.",,needs_human,UI string
More complete meal logging would show whether food is actually influencing recovery or just adding noise.,"Более полная запись блюд покажет, влияет ли еда на восстановление или только добавляет шум.",,needs_human,UI string
More consistent sleep timing,Более стабильный режим сна,,needs_human,UI string
More logged meals will make the nutrition pattern clearer.,Больше записанных приёмов пищи сделает паттерн питания понятнее.,,needs_human,UI string
More logged meals will make the pattern clearer.,Больше записанных блюд сделает паттерн понятнее.,,needs_human,UI string
More readiness data will make the monthly pattern clearer.,Больше данных о готовности сделает месячный паттерн понятнее.,,needs_human,UI string
Morning,Утро,,needs_human,UI string
Morning Baseline,Утренний фон,,needs_human,UI string
Morning Plan Check,Утренняя проверка плана,,needs_human,UI string
Morning Routine,Утренняя рутина,,needs_human,UI string
Morning baseline looks strong. Keep hydration steady.,Утренние сигналы хорошие. Пейте ровно и ешьте по обычному плану.,,needs_human,UI string
Morning baseline needs care. Start light and hydrate steadily.,Утром телу нужна мягкая подготовка. Начните легче и пейте спокойно.,,needs_human,UI string
Morning baseline. Train light if you stay fasted.,"Утренний фон нормальный. Если тренируетесь до еды, держите нагрузку легкой.",,needs_human,UI string
Morning boost,Утренний заряд,,needs_human,UI string
Morning check-in,Утреннее подтверждение,,needs_human,UI string
Morning fuel,Утреннее топливо,,needs_human,UI string
Morning pick,Утренний выбор,,needs_human,UI string
Morning readiness is limited before training later today.,Утром готовность ограничена перед тренировкой позже сегодня.,,needs_human,UI string
"Most apps give the same advice every day. Your days aren't the same. WeekFit adapts guidance to how you feel, move, and what's ahead.","Большинство приложений дают один и тот же совет каждый день. Ваши дни — разные. WeekFit подстраивает подсказки под самочувствие, движение и то, что впереди.",,needs_human,UI string
"Most apps show data.
WeekFit tells you what it means.","Большинство приложений показывают данные.
WeekFit говорит, что они значат.",,needs_human,UI string
Most eaten,Чаще всего,,needs_human,UI string
Most points came from %@.,Больше всего баллов пришло от %@.,,needs_human,UI string
Most used,Чаще всего,,needs_human,UI string
Move,Движение,活动,draft_mt,UI string
Move %1$@ %2$@ → %3$@,Перенести %1$@ %2$@ → %3$@,,needs_human,UI string
Move %@,Перенести %@,,needs_human,UI string
Move activity,Перенести активность,,needs_human,UI string
Move gently,Двигайтесь мягко,,needs_human,UI string
Move like this is recovery,Двигайтесь как на восстановлении,,needs_human,UI string
Move slowly,Двигайтесь медленно,,needs_human,UI string
Move smoothly,Двигайтесь плавно,,needs_human,UI string
"Move smoothly, keep breathing steady and avoid rushing the pace early.","Двигайтесь плавно, держите дыхание ровным и не ускоряйте темп слишком рано.",,needs_human,UI string
Move strength to tomorrow.,Силовую перенесите на завтра.,,needs_human,UI string
Move strength to tomorrow. Keep today light.,Силовую — на завтра. Сегодня — легко.,,needs_human,UI string
Movement,Движение,,needs_human,UI string
Movement break done. A small reset counts.,Пауза на движение сделана. Маленький сброс тоже считается.,,needs_human,UI string
Movement is improving but not yet stable.,"Движение улучшается, но ещё не стабильно.",,needs_human,UI string
Movement is still ahead.,Движение еще впереди.,,needs_human,UI string
Muesli,Мюсли,,needs_human,UI string
Muscle building,Поддержка мышц,,needs_human,UI string
Muscle focus,Фокус на мышцы,,needs_human,UI string
Mushrooms,Грибы,,needs_human,UI string
My Food,Мой продукт,,needs_human,UI string
My read,Моя оценка,,needs_human,UI string
My recovery,Моё восстановление,,needs_human,UI string
NEEDS ATTENTION,НУЖНО ВНИМАНИЕ,,needs_human,UI string
NEXT,ДАЛЕЕ,,needs_human,UI string
NEXT FOCUS,СЛЕДУЮЩИЙ ФОКУС,,needs_human,UI string
NOTE: WeekFit Coach is not a diagnostic tool.,ПРИМЕЧАНИЕ: WeekFit Coach не является инструментом диагностики.,,needs_human,UI string
NUTRITION,ПИТАНИЕ,,needs_human,PRIORITY UI — tabs/onboarding/paywall/coach chrome
NUTRITION INSIGHT,ИНСАЙТ ПО ПИТАНИЮ,,needs_human,PRIORITY UI — tabs/onboarding/paywall/coach chrome
NUTRITION PATTERN,ПАТТЕРН ПИТАНИЯ,,needs_human,PRIORITY UI — tabs/onboarding/paywall/coach chrome
NUTRITION SCORE,ОЦЕНКА ПИТАНИЯ,,needs_human,PRIORITY UI — tabs/onboarding/paywall/coach chrome
Name or nickname,Имя или никнейм,,needs_human,UI string
Near baseline,Около базового,,needs_human,UI string
Nearly balanced,Почти сбалансировано,,needs_human,UI string
Need Rest,Нужен отдых,,needs_human,UI string
Need help with WeekFit?,Нужна помощь с WeekFit?,,needs_human,UI string
Needs Attention,Требует внимания,,needs_human,UI string
Needs access,Нужен доступ,,needs_human,UI string
Needs attention,Нужно внимание,,needs_human,UI string
Needs improvement,Можно лучше,,needs_human,UI string
Needs refresh,Нужно обновить,,needs_human,UI string
Needs setup,Нужна настройка,,needs_human,UI string
"Needs sleep, recovery, training and nutrition context","Нужен контекст сна, восстановления, тренировок и питания",,needs_human,UI string
Network error. Please try again.,Ошибка сети. Попробуйте еще раз.,,needs_human,UI string
New Food,Новый продукт,,needs_human,UI string
New to WeekFit? Create account,Впервые в WeekFit? Создайте аккаунт,,needs_human,UI string
New · 7-Day Recovery Challenge,Новый · 7-Day Recovery Challenge,,needs_human,UI string
Next,Дальше,下一步,draft_mt,UI string
Next Meal Suggestion,Следующее предложение по еде,,needs_human,PRIORITY UI — tabs/onboarding/paywall/coach chrome
Next focus: %@ • %@. Keep your momentum clean.,Дальше: %@ • %@. Держите ровный ритм.,,needs_human,UI string
Next free,Следующее свободное,,needs_human,UI string
Next meal suggestion,Идея для следующего приема пищи,,needs_human,PRIORITY UI — tabs/onboarding/paywall/coach chrome
Next slot,След. слот,,needs_human,UI string
Next step,Следующий шаг,,needs_human,UI string
Next week,Следующая неделя,,needs_human,UI string
Next week’s focus,Фокус на следующую неделю,,needs_human,UI string
Nice work. Come back tomorrow for the next action.,Отлично. Завтра откроется следующее действие.,,needs_human,UI string
Nice work. Now recover.,Отлично. Теперь восстановитесь.,,needs_human,UI string
Night Comfort,Ночной комфорт,,needs_human,UI string
Night Comfort softens brightness and glow in the evening. During the day the UI stays vivid and high-contrast.,Ночной комфорт смягчает яркость и свечение вечером. Днём интерфейс остаётся контрастным и сочным.,,needs_human,UI string
Night summary,Итоги ночи,,needs_human,UI string
No GPS route was recorded for this workout.,GPS-маршрут для этой тренировки не записан.,,needs_human,UI string
No Screens,Без экранов,,needs_human,UI string
No Warranty,Без гарантий,,needs_human,UI string
No active WeekFit subscription was found for this Apple ID.,Для этого Apple ID не найдена активная подписка WeekFit.,,needs_human,UI string
No active focus right now,Сейчас нет активного фокуса,,needs_human,UI string
No active guidance.,Нет активной рекомендации.,,needs_human,UI string
No active nutrition focus right now.,Сейчас нет активного фокуса на питании.,,needs_human,UI string
No active time logged,Активное время не записано,,needs_human,UI string
No active workout or recent workout should override it.,Активная или недавняя тренировка не должна перекрывать этот сигнал.,,needs_human,UI string
"No active workout, preparation window, or post-workout focus is available.","Нет активной тренировки, окна подготовки или фокуса после тренировки.",,needs_human,UI string
No activities planned yet.,Активности пока не запланированы.,,needs_human,UI string
No activities remain today.,На сегодня активностей больше нет.,,needs_human,UI string
No activities were planned,Активности не были запланированы,,needs_human,UI string
No activities yet,Нет активностей,,needs_human,UI string
No activity yet,Активности пока нет,,needs_human,UI string
No baseline yet,Базы для сравнения пока нет,,needs_human,UI string
"No change, risk, opportunity or anomaly is strong enough to rank yet.","Ни одно изменение, риск, возможность или аномалия пока недостаточно сильны для ранжирования.",,needs_human,UI string
No chasing a number mid-session,Не гонитесь за цифрами в середине тренировки,,needs_human,UI string
No chasing range or strain,Не гонитесь за диапазоном или напряжением,,needs_human,UI string
No chasing the full target mid-session,Не догоняйте план любой ценой,,needs_human,UI string
No coaching action is worth more than protecting sleep right now.,Сейчас ни одно действие не важнее сна.,,needs_human,UI string
No coaching move is urgent right now. Let the plan stay in the background.,Сейчас не нужно срочно что-то исправлять. Пусть план остается на фоне.,,needs_human,UI string
"No critical fuel, hydration, or recovery blocker is ahead of it.","Перед этим нет критичной проблемы с едой, водой или восстановлением.",,needs_human,UI string
No data yet,Данных пока нет,暂无数据,draft_mt,UI string
No demanding plan needs solving now,Сейчас не нужно решать сложный план,,needs_human,UI string
No dominant insight,Нет главного инсайта,,needs_human,UI string
No dominant insight yet,Пока нет главного инсайта,,needs_human,UI string
No dominant limiter is ahead of the evening routine.,"Нет главного ограничителя, который важнее вечернего режима.",,needs_human,UI string
No drinks available,Нет доступных напитков,,needs_human,UI string
No extra fix is needed,Дополнительное исправление не нужно,,needs_human,UI string
No extra food needed for short lifting,Для короткой силовой доп. еда не нужна,,needs_human,UI string
No extra food unless energy drops,"Доп. еда не нужна, если энергия не падает",,needs_human,UI string
No extra sets,Без дополнительных подходов,,needs_human,UI string
No extra target is needed,Дополнительная цель не нужна,,needs_human,UI string
No extra training needed,Дополнительная тренировка не нужна,,needs_human,UI string
"No food logged yet. If you train before your first meal, keep intensity controlled and hydrate steadily.","Еда еще не внесена. Если тренируетесь до первого приема пищи, держите интенсивность ниже и пейте спокойно.",,needs_human,UI string
"No food logged yet. If your first meal is planned later, keep hydration steady and avoid unnecessary snacking.","Пока нет ни одной записи о еде. Если первый прием пищи будет позже, пейте воду ровно и не перекусывайте просто так.",,needs_human,UI string
No food logged yet. Log your first meal so Coach can balance the rest of your day.,"Еда еще не внесена. Добавьте первый прием пищи, чтобы Тренер точнее вел остаток дня.",,needs_human,UI string
No food logged yet. Track your first meal to unlock better Coach guidance.,"Еда еще не внесена. Запишите первый прием пищи, чтобы рекомендации стали точнее.",,needs_human,UI string
No food or water has been logged yet.,Еда и вода пока не внесены.,,needs_human,UI string
No fueling logged • protein first,Питание не записано • сначала белок,,needs_human,UI string
No hard work remains today.,Сегодня больше не осталось тяжелой работы.,,needs_human,UI string
No heavy digestion,Без тяжёлого переваривания,,needs_human,UI string
No immediate action is needed. Stay consistent and keep energy available for what's ahead.,Срочных действий не нужно. Сохраняйте стабильность и держите энергию доступной на потом.,,needs_human,UI string
No immediate coaching issue beats sleep.,Сейчас нет проблемы важнее сна.,,needs_human,UI string
No internet connection. Try again or enter nutrition manually.,Нет подключения к интернету. Повторите или введите данные вручную.,,needs_human,UI string
No large bolus needed,Большой объем не нужен,,needs_human,UI string
No late session. Sleep is the work now.,Без поздней сессии. Сейчас работа — сон.,,needs_human,UI string
No limiter is asking for a correction.,Ни один ограничитель не просит коррекции.,,needs_human,UI string
No major blockers are ahead of the next training session.,Перед следующей тренировкой нет крупных блокеров.,,needs_human,UI string
No matches,Ничего не найдено,,needs_human,UI string
No meals logged,Еда не записана,,needs_human,UI string
No meals logged yet,Еда пока не записана,,needs_human,UI string
"No meals logged yet, so quality cannot be assessed.","Приемы пищи пока не записаны, поэтому качество оценить нельзя.",,needs_human,UI string
No meals logged yet. Details will appear once food is added.,Приемов пищи пока нет. Детали появятся после добавления еды.,,needs_human,UI string
No meals were logged for this day.,В этот день приемы пищи не записаны.,,needs_human,UI string
No meals yet,Еды пока нет,,needs_human,UI string
No meaningful training load needs post-workout recovery.,"Нет значимой тренировочной нагрузки, которая требует восстановления после тренировки.",,needs_human,UI string
No movement logged yet today.,Движение сегодня пока не записано.,,needs_human,UI string
No need to increase range today.,Сегодня не нужно увеличивать амплитуду.,,needs_human,UI string
No overload detected,Перегрузка не обнаружена,,needs_human,UI string
No planned activities,Нет запланированных активностей,,needs_human,UI string
No planned activities today,Сегодня нет запланированных активностей,,needs_human,UI string
No pressure right now,Сейчас без давления,,needs_human,UI string
No pressure yet,Пока без давления,,needs_human,UI string
No recovery,Без восстановления,,needs_human,UI string
No recovery data yet,Данных восстановления пока нет,,needs_human,UI string
No saved food yet,Сохраненной еды пока нет,,needs_human,UI string
No saved meals yet,Сохраненных блюд пока нет,,needs_human,UI string
No saved meals yet — start with a balanced breakfast this morning to keep energy steady.,"Пока нет сохранённых блюд — начните с сбалансированного завтрака, чтобы энергия держалась ровно.",,needs_human,UI string
No screens,Без экранов,,needs_human,UI string
No signs of accumulated fatigue.,Нет признаков накопленной усталости.,,needs_human,UI string
"No single blocker is loud. Keep food, fluids, and intensity calm so the day finishes cleanly.","Нет одного громкого блокера. Держите еду, воду и интенсивность спокойными, чтобы день завершился чисто.",,needs_human,UI string
No sleep data,Нет данных сна,,needs_human,UI string
No sleep detected,Сон не обнаружен,,needs_human,UI string
No sleep recorded,Сон не записан,,needs_human,UI string
No sleep recorded — recovery excluded,Сон не записан — без восстановления,,needs_human,UI string
No snacks available,Нет доступных перекусов,,needs_human,UI string
No special food needed,Специальная еда не нужна,,needs_human,UI string
No training or recovery moment needs attention right now.,Сейчас с тренировками и восстановлением все в порядке.,,needs_human,UI string
No training stress is planned.,Тренировочный стресс не запланирован.,,needs_human,UI string
No urgent day signal is ahead of the baseline plan.,"Нет срочного сигнала, который важнее базового плана.",,needs_human,UI string
"No urgent issue is asking for attention. Keep food, water, and movement steady.","Сейчас нет срочного сигнала. Держите еду, воду и движение ровными.",,needs_human,UI string
"No urgent move is needed. Keep fuel, fluids, and energy steady so you are not reacting later.","Срочный шаг не нужен. Держите питание, воду и энергию ровно, чтобы потом не реагировать в спешке.",,needs_human,UI string
No urgent move now.,Сейчас срочный шаг не нужен.,,needs_human,UI string
No workout,Нет тренировки,,needs_human,UI string
No workout plan needs solving now,Сейчас не нужно решать план тренировок,,needs_human,UI string
No workouts recorded,Тренировки не записаны,,needs_human,UI string
"No. You can use WeekFit without Apple Watch. But sleep, workouts, recovery, and activity data may be missing or less accurate, which can affect coaching insights and recommendations.","Нет. WeekFit можно использовать без Apple Watch. Но данные сна, тренировок, восстановления и активности могут отсутствовать или быть менее точными, что влияет на инсайты Тренера.",,needs_human,UI string
None,Нет,,needs_human,UI string
None of the selected changes could be applied.,Ни одну из выбранных правок не удалось применить.,,needs_human,UI string
Normal,В норме,,needs_human,UI string
Normal (%+d bpm),В норме (%+d уд/мин),,needs_human,UI string
Normal training • Keep intensity planned,Обычная тренировка • держите запланированную интенсивность,,needs_human,UI string
Not completed,Не выполнено,,needs_human,UI string
Not detected,Не обнаружено,,needs_human,UI string
Not enough data,Недостаточно данных,,needs_human,UI string
Not enough data yet,Пока недостаточно данных,,needs_human,UI string
Not enough nutrition data,Недостаточно данных о питании,,needs_human,UI string
Not enough overlap yet,Пересечений пока недостаточно,,needs_human,UI string
Not enough real data yet,Пока недостаточно реальных данных,,needs_human,UI string
Not enough recent context,Недостаточно недавнего контекста,,needs_human,UI string
Not enough recent data,Недостаточно недавних данных,,needs_human,UI string
"Not necessarily. WeekFit focuses more on balance, recovery, consistency, and awareness than hitting perfect numbers every day.","Не обязательно. WeekFit больше фокусируется на балансе, восстановлении, последовательности и осознанности, а не на идеальных числах каждый день.",,needs_human,UI string
Not now,Не сейчас,暂不,draft_mt,UI string
Not selected,Не выбрано,,needs_human,UI string
Not synced,Не синхронизировано,,needs_human,UI string
Not synced yet,Еще не синхронизировано,,needs_human,UI string
Not this time,В этот раз нет,,needs_human,UI string
Nothing completed from today’s plan,Из сегодняшнего плана ничего не выполнено,,needs_human,UI string
Nothing is inside a coaching preparation window.,Сейчас нет активности внутри окна подготовки.,,needs_human,UI string
Nothing is planned yet — a light start fits today’s readiness.,Пока ничего не запланировано — лёгкое начало подходит к сегодняшней готовности.,,needs_human,UI string
"Nothing needs chasing yet. Keep fuel, fluids, and energy steady until preparation actually matters.","Пока ничего не нужно догонять. Держите питание, воду и энергию ровно до момента подготовки.",,needs_human,UI string
Nothing needs forcing. Keep the recovery work easy and use the rest of the day to stay steady.,"Ничего не нужно форсировать. Восстановительную работу держите легкой, а остаток дня — ровным.",,needs_human,UI string
Nothing needs solving now.,Сейчас ничего не нужно решать.,,needs_human,UI string
Nothing planned right now,Сейчас ничего не запланировано,,needs_human,UI string
"Nothing requires attention right now. Stay active, hydrate well and maintain healthy routines.","Сейчас ничего срочного. Двигайтесь, пейте воду и сохраняйте спокойный ритм.",,needs_human,UI string
Nothing special needed,Ничего особенного не нужно,,needs_human,UI string
Nothing to review,Нечего просматривать,,needs_human,UI string
Nothing urgent is pulling the day off balance.,Ничего срочного не уводит день в сторону.,,needs_human,UI string
Nothing useful needs solving overnight. Sleep is the highest-value move before the morning plan matters.,Ночью ничего полезного решать не нужно. До утреннего плана лучший шаг — сон.,,needs_human,UI string
Notice dizziness,Отслеживайте головокружение,,needs_human,UI string
Notifications,Уведомления,,needs_human,UI string
Notifications & Reminders,Уведомления и напоминания,,needs_human,UI string
Notifications are optional and can be changed in WeekFit settings or iOS Settings.,"Уведомления необязательны, их можно изменить в настройках WeekFit или iOS.",,needs_human,UI string
Notifications help WeekFit keep your wellness routine visible without overwhelming your day.,"Уведомления помогают WeekFit держать ваш режим на виду, не перегружая день.",,needs_human,UI string
Notify when Coach has morning adjustments ready,"Уведомление, когда у коуча готовы утренние правки",,needs_human,UI string
Now,Сейчас,,needs_human,UI string
Nutrition,Питание,营养,curated,PRIORITY UI — tabs/onboarding/paywall/coach chrome
Nutrition Balance,Баланс питания,,needs_human,PRIORITY UI — tabs/onboarding/paywall/coach chrome
Nutrition Data Needed,Нужны данные о питании,,needs_human,PRIORITY UI — tabs/onboarding/paywall/coach chrome
Nutrition Details,Детали питания,,needs_human,PRIORITY UI — tabs/onboarding/paywall/coach chrome
Nutrition Goal,Цель питания,,needs_human,PRIORITY UI — tabs/onboarding/paywall/coach chrome
Nutrition Insight,Инсайт питания,,needs_human,PRIORITY UI — tabs/onboarding/paywall/coach chrome
Nutrition Per,Питание за,,needs_human,PRIORITY UI — tabs/onboarding/paywall/coach chrome
Nutrition Quality,Качество питания,,needs_human,PRIORITY UI — tabs/onboarding/paywall/coach chrome
Nutrition Signal,Сигнал питания,,needs_human,PRIORITY UI — tabs/onboarding/paywall/coach chrome
"Nutrition appears after you log a meal or add it in Planner and confirm it as completed. If nothing was logged or confirmed, the values stay at zero.","Питание появляется после того, как вы записали еду или добавили ее в Планировщик и подтвердили выполнение. Если ничего не записано и не подтверждено, значения остаются нулевыми.",,needs_human,PRIORITY UI — tabs/onboarding/paywall/coach chrome
Nutrition basis,Основание питательности,,needs_human,PRIORITY UI — tabs/onboarding/paywall/coach chrome
Nutrition became more reliable this month.,Питание стало надёжнее в этом месяце.,,needs_human,PRIORITY UI — tabs/onboarding/paywall/coach chrome
Nutrition consistency is improving,Стабильность питания улучшается,,needs_human,PRIORITY UI — tabs/onboarding/paywall/coach chrome
Nutrition details,Детали питания,,needs_human,PRIORITY UI — tabs/onboarding/paywall/coach chrome
Nutrition has too few logged days to explain recovery changes. It should stay supporting context until logging is steadier.,"Слишком мало записанных дней питания, чтобы объяснить изменения восстановления. Пока записи не станут стабильнее, это лишь контекст.",,needs_human,PRIORITY UI — tabs/onboarding/paywall/coach chrome
Nutrition imported. Review before saving.,Питательность импортирована. Проверьте перед сохранением.,,needs_human,PRIORITY UI — tabs/onboarding/paywall/coach chrome
Nutrition insight,Инсайт питания,,needs_human,PRIORITY UI — tabs/onboarding/paywall/coach chrome
Nutrition insight unavailable,Инсайт по питанию недоступен,,needs_human,PRIORITY UI — tabs/onboarding/paywall/coach chrome
Nutrition is becoming consistent,Питание становится стабильным,,needs_human,PRIORITY UI — tabs/onboarding/paywall/coach chrome
Nutrition is behind for the current context.,Для текущего контекста питания маловато.,,needs_human,PRIORITY UI — tabs/onboarding/paywall/coach chrome
Nutrition is behind for this point of the day. Add protein and simple fuel to support recovery and stable energy.,"Для этого времени дня питания маловато. Добавьте белок и простую еду, чтобы телу было легче восстановиться.",,needs_human,PRIORITY UI — tabs/onboarding/paywall/coach chrome
Nutrition is behind the current day demand.,Питание отстает от требований дня.,,needs_human,PRIORITY UI — tabs/onboarding/paywall/coach chrome
Nutrition is behind.,Питание отстает.,,needs_human,PRIORITY UI — tabs/onboarding/paywall/coach chrome
Nutrition is improving but still limited,"Питание улучшается, но всё ещё ограничено",,needs_human,PRIORITY UI — tabs/onboarding/paywall/coach chrome
Nutrition is in balance,Питание в балансе,,needs_human,PRIORITY UI — tabs/onboarding/paywall/coach chrome
Nutrition is strong enough to support recovery and training.,Питание достаточно сильное для поддержки восстановления и тренировок.,,needs_human,PRIORITY UI — tabs/onboarding/paywall/coach chrome
Nutrition is strong enough to support training.,Питание достаточно сильное для поддержки тренировок.,,needs_human,PRIORITY UI — tabs/onboarding/paywall/coach chrome
Nutrition is supporting recovery insight,Питание поддерживает инсайты по восстановлению,,needs_human,PRIORITY UI — tabs/onboarding/paywall/coach chrome
Nutrition label,Этикетка,,needs_human,PRIORITY UI — tabs/onboarding/paywall/coach chrome
Nutrition patterns are not clear yet,Паттерны питания пока неясны,,needs_human,PRIORITY UI — tabs/onboarding/paywall/coach chrome
Nutrition per serving,Питательность на порцию,,needs_human,PRIORITY UI — tabs/onboarding/paywall/coach chrome
Nutrition quality held while inputs softened.,"Качество питания сохранилось, пока данные ослабли.",,needs_human,PRIORITY UI — tabs/onboarding/paywall/coach chrome
Nutrition review is building,Обзор питания формируется,,needs_human,PRIORITY UI — tabs/onboarding/paywall/coach chrome
"Nutrition shows your food progress for the day. It uses meals you log or complete and gives a high-level view of calories, protein, carbs, and fats.","Питание показывает прогресс питания за день. Оно использует записанные или выполненные приемы пищи и дает общий взгляд на калории, белки, углеводы и жиры.",,needs_human,PRIORITY UI — tabs/onboarding/paywall/coach chrome
Nutrition stayed strong despite softer inputs,Питание оставалось сильным несмотря на более слабые данные,,needs_human,PRIORITY UI — tabs/onboarding/paywall/coach chrome
Nutrition still has a limiter before harder training.,Питание всё ещё имеет ограничитель перед более тяжёлыми тренировками.,,needs_human,PRIORITY UI — tabs/onboarding/paywall/coach chrome
Nutrition support,Поддержка питания,,needs_human,PRIORITY UI — tabs/onboarding/paywall/coach chrome
Nutrition supports training,Питание поддерживает тренировки,,needs_human,PRIORITY UI — tabs/onboarding/paywall/coach chrome
Nutrition values are estimates based on logged meals.,Показатели питания рассчитаны по записанным приемам пищи.,,needs_human,PRIORITY UI — tabs/onboarding/paywall/coach chrome
Nutrition values are per 100g,Пищевая ценность на 100 г,,needs_human,PRIORITY UI — tabs/onboarding/paywall/coach chrome
Nutrition values are too high.,Значения питания слишком высокие.,,needs_human,PRIORITY UI — tabs/onboarding/paywall/coach chrome
Nutrition values cannot be negative.,Значения питания не могут быть отрицательными.,,needs_human,PRIORITY UI — tabs/onboarding/paywall/coach chrome
OK,OK,,needs_human,UI string
ON TRACK,ВСЁ ПО ПЛАНУ,,needs_human,UI string
OPPORTUNITY,ВОЗМОЖНОСТЬ,,needs_human,UI string
OR,ИЛИ,,needs_human,UI string
OVERVIEW,ОБЗОР,,needs_human,UI string
Oatmeal,Овсянка,,needs_human,UI string
Off,Выключен,,needs_human,UI string
Ok,Нормально,,needs_human,UI string
Okay,Нормально,还行,curated,UI string
Olive Oil,Оливковое масло,,needs_human,UI string
On target,В цели,,needs_human,UI string
On this device only — no Apple account,Только на этом устройстве — без аккаунта Apple,,needs_human,UI string
On track,В норме,,needs_human,UI string
"Once load is high, more stress is rarely the opportunity. Absorbing the work is.","Когда нагрузка уже высокая, дополнительный стресс редко дает пользу. Важнее усвоить сделанную работу.",,needs_human,UI string
One clear action each day,Одно понятное действие каждый день,,needs_human,UI string
One miss does not define it.,Один пропуск ничего не определяет.,,needs_human,UI string
One tap logging,Лог за один тап,,needs_human,UI string
One tap to decide,Решение в один тап,,needs_human,UI string
Only a few adjustments — check each one below.,Только небольшие правки — ниже можно проверить каждую.,,needs_human,UI string
Only if the plan needs changing,Только если план нужно менять,,needs_human,UI string
Only today’s action can be completed.,Можно выполнить только действие на сегодня.,,needs_human,UI string
Open,Открыть,,needs_human,UI string
Open Coach,Открыть Тренера,,needs_human,UI string
Open Coach to review how today went.,"Откройте Тренера, чтобы посмотреть итоги дня.",,needs_human,UI string
Open Day,Свободный день,,needs_human,UI string
Open Email App,Открыть почту,,needs_human,UI string
Open Food Facts,Open Food Facts,,needs_human,UI string
Open Meals Library,Открыть меню,,needs_human,PRIORITY UI — tabs/onboarding/paywall/coach chrome
Open Nutrition,Открыть Питание,,needs_human,UI string
Open Plan,Открыть План,,needs_human,UI string
"Open Plan, tap plus, choose the activity, and save it. If the activity already happened, you can mark it completed or let Apple Health sync it automatically.","Откройте План, нажмите плюс, выберите активность и сохраните ее. Если активность уже была, отметьте ее выполненной или позвольте Apple Health синхронизировать ее автоматически.",,needs_human,UI string
"Open Recovery, Activity or Nutrition details whenever you need the full picture.","Открывайте детали восстановления, активности или питания, когда нужна полная картина.",,needs_human,UI string
Open Settings,Открыть Настройки,,needs_human,UI string
Open Today,Открыть Today,,needs_human,UI string
Open Today and start with a log or activity. Connect Apple Health anytime to make guidance more personal.,Откройте Today и начните с лога или активности. Apple Health можно подключить позже — подсказки станут личнее.,,needs_human,UI string
Open Today to log drinks or start the session Coach suggests.,"Откройте Today, чтобы записать напитки или начать сессию.",,needs_human,UI string
"Open Today, log what you eat and drink, or start an activity. Coach will keep the day on track.","Откройте Today, залогируйте еду и напитки или запустите активность. Тренер будет держать день в фокусе.",,needs_human,UI string
Open WeekFit,Открыть WeekFit,,needs_human,UI string
Open activity,Открыть активность,,needs_human,UI string
Open camera,Открыть камеру,,needs_human,UI string
Open challenge,Открыть челлендж,,needs_human,UI string
Open personalization to choose your body goal,Откройте персонализацию и выберите цель по весу,,needs_human,UI string
Open profile,Открыть профиль,,needs_human,UI string
Open recovery,Открыть восстановление,,needs_human,UI string
Open schedule • recovery remains priority,Открытый график • сейчас важнее восстановиться,,needs_human,UI string
Open →,Открыть →,打开 →,draft_mt,UI string
Opening Apple Health...,Открываем Apple Health...,,needs_human,UI string
Opening Health,Открываем Health,,needs_human,UI string
Opens Coach tab,Открывает вкладку Тренер,,needs_human,UI string
Opens a short explanation of how Stress Index is calculated,Открывает краткое объяснение расчёта индекса нагрузки,,needs_human,UI string
Opens detailed breakdown,Открывает подробную информацию,,needs_human,UI string
Opens details,Открывает подробности,,needs_human,UI string
Opens details.,Открыть детали.,,needs_human,UI string
Opens email sign in for your WeekFit account.,Открывает вход по email для аккаунта WeekFit.,,needs_human,UI string
Opens meal details,Открывает детали блюда,,needs_human,UI string
Opens the Recovery Challenge,Открывает Recovery Challenge,,needs_human,UI string
Opens the Recovery Challenge.,Открывает Recovery Challenge.,,needs_human,UI string
Opens the WeekFit subscription screen.,Открывает экран подписки WeekFit.,,needs_human,UI string
Opens the activity planner for this day.,Открывает планирование активностей на этот день.,,needs_human,UI string
Opens the full route map,Открывает карту маршрута,,needs_human,UI string
Opens your Premium Assistant chat,Открывает чат Premium-ассистента,,needs_human,UI string
Opportunity story,История возможности,,needs_human,UI string
Originally,Было,,needs_human,UI string
Other,Другое,其他,draft_mt,UI string
Other topic,Другая тема,其他主题,draft_mt,UI string
Outdoor,На улице,,needs_human,UI string
Outdoor conditions look rough — shift or ease the outdoor session.,На улице сложные условия — перенесите или облегчите outdoor-сессию.,,needs_human,UI string
"Over the last %lld recovery days, latest recovery is %lld.",За последние %lld дней восстановления последнее значение — %lld.,,needs_human,UI string
Over the next hour,В течение следующего часа,,needs_human,UI string
Over: %lld kcal,Сверх: %lld ккал,,needs_human,UI string
Overlap,Пересечение,,needs_human,UI string
Overnight repair,Восстановление ночью,,needs_human,UI string
Overview,Обзор,,needs_human,UI string
P,Б,,needs_human,UI string
"P stands for protein, C for carbs, and F for fats.","P означает белки, C — углеводы, F — жиры.",,needs_human,UI string
PLAN CHECK,ПРОВЕРКА ПЛАНА,,needs_human,PRIORITY UI — tabs/onboarding/paywall/coach chrome
PREPARE,ПОДГОТОВКА,,needs_human,UI string
PROTECT SLEEP,ПОЗАБОТЬТЕСЬ О СНЕ,,needs_human,UI string
PROTECT THE MORNING,СДЕЛАЙТЕ ЗАВТРАШНЕЕ УТРО ЛЕГЧЕ,,needs_human,UI string
PROTECT TOMORROW,ПОЗАБОТЬТЕСЬ О ЗАВТРА,,needs_human,UI string
Paired,Подключены,,needs_human,UI string
Paired signals,Парные сигналы,,needs_human,UI string
Pan-sear the pork briefly and slice the soft-boiled egg.,Слегка обжарьте свинину и нарежьте яйцо всмятку.,,needs_human,UI string
Partial,Частично,,needs_human,UI string
Partial data,Частичные данные,,needs_human,UI string
Partly balanced,Частичный баланс,,needs_human,UI string
Password,Пароль,,needs_human,UI string
Password reset link sent to your email.,Ссылка для сброса пароля отправлена на ваш email.,,needs_human,UI string
Password should be at least 6 characters.,Пароль должен быть не короче 6 символов.,,needs_human,UI string
Past,Прошло,,needs_human,UI string
Pasta,Паста,,needs_human,UI string
"Pat the salmon dry, season, and pan-sear skin-side down until crisp, then finish on the flesh side.","Обсушите лосось, приправьте и обжарьте сначала кожей вниз до хруста, затем доведите со стороны мякоти.",,needs_human,UI string
Pattern Readiness,Готовность паттерна,,needs_human,UI string
Pattern building,Формирование паттерна,,needs_human,UI string
Pattern to build,Паттерн для формирования,,needs_human,UI string
Patterns are still forming,Паттерны ещё формируются,,needs_human,UI string
Peak,Пик,,needs_human,UI string
Peanut Butter,Арахисовая паста,,needs_human,UI string
Pending,Ожидает,,needs_human,UI string
Pending Action Required,Требуется действие,,needs_human,UI string
"Pending means the planned activity time already passed, but the activity was not completed or synced yet.","Ожидает означает, что время запланированной активности уже прошло, но она еще не выполнена и не синхронизирована.",,needs_human,UI string
Per,На,,needs_human,UI string
Per %@ g,На %@ г,,needs_human,UI string
"Percentages and targets are there to guide awareness, not to create pressure. Some days will be higher, lower, easier, or more demanding.","Проценты и цели нужны для осознанности, а не для давления. Некоторые дни будут выше, ниже, легче или тяжелее.",,needs_human,UI string
Perfect execution,Отличное выполнение,,needs_human,UI string
Performance,Производительность,,needs_human,UI string
Period,Период,,needs_human,UI string
Permissions stay managed by Apple Health.,Разрешения остаются под управлением Apple Health.,,needs_human,UI string
Personal insights,Личные наблюдения,,needs_human,UI string
Personalization,Персонализация,,needs_human,UI string
Personalize your experience.,Настройте приложение под себя.,,needs_human,UI string
Personalize your guidance.,Настройте подсказки под себя.,,needs_human,UI string
Personalized,Персонализировано,,needs_human,UI string
"Personalized recovery, movement, and nutrition for your day.","Восстановление, движение и питание — под ваш день.",,needs_human,UI string
Phone-free evening noted. Nice boundary.,Вечер без телефона отмечен. Хорошая граница.,,needs_human,UI string
Photo or barcode,Фото или штрихкод,,needs_human,UI string
Photo saved. Enter name and nutrition manually.,Фото сохранено. Укажите название и КБЖУ вручную.,,needs_human,UI string
Photograph the barcode and we'll look up the product and fill in nutrition per 100 g.,Сфотографируйте штрихкод — мы найдём продукт и заполним нутриенты на 100 г.,,needs_human,UI string
Physiological strain,Физиологическая нагрузка,,needs_human,UI string
Physiological strain is clearly elevated today.,Физиологическая нагрузка сегодня заметно повышена.,,needs_human,UI string
Physiological strain is estimated from your available recovery signals.,Физиологическая нагрузка оценивается по доступным сигналам восстановления.,,needs_human,UI string
Physiology,Физиология,,needs_human,UI string
Pick ingredients below to compose your meal.,Выберите ингредиенты и укажите порции.,,needs_human,UI string
Pick something small enough to repeat next week.,"Выберите то, что реально повторить на следующей неделе.",,needs_human,UI string
Pinch to zoom. Drag to position inside the circle.,Сведите или разведите пальцы для масштаба. Перетащите фото внутри круга.,,needs_human,UI string
Placed by Coach,От Тренера,,needs_human,UI string
"Plain water is already covered. Focus on minerals, protein and steady recovery instead.","Обычная вода уже закрыта. Лучше подумать о минералах, белке и спокойном восстановлении.",,needs_human,UI string
Plain water is already enough. Focus on minerals and recovery support instead of drinking more.,"Обычной воды уже достаточно. Лучше подумать о минералах и восстановлении, а не пить больше.",,needs_human,UI string
Plan,План,计划,draft_mt,PRIORITY UI — tabs/onboarding/paywall/coach chrome
Plan %@ at %@,Запланировать %@ в %@,,needs_human,PRIORITY UI — tabs/onboarding/paywall/coach chrome
Plan & Meals,План и еда,,needs_human,PRIORITY UI — tabs/onboarding/paywall/coach chrome
Plan & Meals — prepare the days ahead,План и еда — готовить дни вперёд,,needs_human,PRIORITY UI — tabs/onboarding/paywall/coach chrome
Plan 30-60g carbs/hour if it runs long,"Если затянется, планируйте 30–60 г углеводов в час",,needs_human,PRIORITY UI — tabs/onboarding/paywall/coach chrome
Plan Adjustment,Корректировка плана,,needs_human,PRIORITY UI — tabs/onboarding/paywall/coach chrome
Plan Challenge,Пересмотр плана,,needs_human,PRIORITY UI — tabs/onboarding/paywall/coach chrome
Plan Recovery,Запланировать восстановление,,needs_human,PRIORITY UI — tabs/onboarding/paywall/coach chrome
Plan a realistic week,Планируйте реалистичную неделю,,needs_human,PRIORITY UI — tabs/onboarding/paywall/coach chrome
Plan adjustment,Корректировка плана,,needs_human,PRIORITY UI — tabs/onboarding/paywall/coach chrome
Plan ahead.,Планируйте вперёд.,,needs_human,PRIORITY UI — tabs/onboarding/paywall/coach chrome
Plan ahead. Build meals that fit.,Планируйте вперёд. Собирайте еду под цель.,,needs_human,PRIORITY UI — tabs/onboarding/paywall/coach chrome
Plan and Meals back up Coach.,План и Питание поддерживают Тренера.,,needs_human,PRIORITY UI — tabs/onboarding/paywall/coach chrome
Plan before the day begins.,Планируйте до начала дня.,,needs_human,PRIORITY UI — tabs/onboarding/paywall/coach chrome
"Plan before, log after","Планируйте до, логируйте после",,needs_human,PRIORITY UI — tabs/onboarding/paywall/coach chrome
Plan challenge,Пересмотр плана,,needs_human,PRIORITY UI — tabs/onboarding/paywall/coach chrome
Plan execution,Выполнение плана,,needs_human,PRIORITY UI — tabs/onboarding/paywall/coach chrome
"Plan helps you organize things ahead of time. Logging is for things that already happened during the day — like meals, coffee, water, workouts, recovery, or sleep routines.","План помогает заранее организовать дела. Логирование — для того, что уже произошло в течение дня: еды, кофе, воды, тренировок, восстановления или рутин сна.",,needs_human,PRIORITY UI — tabs/onboarding/paywall/coach chrome
"Plan helps you organize your upcoming week ahead. Today reacts to what is actually happening during the day. Coach then adapts suggestions based on your activity, recovery, meals, hydration, sleep, and timing.","План помогает заранее организовать неделю. Сегодня реагирует на то, что реально происходит в течение дня. Тренер адаптирует советы с учетом активности, восстановления, питания, воды, сна и времени.",,needs_human,PRIORITY UI — tabs/onboarding/paywall/coach chrome
"Plan is for organizing your day or week ahead. Add workouts, meals, hydration, recovery, sleep, and routines before they happen.","План нужен, чтобы заранее организовать день или неделю. Добавляйте тренировки, приемы пищи, воду, восстановление, сон и рутины до того, как они произойдут.",,needs_human,PRIORITY UI — tabs/onboarding/paywall/coach chrome
Plan my day,Спланировать день,,needs_human,PRIORITY UI — tabs/onboarding/paywall/coach chrome
Plan nutrition around workouts,Планируйте питание вокруг тренировок,,needs_human,PRIORITY UI — tabs/onboarding/paywall/coach chrome
Plan or recovery data changed. Tap to refresh.,"План или данные восстановления изменились. Нажмите, чтобы обновить.",,needs_human,PRIORITY UI — tabs/onboarding/paywall/coach chrome
Plan protein after training,Запланируйте белок после тренировки,,needs_human,PRIORITY UI — tabs/onboarding/paywall/coach chrome
"Plan shows what is coming, what is happening now, and what was already completed, missed, or synced from Apple Health.","План показывает, что впереди, что происходит сейчас и что уже выполнено, пропущено или синхронизировано из Apple Health.",,needs_human,PRIORITY UI — tabs/onboarding/paywall/coach chrome
Plan the days ahead.,Планируйте дни вперёд.,,needs_human,PRIORITY UI — tabs/onboarding/paywall/coach chrome
"Plan workouts and recovery. Build meals once, reuse them anytime.",Планируйте тренировки и восстановление. Соберите блюда один раз — используйте снова.,,needs_human,PRIORITY UI — tabs/onboarding/paywall/coach chrome
Plan your week,Спланируй неделю,,needs_human,PRIORITY UI — tabs/onboarding/paywall/coach chrome
"Plan your week before it happens, and build meals that fit your goals.",Планируйте неделю заранее и собирайте блюда под свои цели.,,needs_human,PRIORITY UI — tabs/onboarding/paywall/coach chrome
Plan your week. Use Coach for real-time guidance.,Планируйте неделю. Используйте Тренера для рекомендаций в реальном времени.,,needs_human,PRIORITY UI — tabs/onboarding/paywall/coach chrome
Planned,Запланировано,,needs_human,PRIORITY UI — tabs/onboarding/paywall/coach chrome
Planned activity,Запланированная активность,,needs_human,PRIORITY UI — tabs/onboarding/paywall/coach chrome
Planned activity is coming up.,Скоро запланирована активность.,,needs_human,PRIORITY UI — tabs/onboarding/paywall/coach chrome
Planned for %@,Запланировано на %@,,needs_human,PRIORITY UI — tabs/onboarding/paywall/coach chrome
Planned load,Запланированная нагрузка,,needs_human,PRIORITY UI — tabs/onboarding/paywall/coach chrome
Planning a time is optional. Completing a task means tapping “I did it”.,Назначить время можно по желанию. Завершение — это «Я сделал».,,needs_human,PRIORITY UI — tabs/onboarding/paywall/coach chrome
"Plate the eggs, ham, mushrooms, tomatoes, and toast together.","Выложите на тарелку яйца, ветчину, грибы, помидоры и тост.",,needs_human,UI string
"Plate the rice with tofu and bok choy, then finish with soy sauce.","Выложите рис с тофу и пак-чой, сверху полейте соевым соусом.",,needs_human,UI string
"Plate the rice, add chicken and broccoli, then finish with a drizzle of olive oil.","Выложите рис, добавьте курицу и брокколи, сверху сбрызните оливковым маслом.",,needs_human,UI string
"Plate the sweet potato with turkey and green beans, then season to taste.","Выложите батат с индейкой и фасолью, приправьте по вкусу.",,needs_human,UI string
Plateau story,История плато,,needs_human,UI string
Play with control first,Сначала играйте под контролем,,needs_human,UI string
Please enter a valid email.,Введите корректный email.,,needs_human,UI string
Portions,Порции,,needs_human,UI string
Post-session protein — about %dg still left today,Белок после тренировки — осталось около %d г сегодня,,needs_human,UI string
Post-workout pick,После тренировки,,needs_human,UI string
Potatoes,Картофель,,needs_human,UI string
Powered by Apple Health & Apple Watch,Работает на данных Apple Health и Apple Watch,,needs_human,UI string
"Powered by Apple Health.
Connected to Apple Watch.","На основе Apple Health.
Связано с Apple Watch.",,needs_human,UI string
Practice the same evening boundary a second time.,Повтори ту же вечернюю границу ещё раз.,,needs_human,UI string
Pre-Workout,Разминка,,needs_human,UI string
Pre-Workout Fueling,Еда перед тренировкой,,needs_human,UI string
Pre-workout carbs,Углеводы перед тренировкой,,needs_human,UI string
Pre-workout pick,Перед тренировкой,,needs_human,UI string
Preferences,Настройки приложения,,needs_human,UI string
Premium,Premium,,needs_human,PRIORITY UI — tabs/onboarding/paywall/coach chrome
Preparation overrides stable overview unless a safety limiter is more urgent.,"Подготовка важнее спокойного обзора, если нет более срочного ограничения по безопасности.",,needs_human,UI string
Prepare,Подготовиться,,needs_human,UI string
Prepare all ingredients: %@.,Подготовьте все ингредиенты: %@.,,needs_human,UI string
Prepare for %@,Подготовьтесь к %@,,needs_human,UI string
Prepare for %@%@,Подготовьтесь к %@%@,,needs_human,UI string
Prepare for %@. Sip 300ml of hydration fuel now to prep your vascular matrix for the upcoming workload.,"Подготовьтесь к %@. Выпейте 300 мл воды сейчас, чтобы мягко подготовиться к предстоящей нагрузке.",,needs_human,UI string
Prepare for a hard session,Подготовьтесь к тяжелой тренировке,,needs_human,UI string
Prepare for endurance,Подготовьтесь к выносливости,,needs_human,UI string
Prepare for heat recovery,Подготовьтесь к тепловому восстановлению,,needs_human,UI string
Prepare for sleep,Подготовьтесь ко сну,,needs_human,UI string
Prepare for squash,Подготовьтесь к сквошу,,needs_human,UI string
Prepare for tennis,Подготовьтесь к теннису,,needs_human,UI string
Prepare for the ride,Подготовьтесь к заезду,,needs_human,UI string
Prepare for the run,Подготовьтесь к пробежке,,needs_human,UI string
Prepare for training,Подготовьтесь к тренировке,,needs_human,UI string
Prepare fuel,Подготовьте питание,,needs_human,UI string
Prepare portable carbs (banana or energy bar),Подготовьте переносные углеводы (банан или батончик),,needs_human,UI string
"Prepare portable carbs (gel, banana or bar)","Подготовьте переносные углеводы (гель, банан или батончик)",,needs_human,UI string
Prepare smoothly,Подготовьтесь спокойно,,needs_human,UI string
Prepare tomorrow's basics now,Подготовьте базу на завтра сейчас,,needs_human,UI string
Prepare water,Подготовьте воду,,needs_human,UI string
Prepare what’s next.,"Готовьте то, что дальше.",,needs_human,UI string
Preparing your read,Готовлю оценку,,needs_human,UI string
"Press excess water from the tofu, cube it, and pan-fry until golden on the edges.","Отожмите лишнюю влагу из тофу, нарежьте кубиками и обжарьте до золотистых краёв.",,needs_human,UI string
Preview only — today’s task is the actionable one.,Только просмотр — доступна задача сегодняшнего дня.,,needs_human,UI string
Previous week,Предыдущая неделя,,needs_human,UI string
Prices aren’t available right now. Check your connection and try again.,Сейчас не удалось загрузить цены. Проверьте соединение и попробуйте снова.,,needs_human,UI string
Primary Actions,Основные действия,,needs_human,UI string
Prior-day training load,Нагрузка предыдущего дня,,needs_human,UI string
Prior-day training load looks heavy.,Тренировочная нагрузка за предыдущий день выглядит высокой.,,needs_human,UI string
Prior-day training load looks light.,Тренировочная нагрузка за предыдущий день выглядит лёгкой.,,needs_human,UI string
Prior-day training load looks moderate.,Тренировочная нагрузка за предыдущий день выглядит умеренной.,,needs_human,UI string
Prioritize fluids around hard sessions,Приоритизируйте жидкость вокруг тяжёлых сессий,,needs_human,UI string
Prioritize fluids around hard training.,Приоритизируйте жидкость вокруг тяжёлых тренировок.,,needs_human,UI string
"Prioritize food, hydration and recovery before adding more load.","Сначала еда, вода и восстановление, потом новая нагрузка.",,needs_human,UI string
Prioritize nights closer to your recent average sleep duration.,Приоритизируйте ночи ближе к вашей недавней средней продолжительности сна.,,needs_human,UI string
Prioritize recovery tomorrow,Завтра поставьте восстановление в приоритет,,needs_human,UI string
Prioritize sleep tonight,Сегодня сделайте сон главным,,needs_human,UI string
Prioritize technique,Сначала техника,,needs_human,UI string
Privacy,Конфиденциальность,,needs_human,UI string
Privacy & Data,Приватность и данные,,needs_human,UI string
Privacy & Data Protection,Конфиденциальность и защита данных,,needs_human,UI string
Privacy Policy,Политика конфиденциальности,,needs_human,UI string
Privacy Settings,Настройки приватности,,needs_human,UI string
Privacy and permissions,Приватность и разрешения,,needs_human,UI string
Private,Приватно,,needs_human,UI string
Private by design,Конфиденциальность с самого начала,,needs_human,UI string
Private by design. Stored on your device.,Приватно по замыслу. Данные хранятся на устройстве.,,needs_human,UI string
Private. Read only with your permission.,Конфиденциально. Только чтение с вашего разрешения.,,needs_human,UI string
Proactive,Проактивно,,needs_human,UI string
Product found,Продукт найден,,needs_human,UI string
Product not found. Try again or enter nutrition manually.,Продукт не найден. Попробуйте ещё раз или введите данные вручную.,,needs_human,UI string
Progress is moving in the right direction.,Движение идет в правильную сторону.,,needs_human,UI string
Protect Recovery,Сохраните силы на восстановление,,needs_human,UI string
Protect freshness for tomorrow’s sessions.,Сохраните свежесть для завтрашних сессий.,,needs_human,UI string
Protect quality,Сохраните качество,,needs_human,UI string
Protect recovery,Сохраните силы на восстановление,,needs_human,UI string
Protect recovery before tonight's session.,Берегите восстановление перед вечерней сессией.,,needs_human,UI string
Protect recovery before tonight’s session.,Берегите восстановление перед вечерней сессией.,,needs_human,UI string
Protect recovery now,Защитите восстановление сейчас,,needs_human,UI string
Protect recovery this week,Беречь восстановление на этой неделе,,needs_human,UI string
Protect sleep,Берегите сон,,needs_human,UI string
Protect sleep tonight,Сохраните сон сегодня,,needs_human,UI string
Protect sleep. Tomorrow starts tonight.,Защитите сон. Завтра начинается сегодня.,,needs_human,UI string
Protect the main effort,Берегите главную работу дня.,,needs_human,UI string
Protect the rest of the day.,Защитите остаток дня.,,needs_human,UI string
Protect the routine that created the rebound.,"Защитите режим, который создал отскок.",,needs_human,UI string
Protect the sleep routine,Защитите режим сна,,needs_human,UI string
Protect the work,Сохраните сделанную работу,,needs_human,UI string
Protect the work already done.,Сохраните эффект уже выполненной работы.,,needs_human,UI string
Protect tomorrow,Сохраните силы на завтра,,needs_human,UI string
Protect tomorrow's training,Сохраните силы на завтрашнюю тренировку,,needs_human,UI string
Protect tonight,Сохраните вечер спокойным,,needs_human,UI string
Protect tonight's session.,Берегите вечернюю сессию.,,needs_human,UI string
Protect tonight's sleep,Сохраните сегодняшний сон,,needs_human,UI string
Protect tonight's sleep.,Сохраните сегодняшний сон.,,needs_human,UI string
Protect weekend sleep timing,Защитите режим сна в выходные,,needs_human,UI string
Protect weekend wake time.,Защитите время пробуждения в выходные.,,needs_human,UI string
Protect what comes next,Защитите следующий блок,,needs_human,UI string
Protecting tomorrow by keeping today’s load in range.,Беречь завтрашний день — держать сегодняшнюю нагрузку в разумных пределах.,,needs_human,UI string
Protein,Белки,蛋白质,draft_mt,PRIORITY UI — tabs/onboarding/paywall/coach chrome
Protein Bar,Протеиновый батончик,,needs_human,PRIORITY UI — tabs/onboarding/paywall/coach chrome
Protein Consistency,Стабильность белка,,needs_human,PRIORITY UI — tabs/onboarding/paywall/coach chrome
Protein Support Needed,Нужен белок,,needs_human,PRIORITY UI — tabs/onboarding/paywall/coach chrome
Protein at dinner supports overnight repair after yesterday’s effort.,Белок на ужин помогает восстановлению за ночь после вчерашней нагрузки.,,needs_human,PRIORITY UI — tabs/onboarding/paywall/coach chrome
Protein can help next.,Следующим шагом поможет белок.,,needs_human,PRIORITY UI — tabs/onboarding/paywall/coach chrome
Protein catch-up,Добор белка,,needs_human,PRIORITY UI — tabs/onboarding/paywall/coach chrome
Protein consistency is below the level needed to support adaptation.,"Стабильность белка ниже уровня, необходимого для адаптации.",,needs_human,PRIORITY UI — tabs/onboarding/paywall/coach chrome
Protein consistency is limiting recovery insight,Стабильность белка ограничивает инсайты по восстановлению,,needs_human,PRIORITY UI — tabs/onboarding/paywall/coach chrome
Protein consistency is still below demand.,Стабильность белка всё ещё ниже потребности.,,needs_human,PRIORITY UI — tabs/onboarding/paywall/coach chrome
Protein consistency is still the clearest nutrition opportunity.,Стабильность белка — всё ещё самая явная возможность в питании.,,needs_human,PRIORITY UI — tabs/onboarding/paywall/coach chrome
Protein consistency is the strongest nutrition signal in this trend.,Стабильность белка — самый сильный сигнал питания в этом тренде.,,needs_human,PRIORITY UI — tabs/onboarding/paywall/coach chrome
Protein consistency unlocks better recovery context.,Стабильность белка открывает лучший контекст восстановления.,,needs_human,PRIORITY UI — tabs/onboarding/paywall/coach chrome
Protein for recovery,Белок для восстановления,,needs_human,PRIORITY UI — tabs/onboarding/paywall/coach chrome
Protein history is needed to judge recovery support.,"Нужна история белка, чтобы оценить поддержку восстановления.",,needs_human,PRIORITY UI — tabs/onboarding/paywall/coach chrome
"Protein intake is progressing well.
Fiber and healthy fats remain below overall nutrition progress.","Белок набирается хорошо.
Клетчатка и полезные жиры пока ниже общего прогресса питания.",,needs_human,PRIORITY UI — tabs/onboarding/paywall/coach chrome
Protein intake is progressing well.\nFiber and healthy fats remain below overall nutrition progress.,"Белок идет хорошо.
Клетчатка и полезные жиры пока ниже общего прогресса питания.",,needs_human,PRIORITY UI — tabs/onboarding/paywall/coach chrome
Protein intake looks strong. Fiber remains below target.,Белок выглядит сильным. Клетчатка остается ниже цели.,,needs_human,PRIORITY UI — tabs/onboarding/paywall/coach chrome
Protein is behind.,Белка не хватает.,,needs_human,PRIORITY UI — tabs/onboarding/paywall/coach chrome
Protein is behind. Add protein to support repair and stable energy.,"Белка маловато. Добавьте белок, чтобы телу было из чего восстанавливаться и держать энергию.",,needs_human,PRIORITY UI — tabs/onboarding/paywall/coach chrome
Protein is mainly based on body weight and your selected goal. Fats use a percentage of your calorie target. Carbs are calculated from the remaining calories after protein and fats.,Белок в основном зависит от веса тела и выбранной цели. Жиры берутся как доля от цели калорий. Углеводы рассчитываются из оставшихся калорий после белков и жиров.,,needs_human,PRIORITY UI — tabs/onboarding/paywall/coach chrome
Protein is progressing well. Healthy fats remain lower.,Белок идет хорошо. Полезные жиры остаются ниже.,,needs_human,PRIORITY UI — tabs/onboarding/paywall/coach chrome
Protein is reliable enough to support adaptation.,Белок достаточно стабилен для поддержки адаптации.,,needs_human,PRIORITY UI — tabs/onboarding/paywall/coach chrome
Protein is still below today's target.,Белок все еще ниже сегодняшней цели.,,needs_human,PRIORITY UI — tabs/onboarding/paywall/coach chrome
Protein is still well below today's target.,Белок все еще заметно ниже сегодняшней цели.,,needs_human,PRIORITY UI — tabs/onboarding/paywall/coach chrome
Protein prioritized,Белок в приоритете,,needs_human,PRIORITY UI — tabs/onboarding/paywall/coach chrome
Protein remains the opportunity,Белок остаётся возможностью,,needs_human,PRIORITY UI — tabs/onboarding/paywall/coach chrome
Protein signal missing,Сигнал белка отсутствует,,needs_human,PRIORITY UI — tabs/onboarding/paywall/coach chrome
Protein target,Цель по белку,,needs_human,PRIORITY UI — tabs/onboarding/paywall/coach chrome
Protein target is behind. Add clean protein sources to your next meal.,Белка пока не хватает. Добавьте простой источник белка в следующий прием пищи.,,needs_human,PRIORITY UI — tabs/onboarding/paywall/coach chrome
Protein target reached,Цель по белку достигнута,,needs_human,PRIORITY UI — tabs/onboarding/paywall/coach chrome
Protein target was hit on %lld of the last 7 logged days.,Цель по белку достигнута %lld из последних 7 записанных дней.,,needs_human,PRIORITY UI — tabs/onboarding/paywall/coach chrome
Protein was on target %lld days this week.,Цель по белку достигнута %lld дней на этой неделе.,,needs_human,PRIORITY UI — tabs/onboarding/paywall/coach chrome
Protein-focused start,Белковый старт дня,,needs_human,PRIORITY UI — tabs/onboarding/paywall/coach chrome
Proteins,Белки,,needs_human,PRIORITY UI — tabs/onboarding/paywall/coach chrome
Pulling in last night's sleep to shape today's plan.,"Получаю данные сна, чтобы точнее настроить рекомендации.",,needs_human,UI string
"Pulling together your activity, nutrition, and recovery to shape today's plan.","Собираю активность, питание и восстановление, чтобы настроить рекомендации на сегодня.",,needs_human,UI string
"Purchase completed, but access isn’t ready yet. Try Restore Purchases or wait a moment.","Покупка прошла, но доступ ещё не готов. Попробуйте восстановить покупки или подождите немного.",,needs_human,UI string
Push through %@. Focus on intra-session pacing. Post-workout glycogen re-feed protocols are already staging.,Продолжайте %@. Важен темп внутри тренировки. Восстановительное питание после нее уже готовится.,,needs_human,UI string
Put your phone away,Отложи телефон,,needs_human,UI string
"Questions, bugs, or feedback","Вопросы, ошибки или обратная связь",,needs_human,UI string
Quick Help,Быстрая помощь,,needs_human,UI string
Quick bites and snacks,Перекусы и снеки,,needs_human,UI string
Quick protein input,Быстрый белок,,needs_human,UI string
Quick start training sessions,Быстрый старт тренировок,,needs_human,UI string
Quickly wilt the spinach and soft-cook the eggs (poached or lightly fried).,Быстро припустите шпинат и приготовьте яйца всмятку или лёгкой глазуньей.,,needs_human,UI string
Quiet pause complete. That stillness counts.,Тихая пауза отмечена. Эта тишина тоже считается.,,needs_human,UI string
READINESS,ГОТОВНОСТЬ,,needs_human,UI string
READY,ГОТОВО,,needs_human,UI string
RECOVER,ВОССТАНОВЛЕНИЕ,,needs_human,UI string
RECOVERY,ВОССТАНОВЛЕНИЕ,,needs_human,PRIORITY UI — tabs/onboarding/paywall/coach chrome
RECOVERY BREAKDOWN,Разбор восстановления,,needs_human,PRIORITY UI — tabs/onboarding/paywall/coach chrome
RECOVERY CHALLENGE,RECOVERY CHALLENGE,,needs_human,PRIORITY UI — tabs/onboarding/paywall/coach chrome
RECOVERY CLUE,ПОДСКАЗКА ПО ВОССТАНОВЛЕНИЮ,,needs_human,PRIORITY UI — tabs/onboarding/paywall/coach chrome
RECOVERY RESPONSE,РЕАКЦИЯ ВОССТАНОВЛЕНИЯ,,needs_human,PRIORITY UI — tabs/onboarding/paywall/coach chrome
RECOVERY SCORE,ОЦЕНКА ВОССТАНОВЛЕНИЯ,,needs_human,PRIORITY UI — tabs/onboarding/paywall/coach chrome
REDUCE THE PLAN,СНИЗЬТЕ ПЛАН,,needs_human,UI string
REHYDRATE,ВОСПОЛНИТЬ ВОДУ,,needs_human,UI string
REM sleep,REM-сон,,needs_human,UI string
RESET,СБРОС,,needs_human,UI string
RHR,ПП,,needs_human,UI string
RHR stands for resting heart rate. Lower resting heart rate can sometimes reflect better recovery or lower stress.,RHR — пульс в покое. Более низкий пульс в покое иногда может отражать лучшее восстановление или меньший стресс.,,needs_human,UI string
RHR trend,Тренд пульса в покое,,needs_human,UI string
ROUTE,Маршрут,,needs_human,UI string
Rain or storms look likely — prefer an indoor option or an earlier outdoor slot.,Возможны осадки или гроза — лучше зал или более ранний outdoor-слот.,,needs_human,UI string
Rate WeekFit,Оценить WeekFit,,needs_human,UI string
Rate WeekFit or send feedback,Оцените WeekFit или отправьте отзыв,,needs_human,UI string
Rate the app or tell us how to improve.,"Оцените приложение или расскажите, что улучшить.",,needs_human,UI string
Reactive,Реактивно,,needs_human,UI string
Read,Сигнал,,needs_human,UI string
Read Daily Status,Читайте Статус дня,,needs_human,UI string
Readiness is moving up but still has limited margin.,"Готовность растёт, но запас всё ещё ограничен.",,needs_human,UI string
Readiness sets the ceiling.,Готовность задает темп.,,needs_human,UI string
Readiness signals are strong enough for the planned training.,Сигналы готовности достаточно сильные для запланированной тренировки.,,needs_human,UI string
"Readiness supports the %@. The useful move is arriving settled, not changing the plan early.","Готовность поддерживает %@. Сейчас полезнее подойти спокойно, а не менять план заранее.",,needs_human,UI string
Reading your latest patterns,Читаем ваши последние паттерны,,needs_human,UI string
Reading your monthly pattern,Читаем ваш месячный паттерн,,needs_human,UI string
Ready,Готов,状态良好,curated,UI string
Ready for a moderate workout.,Можно провести умеренную тренировку.,,needs_human,UI string
Ready for tomorrow,Готовы к завтра,,needs_human,UI string
Ready for training,Готовы к тренировке,,needs_human,UI string
Ready to Train,Готов к нагрузке,,needs_human,UI string
Ready to train,Готовы к тренировке,,needs_human,UI string
Rebuild activity consistency,Восстановите стабильность активности,,needs_human,UI string
Rebuild activity consistency before adding intensity.,Восстановите стабильность активности перед добавлением интенсивности.,,needs_human,UI string
"Rebuild the basics: fluids, normal food, and no extra intensity.","Восстановите базу: вода, нормальная еда и без лишней интенсивности.",,needs_human,UI string
Recent,Недавние,,needs_human,UI string
Recent 7 days average %lld vs %lld across the previous baseline. Latest is %lld.,Среднее за последние 7 дней %lld против %lld по предыдущей базе. Последнее значение — %lld.,,needs_human,UI string
Recent load,Недавняя нагрузка,,needs_human,UI string
Recent paired logs do not show a meaningful recovery difference.,Недавние парные записи не показывают значимой разницы в восстановлении.,,needs_human,UI string
Recent scores are still losing some margin.,Недавние показатели всё ещё теряют запас.,,needs_human,UI string
Recent scores stopped declining.,Недавние показатели перестали снижаться.,,needs_human,UI string
"Recent signal coverage is limited, so today’s estimate is less certain.","Покрытие недавних сигналов ограничено, поэтому сегодняшняя оценка менее уверенная.",,needs_human,UI string
"Recent training load looks light, which is consistent with lower strain.","Недавняя тренировочная нагрузка выглядит лёгкой, что согласуется с более низкой нагрузкой.",,needs_human,UI string
Recent training load was moderate.,Недавняя тренировочная нагрузка была умеренной.,,needs_human,UI string
Recent trend,Недавний тренд,,needs_human,UI string
Recently Added,Недавно добавленные,,needs_human,UI string
Recipe,Рецепт,,needs_human,UI string
Recommendation,Рекомендация,,needs_human,UI string
Recommendation from Coach,Рекомендация тренера,,needs_human,UI string
Recommendations refining,Рекомендации уточняются,,needs_human,UI string
Recommended,Рекомендуется,,needs_human,UI string
Recommended For You,Рекомендуем вам,,needs_human,UI string
Recommended for energy balance,Рекомендуется для баланса энергии,,needs_human,UI string
Recommended for recovery balance,Рекомендуется для баланса восстановления,,needs_human,UI string
Recover,Восстановиться,恢复,curated,UI string
Recover after %@,Восстановитесь после %@,,needs_human,UI string
Recover before moving on,Восстановитесь перед следующим шагом,,needs_human,UI string
Recover before training,Восстановитесь перед тренировкой,,needs_human,UI string
Recover before your next block,Восстановитесь перед следующим блоком,,needs_human,UI string
Recover better,Восстанавливаться лучше,,needs_human,UI string
Recover between rallies,Восстанавливайтесь между розыгрышами,,needs_human,UI string
Recover from court load,Восстановитесь после нагрузки на корте,,needs_human,UI string
Recover simply,Восстановитесь просто,,needs_human,UI string
Recover slowly after heat,Восстановитесь постепенно после тепла,,needs_human,UI string
Recovery,Восстановление,恢复,curated,PRIORITY UI — tabs/onboarding/paywall/coach chrome
Recovery %lld%%,Восстановление %lld%%,,needs_human,PRIORITY UI — tabs/onboarding/paywall/coach chrome
Recovery %lld%% • %@,Восстановление %lld%% • %@,,needs_human,PRIORITY UI — tabs/onboarding/paywall/coach chrome
Recovery %lld%% • %@ %@,Восстановление %lld%% • %@ %@,,needs_human,PRIORITY UI — tabs/onboarding/paywall/coach chrome
Recovery 61%,Восстановление 61%,,needs_human,PRIORITY UI — tabs/onboarding/paywall/coach chrome
Recovery Challenge summary,Итоги Recovery Challenge,,needs_human,PRIORITY UI — tabs/onboarding/paywall/coach chrome
Recovery Challenge · %1$lld of %2$lld,Recovery Challenge · %1$lld из %2$lld,,needs_human,PRIORITY UI — tabs/onboarding/paywall/coach chrome
Recovery Challenge · Day %1$lld of %2$lld,Recovery Challenge · День %1$lld из %2$lld,,needs_human,PRIORITY UI — tabs/onboarding/paywall/coach chrome
Recovery Challenge. %@. Done today.,Recovery Challenge. %@. Сегодня выполнено.,,needs_human,PRIORITY UI — tabs/onboarding/paywall/coach chrome
Recovery Challenge. %@. View today’s step.,Recovery Challenge. %@. Смотреть шаг на сегодня.,,needs_human,PRIORITY UI — tabs/onboarding/paywall/coach chrome
Recovery Challenge. 7 days. One action a day.,Recovery Challenge. 7 дней. Одно действие в день.,,needs_human,PRIORITY UI — tabs/onboarding/paywall/coach chrome
Recovery Challenge. View your summary.,Recovery Challenge. Смотреть итоги.,,needs_human,PRIORITY UI — tabs/onboarding/paywall/coach chrome
Recovery Consistency,Стабильность восстановления,,needs_human,PRIORITY UI — tabs/onboarding/paywall/coach chrome
Recovery Day,День восстановления,,needs_human,PRIORITY UI — tabs/onboarding/paywall/coach chrome
Recovery Details,Детали восстановления,,needs_human,PRIORITY UI — tabs/onboarding/paywall/coach chrome
Recovery Effect,Эффект восстановления,,needs_human,PRIORITY UI — tabs/onboarding/paywall/coach chrome
Recovery First,Сначала восстановление,,needs_human,PRIORITY UI — tabs/onboarding/paywall/coach chrome
Recovery Plateau,Плато восстановления,,needs_human,PRIORITY UI — tabs/onboarding/paywall/coach chrome
Recovery Score,Показатель восстановления,,needs_human,PRIORITY UI — tabs/onboarding/paywall/coach chrome
Recovery Suggestions,Советы по восстановлению,,needs_human,PRIORITY UI — tabs/onboarding/paywall/coach chrome
Recovery Support,Поддержка восстановления,,needs_human,PRIORITY UI — tabs/onboarding/paywall/coach chrome
Recovery Under Pressure,Восстановление под нагрузкой,,needs_human,PRIORITY UI — tabs/onboarding/paywall/coach chrome
Recovery Week,Неделя восстановления,,needs_human,PRIORITY UI — tabs/onboarding/paywall/coach chrome
"Recovery activities should reinforce restraint, not create another recovery task.","Восстановительные активности должны помогать сдержанности, а не создавать еще одну задачу.",,needs_human,PRIORITY UI — tabs/onboarding/paywall/coach chrome
Recovery and load look balanced enough to keep what you planned.,"Восстановление и нагрузка достаточно сбалансированы, чтобы оставить запланированное.",,needs_human,PRIORITY UI — tabs/onboarding/paywall/coach chrome
"Recovery and sleep are strong, and no limiter needs intervention.","Сон и восстановление выглядят сильными, срочного вмешательства не нужно.",,needs_human,PRIORITY UI — tabs/onboarding/paywall/coach chrome
Recovery and sleep are strong.,Сон и восстановление выглядят сильными.,,needs_human,PRIORITY UI — tabs/onboarding/paywall/coach chrome
Recovery and workout reminders,Напоминания о восстановлении и тренировках,,needs_human,PRIORITY UI — tabs/onboarding/paywall/coach chrome
"Recovery asks for a lower ceiling today, and tomorrow gives room to absorb work. Keep the day restorative — you do not need a replacement session.","Сегодня телу нужен более спокойный темп, а завтра есть пространство усвоить нагрузку. Пусть день восстановления сделает своё дело — отдельная «замена» не нужна.",,needs_human,PRIORITY UI — tabs/onboarding/paywall/coach chrome
Recovery became more predictable,Восстановление стало предсказуемее,,needs_human,PRIORITY UI — tabs/onboarding/paywall/coach chrome
Recovery block,Блок восстановления,,needs_human,PRIORITY UI — tabs/onboarding/paywall/coach chrome
Recovery block complete,Блок восстановления завершен,,needs_human,PRIORITY UI — tabs/onboarding/paywall/coach chrome
Recovery capacity is low. Reduce workout intensity and sleep earlier tonight.,Ресурс низкий. Снизьте интенсивность тренировки и ложитесь спать раньше.,,needs_human,PRIORITY UI — tabs/onboarding/paywall/coach chrome
Recovery carbs included,Есть углеводы для восстановления,,needs_human,PRIORITY UI — tabs/onboarding/paywall/coach chrome
Recovery changes by %lld points based on hard-day hydration.,Восстановление меняется на %lld баллов в зависимости от гидратации в тяжёлые дни.,,needs_human,PRIORITY UI — tabs/onboarding/paywall/coach chrome
Recovery comes first.,Сейчас важнее восстановиться.,,needs_human,PRIORITY UI — tabs/onboarding/paywall/coach chrome
"Recovery compares last night to your recent baseline. This is an estimate, not a medical diagnosis.","Оценка восстановления учитывает сон, ВСР и пульс в покое.",,needs_human,PRIORITY UI — tabs/onboarding/paywall/coach chrome
Recovery complete,Восстановление завершено,,needs_human,PRIORITY UI — tabs/onboarding/paywall/coach chrome
Recovery consistency is the strongest signal in the 30-day pattern.,Стабильность восстановления — самый сильный сигнал в 30-дневном паттерне.,,needs_human,PRIORITY UI — tabs/onboarding/paywall/coach chrome
Recovery context,Контекст восстановления,,needs_human,PRIORITY UI — tabs/onboarding/paywall/coach chrome
Recovery continues while you sleep,"Пока вы спите, тело продолжает восстанавливаться",,needs_human,PRIORITY UI — tabs/onboarding/paywall/coach chrome
Recovery day,День восстановления,恢复日,curated,PRIORITY UI — tabs/onboarding/paywall/coach chrome
Recovery day does not need target chasing.,В день восстановления не нужно гоняться за целями.,,needs_human,PRIORITY UI — tabs/onboarding/paywall/coach chrome
Recovery day is on track,День восстановления идет по плану,,needs_human,PRIORITY UI — tabs/onboarding/paywall/coach chrome
Recovery day recommended,Завтра — день восстановления,,needs_human,PRIORITY UI — tabs/onboarding/paywall/coach chrome
Recovery decline is most strongly associated with reduced sleep duration.,Снижение восстановления сильнее всего связано с уменьшением длительности сна.,,needs_human,PRIORITY UI — tabs/onboarding/paywall/coach chrome
Recovery decline is most strongly associated with training load.,Снижение восстановления сильнее всего связано с тренировочной нагрузкой.,,needs_human,PRIORITY UI — tabs/onboarding/paywall/coach chrome
Recovery decreases.,Восстановление снижается.,,needs_human,PRIORITY UI — tabs/onboarding/paywall/coach chrome
Recovery details,Детали восстановления,,needs_human,PRIORITY UI — tabs/onboarding/paywall/coach chrome
Recovery dropped since morning.,Восстановление снизилось с утра.,,needs_human,PRIORITY UI — tabs/onboarding/paywall/coach chrome
Recovery drops most after short sleep,Восстановление сильнее всего падает после короткого сна,,needs_human,PRIORITY UI — tabs/onboarding/paywall/coach chrome
Recovery effect,Эффект восстановления,,needs_human,PRIORITY UI — tabs/onboarding/paywall/coach chrome
Recovery factors,Факторы восстановления,,needs_human,PRIORITY UI — tabs/onboarding/paywall/coach chrome
Recovery finished strong at %lld%%.,Восстановление завершилось сильным на %lld%%.,,needs_human,PRIORITY UI — tabs/onboarding/paywall/coach chrome
Recovery fuel,Еда после нагрузки,,needs_human,PRIORITY UI — tabs/onboarding/paywall/coach chrome
"Recovery has enough history and is holding steady, so changes in sleep or training can be interpreted more clearly.","Достаточно истории восстановления, и оно держится стабильно — изменения сна или тренировок можно интерпретировать яснее.",,needs_human,PRIORITY UI — tabs/onboarding/paywall/coach chrome
"Recovery has enough history to be useful, but it is not yet stable enough to ignore.","Истории восстановления достаточно для пользы, но оно ещё недостаточно стабильно, чтобы его игнорировать.",,needs_human,PRIORITY UI — tabs/onboarding/paywall/coach chrome
Recovery has rebounded %lld points versus baseline.,Восстановление выросло на %lld баллов относительно базового уровня.,,needs_human,PRIORITY UI — tabs/onboarding/paywall/coach chrome
Recovery held near baseline,Восстановление удержалось около базового уровня,,needs_human,PRIORITY UI — tabs/onboarding/paywall/coach chrome
"Recovery helps you see whether your body may need an easier day. Sleep, recent workouts, daily load, HRV, resting heart rate, and recovery routines can all affect it.","Восстановление помогает понять, нужен ли телу более легкий день. На него влияют сон, последние тренировки, дневная нагрузка, HRV, пульс в покое и восстановительные рутины.",,needs_human,PRIORITY UI — tabs/onboarding/paywall/coach chrome
Recovery history is needed before changing load.,"Нужна история восстановления, прежде чем менять нагрузку.",,needs_human,PRIORITY UI — tabs/onboarding/paywall/coach chrome
Recovery history is still building,История восстановления ещё формируется,,needs_human,PRIORITY UI — tabs/onboarding/paywall/coach chrome
"Recovery improved earlier, then flattened.","Восстановление улучшилось раньше, затем выровнялось.",,needs_human,PRIORITY UI — tabs/onboarding/paywall/coach chrome
"Recovery improved, then stopped progressing.","Восстановление улучшилось, затем перестало прогрессировать.",,needs_human,PRIORITY UI — tabs/onboarding/paywall/coach chrome
Recovery in progress,Восстановление идет,,needs_human,PRIORITY UI — tabs/onboarding/paywall/coach chrome
Recovery is absorbing a higher training load.,Восстановление поглощает более высокую тренировочную нагрузку.,,needs_human,PRIORITY UI — tabs/onboarding/paywall/coach chrome
Recovery is absorbing high load,Восстановление поглощает высокую нагрузку,,needs_human,PRIORITY UI — tabs/onboarding/paywall/coach chrome
Recovery is absorbing your workload,Восстановление поглощает вашу нагрузку,,needs_human,PRIORITY UI — tabs/onboarding/paywall/coach chrome
Recovery is already strong enough that the next useful lesson is which habit keeps it stable when training changes.,Восстановление уже достаточно сильное — следующий полезный урок: какая привычка держит его стабильным при изменении тренировок.,,needs_human,PRIORITY UI — tabs/onboarding/paywall/coach chrome
Recovery is at %lld%%.,Восстановление — %lld%%.,,needs_human,PRIORITY UI — tabs/onboarding/paywall/coach chrome
"Recovery is building.
Don't skip protein tonight.","Восстановление набирает.
Не пропускайте белок сегодня.",,needs_human,PRIORITY UI — tabs/onboarding/paywall/coach chrome
Recovery is down %lld points versus baseline.,Восстановление ниже на %lld баллов относительно базового уровня.,,needs_human,PRIORITY UI — tabs/onboarding/paywall/coach chrome
Recovery is down %lld points while sleep is below target.,"Восстановление ниже на %lld баллов, пока сон ниже цели.",,needs_human,PRIORITY UI — tabs/onboarding/paywall/coach chrome
"Recovery is excellent.
Today is a great day to train.","Восстановление отличное.
Сегодня отличный день для тренировки.",,needs_human,PRIORITY UI — tabs/onboarding/paywall/coach chrome
Recovery is excellent. Bank it for tomorrow.,Восстановление отличное. Сохраните его на завтра.,,needs_human,PRIORITY UI — tabs/onboarding/paywall/coach chrome
Recovery is excellent. You're ready for intensity.,Восстановление отличное. Можно интенсивность.,,needs_human,PRIORITY UI — tabs/onboarding/paywall/coach chrome
"Recovery is good, but the day is still stacking load.","Восстановление хорошее, но день уже накапливает нагрузку.",,needs_human,PRIORITY UI — tabs/onboarding/paywall/coach chrome
Recovery is high.,Восстановление высокое.,,needs_human,PRIORITY UI — tabs/onboarding/paywall/coach chrome
Recovery is holding despite short sleep,Восстановление держится несмотря на короткий сон,,needs_human,PRIORITY UI — tabs/onboarding/paywall/coach chrome
"Recovery is holding, but the evening session still needs protection.","Восстановление в норме, но вечернюю сессию всё ещё стоит беречь.",,needs_human,PRIORITY UI — tabs/onboarding/paywall/coach chrome
"Recovery is holding, but tonight still needs care.","Восстановление в норме, но вечер всё ещё требует внимания.",,needs_human,PRIORITY UI — tabs/onboarding/paywall/coach chrome
Recovery is improving,Восстановление улучшается,,needs_human,PRIORITY UI — tabs/onboarding/paywall/coach chrome
Recovery is improving but needs support,"Восстановление улучшается, но нуждается в поддержке",,needs_human,PRIORITY UI — tabs/onboarding/paywall/coach chrome
Recovery is keeping up with training,Восстановление успевает за тренировками,,needs_human,PRIORITY UI — tabs/onboarding/paywall/coach chrome
Recovery is limited at %@%% after %@h sleep.,Восстановление ограничено: %@%% после %@ ч сна.,,needs_human,PRIORITY UI — tabs/onboarding/paywall/coach chrome
Recovery is limited at %@%%.,Восстановление ограничено: %@%%.,,needs_human,PRIORITY UI — tabs/onboarding/paywall/coach chrome
Recovery is limited. Bias toward quality over volume.,Восстановление ограничено. Качество важнее объёма.,,needs_human,PRIORITY UI — tabs/onboarding/paywall/coach chrome
Recovery is limited. Prioritize sleep tonight.,Восстановление ограничено. Приоритет — сон сегодня.,,needs_human,PRIORITY UI — tabs/onboarding/paywall/coach chrome
Recovery is losing momentum,Восстановление теряет импульс,,needs_human,PRIORITY UI — tabs/onboarding/paywall/coach chrome
Recovery is low and several physiological signals are outside baseline. Prioritize recovery today.,"Восстановление низкое, и несколько физиологических сигналов вне базового уровня. Сегодня лучше сделать приоритетом восстановление.",,needs_human,PRIORITY UI — tabs/onboarding/paywall/coach chrome
"Recovery is lower, so today’s load should be protected.",Восстановление ниже — сегодняшнюю нагрузку лучше защитить.,,needs_human,PRIORITY UI — tabs/onboarding/paywall/coach chrome
Recovery is missing a nutrition signal,Восстановлению не хватает сигнала питания,,needs_human,PRIORITY UI — tabs/onboarding/paywall/coach chrome
Recovery is moderate at %@%% after %@h sleep.,Восстановление умеренное: %@%% после %@ ч сна.,,needs_human,PRIORITY UI — tabs/onboarding/paywall/coach chrome
Recovery is moderate at %@%%.,Восстановление умеренное: %@%%.,,needs_human,PRIORITY UI — tabs/onboarding/paywall/coach chrome
Recovery is moderate. Keep intensity controlled until signals improve.,"Восстановление умеренное. Держите интенсивность под контролем, пока сигналы не улучшатся.",,needs_human,PRIORITY UI — tabs/onboarding/paywall/coach chrome
Recovery is not keeping up with load,Восстановление не успевает за нагрузкой,,needs_human,PRIORITY UI — tabs/onboarding/paywall/coach chrome
Recovery is rebounding,Восстановление отскакивает,,needs_human,PRIORITY UI — tabs/onboarding/paywall/coach chrome
Recovery is soft while training load is elevated.,"Восстановление слабое, пока тренировочная нагрузка повышена.",,needs_human,PRIORITY UI — tabs/onboarding/paywall/coach chrome
Recovery is soft — begin with an easy protein-forward breakfast and keep portions gentle.,Восстановление мягкое — начните с лёгкого белкастого завтрака и не перегружайте порции.,,needs_human,PRIORITY UI — tabs/onboarding/paywall/coach chrome
Recovery is solid. Keep the session clean.,Восстановление уверенное. Держите сессию чистой.,,needs_human,PRIORITY UI — tabs/onboarding/paywall/coach chrome
Recovery is solid. Protect sleep tonight.,Восстановление уверенное. Защитите сон сегодня.,,needs_human,PRIORITY UI — tabs/onboarding/paywall/coach chrome
Recovery is stable but not high,"Восстановление стабильно, но не высокое",,needs_human,PRIORITY UI — tabs/onboarding/paywall/coach chrome
Recovery is starting to lose support,Восстановление начинает терять поддержку,,needs_human,PRIORITY UI — tabs/onboarding/paywall/coach chrome
Recovery is strong. Today is open.,Восстановление сильное. День открыт.,,needs_human,PRIORITY UI — tabs/onboarding/paywall/coach chrome
"Recovery is sufficient for today's %@. The biggest determinant of performance now is preparation, not readiness.","Ресурса достаточно для сегодняшнего %@. Теперь результат больше зависит от подготовки, а не от готовности.",,needs_human,PRIORITY UI — tabs/onboarding/paywall/coach chrome
Recovery is suppressed enough that the useful move is restraint: keep the next block easy and make the basics boringly consistent.,"Ресурс достаточно снижен, и самый полезный ход — сдержанность: следующий блок держите легким, а базу — скучно стабильной.",,needs_human,PRIORITY UI — tabs/onboarding/paywall/coach chrome
Recovery is the check on whether the current training rhythm is sustainable.,"Восстановление показывает, устойчив ли текущий ритм тренировок.",,needs_human,PRIORITY UI — tabs/onboarding/paywall/coach chrome
Recovery is the dominant limiter now.,Сейчас главный ограничитель — восстановление.,,needs_human,PRIORITY UI — tabs/onboarding/paywall/coach chrome
Recovery is the limiter today because tomorrow asks for more. I would make the rest of the day quieter instead of borrowing from tomorrow.,"Сегодня ограничитель — восстановление, потому что завтра потребует больше. Остаток дня я бы сделал тише, а не занимал силы у завтра.",,needs_human,PRIORITY UI — tabs/onboarding/paywall/coach chrome
Recovery is the limiter.,Восстановление ограничивает нагрузку.,,needs_human,PRIORITY UI — tabs/onboarding/paywall/coach chrome
Recovery is the priority,Сейчас важнее восстановиться,,needs_human,PRIORITY UI — tabs/onboarding/paywall/coach chrome
Recovery is the priority now.,Сейчас важнее восстановиться.,,needs_human,PRIORITY UI — tabs/onboarding/paywall/coach chrome
Recovery is the priority tonight,Сегодня вечером главное — восстановиться,,needs_human,PRIORITY UI — tabs/onboarding/paywall/coach chrome
Recovery is the signal to watch,"Восстановление — сигнал, за которым стоит следить",,needs_human,PRIORITY UI — tabs/onboarding/paywall/coach chrome
Recovery is your most stable signal,Восстановление — ваш самый стабильный сигнал,,needs_human,PRIORITY UI — tabs/onboarding/paywall/coach chrome
Recovery itself is the clearest changed signal.,Само восстановление — самый явный изменившийся сигнал.,,needs_human,PRIORITY UI — tabs/onboarding/paywall/coach chrome
Recovery leads today,Сегодня главное — восстановление,,needs_human,PRIORITY UI — tabs/onboarding/paywall/coach chrome
Recovery looks ready for tomorrow.,Восстановление выглядит готовым к завтра.,,needs_human,PRIORITY UI — tabs/onboarding/paywall/coach chrome
Recovery looks resilient,Восстановление выглядит устойчивым,,needs_human,PRIORITY UI — tabs/onboarding/paywall/coach chrome
"Recovery looks solid, with one or two signals still holding the score back.","Восстановление выглядит хорошо, но один-два сигнала еще сдерживают оценку.",,needs_human,PRIORITY UI — tabs/onboarding/paywall/coach chrome
Recovery looks strong for today.,Восстановление выглядит сильным на сегодня.,,needs_human,PRIORITY UI — tabs/onboarding/paywall/coach chrome
Recovery looks strong this morning. Build the basics calmly so the first movement block stays comfortable.,"Утром восстановление выглядит сильным. Соберите базу спокойно, чтобы первый блок движения остался комфортным.",,needs_human,PRIORITY UI — tabs/onboarding/paywall/coach chrome
Recovery looks strong this morning. Keep hydration steady and follow your normal meal timing.,Утром восстановление выглядит сильным. Пейте ровно и ешьте в обычное время.,,needs_human,PRIORITY UI — tabs/onboarding/paywall/coach chrome
Recovery match unknown,Соответствие восстановлению неизвестно,,needs_human,PRIORITY UI — tabs/onboarding/paywall/coach chrome
Recovery matched demand,Восстановление соответствует нагрузке,,needs_human,PRIORITY UI — tabs/onboarding/paywall/coach chrome
Recovery matters as much as training. Try not to stack too many hard sessions without an easier day.,"Восстановление так же важно, как тренировки. Не ставьте слишком много тяжелых тренировок подряд без более легкого дня.",,needs_human,PRIORITY UI — tabs/onboarding/paywall/coach chrome
Recovery matters most now,Сейчас важнее восстановиться,,needs_human,PRIORITY UI — tabs/onboarding/paywall/coach chrome
"Recovery metrics are positive, however sleep duration was shorter than ideal for a %@ %@.","Показатели хорошие, но сна было меньше, чем хотелось бы перед %@ %@.",,needs_human,PRIORITY UI — tabs/onboarding/paywall/coach chrome
Recovery mode is easier to maintain,Режим восстановления легче удерживать,,needs_human,PRIORITY UI — tabs/onboarding/paywall/coach chrome
"Recovery movement is close, but the coaching need is restraint.","Скоро восстановительное движение, но главный совет — сдержанность.",,needs_human,PRIORITY UI — tabs/onboarding/paywall/coach chrome
"Recovery movement is planned, but there is no urgent coaching action.","Восстановительное движение запланировано, но срочного действия не нужно.",,needs_human,PRIORITY UI — tabs/onboarding/paywall/coach chrome
Recovery movement is the main activity context.,Главный контекст активности — восстановительное движение.,,needs_human,PRIORITY UI — tabs/onboarding/paywall/coach chrome
Recovery needs attention,Восстановлению нужно внимание,,needs_human,PRIORITY UI — tabs/onboarding/paywall/coach chrome
Recovery needs fuel.,Для восстановления нужна еда.,,needs_human,PRIORITY UI — tabs/onboarding/paywall/coach chrome
Recovery needs more room before the next progression.,Восстановлению нужно больше запаса перед следующим прогрессом.,,needs_human,PRIORITY UI — tabs/onboarding/paywall/coach chrome
Recovery needs support,Восстановлению нужна поддержка,,needs_human,PRIORITY UI — tabs/onboarding/paywall/coach chrome
Recovery needs support today. Keep activity controlled and focus on calm pacing.,Сегодня телу нужно чуть больше заботы. Держите активность под контролем и темп спокойным.,,needs_human,PRIORITY UI — tabs/onboarding/paywall/coach chrome
Recovery nutrition,Еда для восстановления,,needs_human,PRIORITY UI — tabs/onboarding/paywall/coach chrome
Recovery pick,Для восстановления,,needs_human,PRIORITY UI — tabs/onboarding/paywall/coach chrome
Recovery plateau detected,Обнаружено плато восстановления,,needs_human,PRIORITY UI — tabs/onboarding/paywall/coach chrome
Recovery priority,Приоритет восстановления,,needs_human,PRIORITY UI — tabs/onboarding/paywall/coach chrome
Recovery protection,Дайте себе восстановиться,,needs_human,PRIORITY UI — tabs/onboarding/paywall/coach chrome
Recovery quality held while signals softened.,"Качество восстановления сохранилось, пока сигналы ослабли.",,needs_human,PRIORITY UI — tabs/onboarding/paywall/coach chrome
Recovery quality tonight will influence tomorrow more than additional exercise.,"Качество восстановления этой ночью повлияет на завтра сильнее, чем дополнительная тренировка.",,needs_human,PRIORITY UI — tabs/onboarding/paywall/coach chrome
"Recovery reacts to sleep, workouts, stress, hydration, recovery activities, and overall daily load.","Восстановление реагирует на сон, тренировки, стресс, гидратацию, восстановительные активности и общую дневную нагрузку.",,needs_human,PRIORITY UI — tabs/onboarding/paywall/coach chrome
Recovery reflects overall readiness. Stress Index highlights current physiological strain.,Восстановление отражает общую готовность. Индекс нагрузки показывает текущую физиологическую нагрузку.,,needs_human,PRIORITY UI — tabs/onboarding/paywall/coach chrome
Recovery remains healthy but is declining,"Восстановление остаётся хорошим, но снижается",,needs_human,PRIORITY UI — tabs/onboarding/paywall/coach chrome
Recovery remains resilient,Восстановление остаётся устойчивым,,needs_human,PRIORITY UI — tabs/onboarding/paywall/coach chrome
Recovery remains stable,Восстановление остаётся стабильным,,needs_human,PRIORITY UI — tabs/onboarding/paywall/coach chrome
Recovery remains strong at %@%% after %@h sleep.,Восстановление остается сильным: %@%% после %@ ч сна.,,needs_human,PRIORITY UI — tabs/onboarding/paywall/coach chrome
Recovery remains strong at %@%%.,Восстановление остается сильным: %@%%.,,needs_human,PRIORITY UI — tabs/onboarding/paywall/coach chrome
Recovery resilience is improving,Устойчивость восстановления улучшается,,needs_human,PRIORITY UI — tabs/onboarding/paywall/coach chrome
Recovery response,Отклик восстановления,,needs_human,PRIORITY UI — tabs/onboarding/paywall/coach chrome
Recovery review is building,Обзор восстановления формируется,,needs_human,PRIORITY UI — tabs/onboarding/paywall/coach chrome
Recovery score,Оценка восстановления,,needs_human,PRIORITY UI — tabs/onboarding/paywall/coach chrome
Recovery session,Восстановительная тренировка,,needs_human,PRIORITY UI — tabs/onboarding/paywall/coach chrome
Recovery session finished?,Восстановление завершено?,,needs_human,PRIORITY UI — tabs/onboarding/paywall/coach chrome
Recovery sets the ceiling.,Восстановление задает темп.,,needs_human,PRIORITY UI — tabs/onboarding/paywall/coach chrome
Recovery should be the priority today. Keep activity easy.,Сегодня приоритет — восстановление. Держите активность лёгкой.,,needs_human,PRIORITY UI — tabs/onboarding/paywall/coach chrome
Recovery signal building,Сигнал восстановления формируется,,needs_human,PRIORITY UI — tabs/onboarding/paywall/coach chrome
"Recovery signals are low. Prioritize easy movement, hydration and an earlier night.","Сигналы восстановления низкие. В приоритете легкое движение, вода и более ранний сон.",,needs_human,PRIORITY UI — tabs/onboarding/paywall/coach chrome
Recovery signals need protection before adding more demand.,"Сначала восстановлению нужна защита, потом уже новая нагрузка.",,needs_human,PRIORITY UI — tabs/onboarding/paywall/coach chrome
Recovery stabilized,Восстановление стабилизировалось,,needs_human,PRIORITY UI — tabs/onboarding/paywall/coach chrome
Recovery starts tonight.,Восстановление начинается сегодня ночью.,,needs_human,PRIORITY UI — tabs/onboarding/paywall/coach chrome
Recovery stayed resilient,Восстановление осталось устойчивым,,needs_human,PRIORITY UI — tabs/onboarding/paywall/coach chrome
Recovery stayed resilient under current load.,Восстановление оставалось устойчивым при текущей нагрузке.,,needs_human,PRIORITY UI — tabs/onboarding/paywall/coach chrome
Recovery stayed steady because your sleep timing and training load were more consistent this month.,"Восстановление оставалось стабильным, потому что сон и тренировочная нагрузка в этом месяце были ровнее.",,needs_human,PRIORITY UI — tabs/onboarding/paywall/coach chrome
Recovery stayed strong despite softer signals,Восстановление оставалось сильным несмотря на более слабые сигналы,,needs_human,PRIORITY UI — tabs/onboarding/paywall/coach chrome
Recovery suggestion,Рекомендация по восстановлению,,needs_human,PRIORITY UI — tabs/onboarding/paywall/coach chrome
Recovery support,Поддержка восстановления,,needs_human,PRIORITY UI — tabs/onboarding/paywall/coach chrome
Recovery support is getting weaker,Поддержка восстановления ослабевает,,needs_human,PRIORITY UI — tabs/onboarding/paywall/coach chrome
Recovery supports the plan,Так план усвоится лучше,,needs_human,PRIORITY UI — tabs/onboarding/paywall/coach chrome
Recovery system active,Восстановление активно,,needs_human,PRIORITY UI — tabs/onboarding/paywall/coach chrome
Recovery time,Время восстановиться,恢复时间,curated,PRIORITY UI — tabs/onboarding/paywall/coach chrome
Recovery trend,Тренд восстановления,,needs_human,PRIORITY UI — tabs/onboarding/paywall/coach chrome
Recovery unavailable,Восстановление недоступно,,needs_human,PRIORITY UI — tabs/onboarding/paywall/coach chrome
Recovery will show whether better fueling is changing how you adapt to training.,"Восстановление покажет, меняет ли питание то, как вы адаптируетесь к тренировкам.",,needs_human,PRIORITY UI — tabs/onboarding/paywall/coach chrome
Recovery will show whether better sleep is just helpful or truly the missing piece.,"Восстановление покажет, помогает ли сон или он действительно был недостающим звеном.",,needs_human,PRIORITY UI — tabs/onboarding/paywall/coach chrome
"Recovery work helps the body settle after load. The goal is to reduce tension, support sleep and avoid adding more stress.","Восстановительная работа помогает телу успокоиться после нагрузки. Цель — снизить напряжение, поддержать сон и не добавлять стресс.",,needs_human,PRIORITY UI — tabs/onboarding/paywall/coach chrome
Recovery work only works when it stays below training stress.,Восстановительная работа работает только если остается ниже тренировочного стресса.,,needs_human,PRIORITY UI — tabs/onboarding/paywall/coach chrome
Recovery work only works when it stays easy enough to recover from.,Восстановительная работа работает только если остается достаточно легкой.,,needs_human,PRIORITY UI — tabs/onboarding/paywall/coach chrome
Recovery • %@,Восстановление • %@,,needs_human,PRIORITY UI — tabs/onboarding/paywall/coach chrome
"Recovery, activity and sleep","Восстановление, активность и сон",,needs_human,PRIORITY UI — tabs/onboarding/paywall/coach chrome
"Recovery, activity, and sleep moved lower this month. WeekFit is watching whether this is a short dip or a pattern that needs more recovery support.","Восстановление, активность и сон снизились в этом месяце. WeekFit отслеживает, это краткий спад или паттерн, которому нужна поддержка восстановления.",,needs_human,PRIORITY UI — tabs/onboarding/paywall/coach chrome
"Recovery, activity, nutrition and plans — read as one clear day.","Восстановление, активность, питание и планы — как один ясный день.",,needs_human,PRIORITY UI — tabs/onboarding/paywall/coach chrome
"Recovery, movement and nutrition
adapted to your day.","Восстановление, движение и питание
подстроены под ваш день.",,needs_human,PRIORITY UI — tabs/onboarding/paywall/coach chrome
"Recovery, sleep, activity and nutrition do not show a ranked change, risk, opportunity or anomaly.","Восстановление, сон, активность и питание не показывают ранжированного изменения, риска, возможности или аномалии.",,needs_human,PRIORITY UI — tabs/onboarding/paywall/coach chrome
Recovery-friendly choice that keeps the day controlled,Подходит для восстановления и помогает держать день под контролем,,needs_human,PRIORITY UI — tabs/onboarding/paywall/coach chrome
Recovery/readiness is low relative to the training demand today.,"Восстановление и готовность ниже, чем требует сегодняшняя тренировка.",,needs_human,PRIORITY UI — tabs/onboarding/paywall/coach chrome
Red Onion,Красный лук,,needs_human,UI string
Reduce today's intensity,Снизьте сегодняшнюю интенсивность,,needs_human,UI string
Reduce weekly volume.,Сократите недельный объём.,,needs_human,UI string
Reflect on your week and choose one habit to keep.,"Оглянитесь на неделю и выберите одну привычку, которую хотите сохранить.",,needs_human,UI string
Refuel Now,Подкрепитесь сейчас,,needs_human,UI string
Refuel before endurance,Пополните энергию перед выносливостью,,needs_human,UI string
Refuel next,Дальше восстановите энергию,,needs_human,UI string
Rehydrate after,Восполните воду после,,needs_human,UI string
Rehydrate after the session,Выпейте воды после тренировки,,needs_human,UI string
Rehydrate first,Сначала восполните жидкость,,needs_human,UI string
Rehydrate now and keep the rest of the day easy. Squash adds fatigue quickly.,Восполните воду сейчас и проведите остаток дня легко. Сквош быстро добавляет усталость.,,needs_human,UI string
Relax,Расслабление,,needs_human,UI string
Relax between points,Расслабляйтесь между очками,,needs_human,UI string
Relax breathing,Расслабьте дыхание,,needs_human,UI string
Relax on each exhale,Расслабляйтесь на каждом выдохе,,needs_human,UI string
Relax shoulders,Расслабьте плечи,,needs_human,UI string
Relax your shoulders,Расслабьте плечи,,needs_human,UI string
Release tension,Снимите напряжение,,needs_human,UI string
Remaining training,Оставшаяся тренировка,,needs_human,UI string
Remind later,Напомнить позже,,needs_human,UI string
Reminder,Напоминание,,needs_human,UI string
"Reminder timing may be affected by device settings, Focus modes, notification permissions, and system limitations.","Время напоминаний может зависеть от настроек устройства, режимов Фокусирования, разрешений уведомлений и системных ограничений.",,needs_human,UI string
Remove,Удалить,,needs_human,UI string
Remove friction before morning,Позаботьтесь о мелочах сегодня вечером — утром будет проще.,,needs_human,UI string
Renewal is cancelled. Full access continues until %@.,Продление отменено. Полный доступ сохранится до %@.,,needs_human,UI string
Renewal is cancelled. You keep full access until the current period ends.,Продление отменено. Полный доступ сохранится до конца текущего периода.,,needs_human,UI string
Repeat your phone-free evening,Снова вечер без телефона,,needs_human,UI string
Replace account data?,Заменить данные аккаунта?,,needs_human,UI string
Replace energy and support recovery,Верните энергию и дайте телу восстановиться,,needs_human,UI string
Replace fluids,Выпейте воды,,needs_human,UI string
Replace fluids after sweating,"Выпейте воды после того, как вспотели",,needs_human,UI string
Replace fluids and electrolytes,Выпейте воды с электролитами,,needs_human,UI string
Replace fluids and minerals,Выпейте воды с минералами,,needs_human,UI string
"Replace fluids, let the body calm down and avoid another hard session today.","Выпейте воды, дайте телу успокоиться и избегайте еще одной тяжелой тренировки сегодня.",,needs_human,UI string
Replace local data?,Заменить локальные данные?,,needs_human,UI string
Replace minerals,Восполните минералы,,needs_human,UI string
Replace what the session spent without chasing the full day target.,"Верните то, что потратила тренировка, без погони за дневной целью.",,needs_human,UI string
Report a problem,Сообщить о проблеме,,needs_human,UI string
Reset,Сброс,,needs_human,UI string
Reset Data,Сбросить данные,,needs_human,UI string
Reset complete,Сброс завершен,,needs_human,UI string
Reset failed,Не удалось сбросить,,needs_human,UI string
Reset local data,Сбросить локальные данные,,needs_human,UI string
Reset local data?,Сбросить локальные данные?,,needs_human,UI string
Reset password,Сброс пароля,,needs_human,UI string
Reset the day,Перезапустите день,,needs_human,UI string
Reset tomorrow,Сбросить завтра,,needs_human,UI string
Reset your focus,Сбросьте фокус,,needs_human,UI string
Resetting...,Сбрасываем...,,needs_human,UI string
Resources,Ресурсы,,needs_human,UI string
Rest,Отдых,,needs_human,UI string
Rest before fatigue spikes,Отдыхайте до резкого роста усталости,,needs_human,UI string
Rest before form drops,Отдыхайте до ухудшения техники,,needs_human,UI string
Resting heart rate,Пульс в покое,静息心率,curated,UI string
Resting heart rate above baseline,Пульс в покое выше базового уровня,,needs_human,UI string
"Resting heart rate appears higher than your personal baseline, which contributed to today’s Stress Index.","Пульс в покое выглядит выше личного базового уровня, что повлияло на сегодняшний индекс нагрузки.",,needs_human,UI string
Resting heart rate is near your usual range.,Пульс в покое находится около вашего обычного диапазона.,,needs_human,UI string
Resting heart rate near baseline,Пульс в покое около базового уровня,,needs_human,UI string
Resting heart rate remains close to your baseline.,Пульс в покое остаётся близким к базовому уровню.,,needs_human,UI string
Restore Purchases,Восстановить покупки,恢复购买,draft_mt,PRIORITY UI — tabs/onboarding/paywall/coach chrome
Restore mobility,Восстановите подвижность,,needs_human,PRIORITY UI — tabs/onboarding/paywall/coach chrome
Restore sleep before changing training load.,Восстановите сон перед изменением тренировочной нагрузки.,,needs_human,PRIORITY UI — tabs/onboarding/paywall/coach chrome
Restore sleep before increasing load,Восстановите сон перед увеличением нагрузки,,needs_human,PRIORITY UI — tabs/onboarding/paywall/coach chrome
Restoring…,Восстановление…,,needs_human,UI string
Return calmly,Возвращайтесь спокойно,,needs_human,UI string
Return calmly if your mind wanders,"Спокойно возвращайтесь, если отвлеклись",,needs_human,UI string
Return to baseline,Вернитесь к базовому состоянию,,needs_human,UI string
Return to routine,Вернитесь к режиму,,needs_human,UI string
Return to sleep,Вернитесь ко сну,,needs_human,UI string
Return to the day calmly,Спокойно вернитесь к дню,,needs_human,UI string
Return to the plan,Вернитесь к плану,,needs_human,UI string
"Return to the plan, keep the next step simple and avoid unnecessary extra load.","Вернитесь к плану, сделайте следующий шаг простым и избегайте лишней нагрузки.",,needs_human,UI string
Reusable meals,Готовые блюда,,needs_human,UI string
Reuse anytime,Используйте снова,,needs_human,UI string
Review,Смотреть,,needs_human,UI string
Review Details,Подробнее,,needs_human,UI string
Review Training Trends,Тренды тренировок,,needs_human,UI string
Review and try again.,Проверьте и попробуйте снова.,,needs_human,UI string
Review data and privacy settings,Проверьте данные и настройки конфиденциальности,,needs_human,UI string
"Review ingredients, nutrition.",Проверьте ингредиенты и порции.,,needs_human,UI string
Review my focus,Обзор фокуса,,needs_human,UI string
Review my week,Обзор недели,,needs_human,UI string
Review serving size and nutrition.,Проверьте размер порции и питание.,,needs_human,UI string
"Review sleep duration, awake time and HRV to understand the result.","Проверьте длительность сна, время бодрствования и ВСР, чтобы понять результат.",,needs_human,UI string
Review today’s plan suggestion,Смотреть предложение на сегодня,,needs_human,UI string
Review tomorrow after breakfast,Пересмотрите завтра после завтрака,,needs_human,UI string
Reviewing overnight signals…,Смотрю на ночные сигналы…,,needs_human,UI string
Rice,Рис,,needs_human,UI string
Ride complete,Заезд завершен,,needs_human,UI string
Ride easy for the first 10 min,Первые 10 минут езжайте легко,,needs_human,UI string
Right after training is a good time to recover well.,Сразу после тренировки — хорошее время восстановиться.,,needs_human,UI string
Rinse and cook the quinoa until the grains are tender and the liquid is absorbed.,Промойте и сварите киноа до мягкости зёрен и полного впитывания жидкости.,,needs_human,UI string
Rinse and slice the strawberries.,Промойте и нарежьте клубнику.,,needs_human,UI string
Risk story,История риска,,needs_human,UI string
"Roast or microwave the sweet potato until soft, then split or cube it.","Запеките или приготовьте батат в микроволновке до мягкости, затем разрежьте или нарежьте кубиками.",,needs_human,UI string
Roll firmly and slice into even pieces.,Плотно сверните и нарежьте на ровные кусочки.,,needs_human,UI string
"Roll tightly, then slice into bite-size pieces with a sharp wet knife.",Плотно сверните ролл и нарежьте на кусочки острым смоченным ножом.,,needs_human,UI string
Route,Маршрут,,needs_human,UI string
Routine,Рутина,,needs_human,UI string
Routine • %@,Рутина • %@,,needs_human,UI string
Run,Бег,,needs_human,UI string
Run complete,Пробежка завершена,,needs_human,UI string
Running,Бег,,needs_human,UI string
Russian,Русский,,needs_human,UI string
SECONDARY SIGNAL,ДОПОЛНИТЕЛЬНЫЙ СИГНАЛ,,needs_human,UI string
SKIPPED,ПРОПУЩЕНО,,needs_human,UI string
SLEEP DETAILS,Детали сна,,needs_human,PRIORITY UI — tabs/onboarding/paywall/coach chrome
SLEEP QUALITY,Качество сна,,needs_human,PRIORITY UI — tabs/onboarding/paywall/coach chrome
STABLE,СТАБИЛЬНО,,needs_human,UI string
START EASY,НАЧНИТЕ ЛЕГКО,,needs_human,UI string
START THE DAY,НАЧНИТЕ ДЕНЬ,,needs_human,UI string
STRENGTH,СИЛА,,needs_human,UI string
STRONGEST PATTERN,САМЫЙ СИЛЬНЫЙ ПАТТЕРН,,needs_human,UI string
SUPPORT NOW,ПОДДЕРЖАТЬ СЕЙЧАС,,needs_human,UI string
Safety beats completing the session,"Безопасность важнее, чем законченная тренировка.",,needs_human,UI string
Salmon,Лосось,,needs_human,UI string
Salmon Avocado Roll,Ролл с лососем и авокадо,,needs_human,UI string
Salmon Nigiri,Нигири с лососем,,needs_human,UI string
Sample week planner,Пример недельного плана,,needs_human,UI string
Sauna,Сауна,,needs_human,UI string
Sauna changes the rest of today,Сауна меняет остаток дня,,needs_human,UI string
Sauna • Mobility • Walk,Сауна • мобилити • прогулка,,needs_human,UI string
Sauna • Stretching • Easy walk,Сауна • растяжка • легкая прогулка,,needs_human,UI string
Sauté the mushrooms and tomatoes in a lightly oiled pan until tender.,Обжарьте грибы и помидоры на слегка смазанной сковороде до мягкости.,,needs_human,UI string
Sauté the mushrooms until their moisture evaporates and they turn golden.,"Обжарьте грибы, пока не уйдёт влага и они не станут золотистыми.",,needs_human,UI string
Sauté the shrimp quickly until just opaque and pink.,Быстро обжарьте креветки до непрозрачного розового цвета.,,needs_human,UI string
Save,Сохранить,保存,draft_mt,PRIORITY UI — tabs/onboarding/paywall/coach chrome
Save %d%%,Экономия %d%%,,needs_human,PRIORITY UI — tabs/onboarding/paywall/coach chrome
Save capacity for the later session,Сохраните силы на следующую тренировку,,needs_human,PRIORITY UI — tabs/onboarding/paywall/coach chrome
Save changes,Сохранить изменения,,needs_human,PRIORITY UI — tabs/onboarding/paywall/coach chrome
Save energy for the finish,Сохраните энергию на финиш,,needs_human,PRIORITY UI — tabs/onboarding/paywall/coach chrome
Save energy for the second half,Сохраните энергию на вторую половину,,needs_human,PRIORITY UI — tabs/onboarding/paywall/coach chrome
Save energy for the session itself,Сохраните силы на саму тренировку,,needs_human,PRIORITY UI — tabs/onboarding/paywall/coach chrome
Save energy for tomorrow,Сохраните силы на завтра,,needs_human,PRIORITY UI — tabs/onboarding/paywall/coach chrome
Save energy for tomorrow’s load.,Бережём силы на завтрашнюю нагрузку.,,needs_human,PRIORITY UI — tabs/onboarding/paywall/coach chrome
Save freshness for the ride,Сохраните свежесть для заезда,,needs_human,PRIORITY UI — tabs/onboarding/paywall/coach chrome
Save intensity for a better-fueled block.,"Сохраните интенсивность для блока, где энергии будет больше.",,needs_human,PRIORITY UI — tabs/onboarding/paywall/coach chrome
Save intensity for later,Сохраните интенсивность на потом,,needs_human,PRIORITY UI — tabs/onboarding/paywall/coach chrome
"Save meals you eat often, then log them so your energy picture and guidance stay current.","Сохраняйте блюда, которые едите часто, и отмечайте их — чтобы картина энергии и подсказки оставались актуальными.",,needs_human,PRIORITY UI — tabs/onboarding/paywall/coach chrome
Save meals you eat often. Log them in one tap.,"Сохраняйте блюда, которые едите часто. Добавляйте их в один тап.",,needs_human,PRIORITY UI — tabs/onboarding/paywall/coach chrome
Save once. Reuse when Coach needs it.,"Сохраните один раз. Используйте, когда нужен Тренер.",,needs_human,PRIORITY UI — tabs/onboarding/paywall/coach chrome
Save quality for training,Сохраните качество для тренировки,,needs_human,PRIORITY UI — tabs/onboarding/paywall/coach chrome
Save this for after heat exposure — rehydrate first,Оставьте это на после жары — сначала восполните жидкость,,needs_human,PRIORITY UI — tabs/onboarding/paywall/coach chrome
Save this habit,Сохранить привычку,,needs_human,PRIORITY UI — tabs/onboarding/paywall/coach chrome
Save time & complete day,Сохранить время и завершить день,,needs_human,PRIORITY UI — tabs/onboarding/paywall/coach chrome
Save workouts and meals once. Reuse them when Today asks you to act.,"Сохраните тренировки и еду один раз. Используйте снова, когда Today просит действовать.",,needs_human,PRIORITY UI — tabs/onboarding/paywall/coach chrome
Save your own recipe,Сохранить свой рецепт,,needs_human,PRIORITY UI — tabs/onboarding/paywall/coach chrome
Saved,Сохраненное,,needs_human,PRIORITY UI — tabs/onboarding/paywall/coach chrome
Saved meal,Сохранённое блюдо,,needs_human,PRIORITY UI — tabs/onboarding/paywall/coach chrome
Saved meals,Сохранённые блюда,,needs_human,PRIORITY UI — tabs/onboarding/paywall/coach chrome
Saved wind-down time: %@,Сохранённое время: %@,,needs_human,PRIORITY UI — tabs/onboarding/paywall/coach chrome
Saving a high-readiness day for sessions that match your goal.,"Сохранить день высокой готовности для тренировок, которые ведут к вашей цели.",,needs_human,UI string
Scan and add quickly,Сканируйте и добавляйте,,needs_human,UI string
Scan another,Сканировать ещё,,needs_human,UI string
Scan barcode,Скан штрихкода,扫描条码,draft_mt,UI string
Schedule Meal,Запланировать прием пищи,,needs_human,UI string
Scheduled activity reminders,Запланированные напоминания об активности,,needs_human,UI string
Scheduled in your plan,Запланировано в плане,,needs_human,UI string
"Score combines sleep duration, continuity, quality, HRV and resting heart rate.","Оценка учитывает длительность, непрерывность и качество сна, HRV и пульс покоя.",,needs_human,UI string
Search foods,Поиск продуктов,,needs_human,UI string
Search meals,Поиск блюд,,needs_human,UI string
Season the beef and sear over high heat until browned to your liking.,Приправьте говядину и обжарьте на сильном огне до нужной степени прожарки.,,needs_human,UI string
Season the chicken and pan-sear until cooked through and lightly browned.,Приправьте курицу и обжарьте на сковороде до готовности и лёгкой корочки.,,needs_human,UI string
"Season with salt and black pepper, then serve right away.","Посолите, поперчите и сразу подавайте.",,needs_human,UI string
"Seated option: roll your shoulders, stretch your neck, or move your ankles for five minutes.","Сидя: подвигай плечами, шеей или стопами пять минут.",,needs_human,UI string
Second phone-free evening noted.,Второй вечер без телефона отмечен.,,needs_human,UI string
See guidance. Act in one tap.,Смотрите подсказки. Действуйте в один тап.,,needs_human,UI string
See how your day is going and what to do next.,Как идёт день и что делать дальше.,,needs_human,UI string
See it live,Посмотреть вживую,,needs_human,UI string
See progress,Прогресс,,needs_human,UI string
See today.,Смотрите на сегодня.,,needs_human,UI string
See what has already happened today.,"Смотрите, что уже произошло сегодня.",,needs_human,UI string
See what matters now.,"Смотрите, что важно сейчас.",,needs_human,UI string
See where you are right now. Track progress and capture what happens through the day.,"Видеть, где вы сейчас. Отслеживать прогресс и фиксировать всё, что происходит в течение дня.",,needs_human,UI string
See where you stand. Log food and drinks. Start an activity.,"Видите, где вы. Логируйте еду и напитки. Запускайте активность.",,needs_human,UI string
See where your day stands and capture what happens next.,"Смотрите, где вы сейчас, и фиксируйте то, что происходит дальше.",,needs_human,UI string
Select what to apply,"Выберите, что применить",,needs_human,UI string
Selected,Выбрано,,needs_human,UI string
Selected.,Выбрано.,,needs_human,UI string
Selecting a favorite is not completion. Tap “I did it” after you repeat it.,"Выбор любимого — ещё не завершение. Нажми «Я сделал» после того, как повторишь.",,needs_human,UI string
Selecting a time does not schedule a notification.,Выбор времени не создаёт уведомление.,,needs_human,UI string
Send,Отправить,,needs_human,UI string
Send Reset Link,Отправить ссылку,,needs_human,UI string
Send feedback,Отправить отзыв,,needs_human,UI string
Sending…,Отправка…,,needs_human,UI string
Sequence narrative %@ should shape preparation before later serious training.,%@ должен направлять подготовку перед серьезной тренировкой позже.,,needs_human,UI string
Serve fresh and adjust seasoning to taste.,Подавайте свежим и настройте приправы по вкусу.,,needs_human,UI string
Serve immediately with soy sauce.,Подавайте сразу с соевым соусом.,,needs_human,UI string
Serve the beef and mushrooms over buckwheat.,Подавайте говядину с грибами на гречке.,,needs_human,UI string
Serve the salmon over quinoa with spinach on the side.,Подавайте лосось на киноа со шпинатом сбоку.,,needs_human,UI string
Serve with soy sauce and pickled ginger on the side.,Подавайте с соевым соусом и маринованным имбирём.,,needs_human,UI string
Serving,Порция,,needs_human,UI string
Serving Size,Размер порции,,needs_human,UI string
Serving size must be between 1g and %lldg.,Размер порции должен быть от 1 г до %lld г.,,needs_human,UI string
Session Focus,Фокус тренировки,,needs_human,UI string
Session complete,Тренировка завершена,,needs_human,UI string
Session focus,Фокус тренировки,,needs_human,UI string
Set %lld min,Установить %lld мин,,needs_human,UI string
Set a Sleep Schedule,Настройте расписание сна,,needs_human,UI string
Set a duration that fits this activity.,Укажите длительность для этой активности.,,needs_human,UI string
Set a hard stop for the evening,Поставьте жесткую границу на вечер,,needs_human,UI string
Set a time,Назначить время,,needs_human,UI string
Set aside a quiet moment to unwind this evening.,"Выделите тихое время, чтобы вечером разгрузиться.",,needs_human,UI string
Set weekly focus,Поставить фокус на неделю,,needs_human,UI string
Sets the plan to the current time. You still need to confirm to complete the day.,"Ставит план на текущее время. Чтобы завершить день, всё равно нужно подтверждение.",,needs_human,UI string
Settings,Настройки,设置,draft_mt,PRIORITY UI — tabs/onboarding/paywall/coach chrome
Settle In,Войдите в ритм,,needs_human,UI string
Settle down,Успокойтесь,,needs_human,UI string
Settle in,Настройтесь,,needs_human,UI string
Setup,Настроить,,needs_human,UI string
Setup checklist,Чек-лист настройки,,needs_human,UI string
Seven days. Seven small actions. Make time for recovery.,Семь дней. Семь небольших действий. Найди время для восстановления.,,needs_human,UI string
Seven days. Seven small actions. You finished the full challenge.,Семь дней. Семь небольших действий. Ты прошёл челлендж полностью.,,needs_human,UI string
Seven small recovery actions. You confirm each day yourself.,Семь небольших действий для восстановления. Каждый день подтверждаешь сам.,,needs_human,UI string
Seven-day journey preview. Day 1 is highlighted.,Превью семи дней. День 1 выделен.,,needs_human,UI string
Several awake moments reduced sleep continuity during the night.,Несколько пробуждений снизили непрерывность сна ночью.,,needs_human,UI string
Severe sleep deficit detected. DO NOT engage in late-night screen time or heavy macro loading. Wind down early tonight.,"Сна было заметно меньше, чем нужно. Не уходите в поздние экраны и тяжелую еду. Сегодня начните замедляться раньше.",,needs_human,UI string
Shakshuka,Шакшука,,needs_human,UI string
Shape the rice into small ovals and top each piece with salmon.,Сформируйте рис в небольшие овалы и накрой каждый кусочек лососем.,,needs_human,UI string
Shape this day with intention.,Соберите этот день осознанно.,,needs_human,UI string
Shaped by Coach,Скорректировано Тренером,,needs_human,UI string
Share Usage Data,Делиться данными об использовании,,needs_human,UI string
Share what works and what doesn’t,"Расскажите, что работает и что нет",,needs_human,UI string
Shift out of doing mode,Дайте себе разрешение ничего не делать.,,needs_human,UI string
Short sleep is the main recovery constraint today.,Сегодня главный ограничитель — короткий сон.,,needs_human,UI string
Short sleep lowers the margin.,Короткий сон снижает запас.,,needs_human,UI string
Shorten %@,Сократить %@,,needs_human,UI string
Shorten %@ %d → %d min,Сократить %@ %d → %d мин,,needs_human,UI string
Shorten activity,Сократить активность,,needs_human,UI string
Shorten if needed,"Сократите, если нужно.",,needs_human,UI string
Shorter or more disrupted sleep contributed to physiological strain.,Более короткий или прерывистый сон повлиял на физиологическую нагрузку.,,needs_human,UI string
Shorter or more disrupted sleep increased physiological strain.,Более короткий или прерывистый сон повысил физиологическую нагрузку.,,needs_human,UI string
Shorter sleep,Короче сон,,needs_human,UI string
Should I always hit my calorie target?,Нужно ли всегда попадать в цель калорий?,,needs_human,UI string
Show data,Показать данные,,needs_human,UI string
Show my day,Показать мой день,,needs_human,UI string
Show my workout distribution,Показать распределение тренировок,,needs_human,UI string
Shows Stress Index details,Открывает подробности индекса нагрузки,,needs_human,UI string
Shows a preview of this detail view,Показывает превью этого раздела,,needs_human,UI string
Shows more detail about the challenge.,Показывает подробности о челлендже.,,needs_human,UI string
Shoyu Ramen,Рамен с соевым бульоном,,needs_human,UI string
Shrimp,Креветки,,needs_human,UI string
Sign In,Вход,,needs_human,UI string
Sign In with Email,Войти по email,,needs_human,UI string
Sign Out,Выйти,,needs_human,UI string
Sign in to access your WeekFit account.,"Войдите, чтобы открыть свой аккаунт WeekFit.",,needs_human,UI string
Sign in with Apple,Войти через Apple,,needs_human,UI string
Signal readiness,Готовность сигналов,,needs_human,UI string
Signal strength,Сила сигнала,,needs_human,UI string
Signals are incomplete — move carefully today.,Сигналов мало — сегодня двигайтесь осторожнее.,,needs_human,UI string
Signed in,Вы вошли,,needs_human,UI string
Signed in with Apple,Вход через Apple,,needs_human,UI string
"Signing in with Apple starts a separate account workspace on this device. Your current local plan, meals, and preferences will be removed. This cannot be undone.","Вход с Apple откроет отдельное пространство аккаунта на этом устройстве. Текущий локальный план, приёмы пищи и настройки будут удалены. Это нельзя отменить.",,needs_human,UI string
Signing in with Apple starts a separate account workspace. Local WeekFit data on this device will be removed. This cannot be undone.,Вход с Apple откроет отдельное пространство аккаунта. Локальные данные WeekFit на этом устройстве будут удалены. Это нельзя отменить.,,needs_human,UI string
Signs you out of WeekFit on this device,Выходит из WeekFit на этом устройстве,,needs_human,UI string
"Simmer chicken in broth with soy sauce until cooked through, then slice.","Отварите курицу в бульоне с соевым соусом до готовности, затем нарежьте.",,needs_human,UI string
Simple close to the day,Простое завершение дня,,needs_human,UI string
Simple heat recovery support.,Простая поддержка восстановления через тепло.,,needs_human,UI string
Simple recovery support for now.,Простая поддержка восстановления сейчас.,,needs_human,UI string
Simple reminders can help you follow the plan during busy days.,Простые напоминания помогают следовать плану в занятые дни.,,needs_human,UI string
Sip before leaving and bring a bottle for the %@.,Сделайте несколько глотков перед выходом и возьмите бутылку на %@.,,needs_human,UI string
Sip calmly,Пейте спокойно,,needs_human,UI string
Sip calmly if available,"Пейте спокойно, если есть возможность",,needs_human,UI string
Sip fluids calmly,Пейте ровно,,needs_human,UI string
Sip fluids steadily,Пейте воду равномерно.,,needs_human,UI string
Sip more before leaving,Попейте еще перед выходом,,needs_human,UI string
Sip some water,Сделайте несколько глотков воды,,needs_human,UI string
Sip steadily,Пейте ровно,,needs_human,UI string
Sip steadily and do not start the next block dry.,Пейте постепенно и не начинайте следующий блок сухим.,,needs_human,UI string
Sip steadily instead of rushing it,"Пейте спокойно, не залпом",,needs_human,UI string
Sip steadily now,Сейчас пейте ровно,,needs_human,UI string
Sip to comfort,Пейте до комфорта,,needs_human,UI string
Sip water as needed,"Пейте воду, если нужно.",,needs_human,UI string
Sip water between games,Пейте воду между геймами,,needs_human,UI string
Sip water between sets,Пейте воду между подходами,,needs_human,UI string
Sip water if needed,"Выпейте воды, если хочется.",,needs_human,UI string
Sip water regularly,Пейте воду регулярно,,needs_human,UI string
Sip water through the morning.,Пейте воду в течение утра.,,needs_human,UI string
Sit or lie down comfortably,Сядьте или лягте удобно,,needs_human,UI string
"Sit, lie down, or rest with eyes closed — whatever feels comfortable.","Сиди, лежи или отдыхай с закрытыми глазами — как удобнее.",,needs_human,UI string
Skip,Пропустить,跳过,draft_mt,UI string
Skip %@,Пропустить %@,,needs_human,UI string
Skip %@ today,Пропустить %@ сегодня,,needs_human,UI string
Skip connecting Apple Health for now,Пропустить подключение Apple Health,,needs_human,UI string
Skip extra intensity,Пропустите лишнюю интенсивность,,needs_human,UI string
Skip extra training,Пропустите лишнюю тренировку,,needs_human,UI string
Skip late training. Protect the cut overnight.,Без поздней тренировки. Защитите дефицит ночью.,,needs_human,UI string
Skip today,Пропустить сегодня,,needs_human,UI string
Skipped,Пропущено,,needs_human,UI string
Skipping the recovery step makes today's work more expensive tomorrow.,"Если пропустить восстановление, сегодняшняя работа завтра обойдется дороже.",,needs_human,UI string
Sleep,Сон,睡眠,curated,PRIORITY UI — tabs/onboarding/paywall/coach chrome
Sleep Consistency,Стабильность сна,,needs_human,PRIORITY UI — tabs/onboarding/paywall/coach chrome
Sleep Duration,Длительность сна,,needs_human,PRIORITY UI — tabs/onboarding/paywall/coach chrome
Sleep Routine,Рутина сна,,needs_human,PRIORITY UI — tabs/onboarding/paywall/coach chrome
Sleep Score,Показатель сна,,needs_human,PRIORITY UI — tabs/onboarding/paywall/coach chrome
Sleep Support,Поддержка сна,,needs_human,PRIORITY UI — tabs/onboarding/paywall/coach chrome
Sleep Wind-down,Подготовка ко сну,,needs_human,PRIORITY UI — tabs/onboarding/paywall/coach chrome
Sleep and overnight signals suggest recovery was not fully restored.,"Сон и ночные сигналы показывают, что восстановление было не полным.",,needs_human,PRIORITY UI — tabs/onboarding/paywall/coach chrome
Sleep architecture,Архитектура сна,,needs_human,PRIORITY UI — tabs/onboarding/paywall/coach chrome
Sleep at least 7 hours on 5 of the next 7 nights.,Спите не менее 7 часов 5 из следующих 7 ночей.,,needs_human,PRIORITY UI — tabs/onboarding/paywall/coach chrome
Sleep baseline is low. Restrict training volume today. Avoid high-stimulant caffeine after 14:00.,База сна низкая. Ограничьте тренировочный объем сегодня. Избегайте сильного кофеина после 14:00.,,needs_human,PRIORITY UI — tabs/onboarding/paywall/coach chrome
Sleep baseline needed,Нужен базовый уровень сна,,needs_human,PRIORITY UI — tabs/onboarding/paywall/coach chrome
Sleep comes first,Сначала сон,,needs_human,PRIORITY UI — tabs/onboarding/paywall/coach chrome
Sleep continuity,Непрерывность сна,,needs_human,PRIORITY UI — tabs/onboarding/paywall/coach chrome
Sleep continuity had a visible impact on recovery quality.,Непрерывность сна заметно повлияла на качество восстановления.,,needs_human,PRIORITY UI — tabs/onboarding/paywall/coach chrome
Sleep continuity was fair,Непрерывность сна была удовлетворительной,,needs_human,PRIORITY UI — tabs/onboarding/paywall/coach chrome
Sleep continuity was good,Непрерывность сна была хорошей,,needs_human,PRIORITY UI — tabs/onboarding/paywall/coach chrome
Sleep continuity was interrupted,Сон был прерывистым,,needs_human,PRIORITY UI — tabs/onboarding/paywall/coach chrome
"Sleep continuity was strong, with only limited awake time overnight.","Непрерывность сна была высокой, с небольшим временем бодрствования ночью.",,needs_human,PRIORITY UI — tabs/onboarding/paywall/coach chrome
Sleep data,Данные сна,,needs_human,PRIORITY UI — tabs/onboarding/paywall/coach chrome
Sleep data not appearing?,Данные сна не появляются?,,needs_human,PRIORITY UI — tabs/onboarding/paywall/coach chrome
Sleep duration,Длительность сна,,needs_human,PRIORITY UI — tabs/onboarding/paywall/coach chrome
Sleep duration and sleep structure supported recovery overnight.,Длительность и структура сна поддержали восстановление ночью.,,needs_human,PRIORITY UI — tabs/onboarding/paywall/coach chrome
Sleep duration and sleep structure were supportive overnight.,Длительность и структура сна хорошо поддержали восстановление ночью.,,needs_human,PRIORITY UI — tabs/onboarding/paywall/coach chrome
Sleep duration is below target,Длительность сна ниже цели,,needs_human,PRIORITY UI — tabs/onboarding/paywall/coach chrome
Sleep duration looks supportive relative to your usual target.,Длительность сна выглядит поддерживающей относительно обычной цели.,,needs_human,PRIORITY UI — tabs/onboarding/paywall/coach chrome
"Sleep duration was below target, so recovery may feel less stable today.","Длительность сна была ниже цели, поэтому восстановление сегодня может ощущаться менее стабильным.",,needs_human,PRIORITY UI — tabs/onboarding/paywall/coach chrome
Sleep duration was below your target,Длительность сна была ниже вашей цели,,needs_human,PRIORITY UI — tabs/onboarding/paywall/coach chrome
Sleep duration was sufficient,Длительности сна было достаточно,,needs_human,PRIORITY UI — tabs/onboarding/paywall/coach chrome
"Sleep duration, continuity and sleep structure were supportive overnight.","Длительность, непрерывность и структура сна поддержали восстановление ночью.",,needs_human,PRIORITY UI — tabs/onboarding/paywall/coach chrome
"Sleep has improved recently, which may give recovery more room to stay strong.",Сон недавно улучшился — это может дать восстановлению больше запаса.,,needs_human,PRIORITY UI — tabs/onboarding/paywall/coach chrome
Sleep history is not complete enough to explain recovery yet.,"Истории сна пока недостаточно, чтобы объяснить восстановление.",,needs_human,PRIORITY UI — tabs/onboarding/paywall/coach chrome
"Sleep is %.1fh vs a 7h target, but recovery has not dropped.","Сон %.1f ч при цели 7 ч, но восстановление не упало.",,needs_human,PRIORITY UI — tabs/onboarding/paywall/coach chrome
Sleep is at the level that supports recovery.,"Сон на уровне, который поддерживает восстановление.",,needs_human,PRIORITY UI — tabs/onboarding/paywall/coach chrome
Sleep is becoming a stable base,Сон становится стабильной базой,,needs_human,PRIORITY UI — tabs/onboarding/paywall/coach chrome
Sleep is below the level needed to protect recovery.,"Сон ниже уровня, необходимого для защиты восстановления.",,needs_human,PRIORITY UI — tabs/onboarding/paywall/coach chrome
Sleep is consistent enough to support recovery rather than explain current problems.,"Сон достаточно стабилен, чтобы поддерживать восстановление, а не объяснять текущие проблемы.",,needs_human,PRIORITY UI — tabs/onboarding/paywall/coach chrome
Sleep is the clearest recovery lever,Сон — самый явный рычаг восстановления,,needs_human,PRIORITY UI — tabs/onboarding/paywall/coach chrome
Sleep is the limiter.,Сон ограничивает готовность.,,needs_human,PRIORITY UI — tabs/onboarding/paywall/coach chrome
Sleep is the main opportunity to protect recovery.,Сон — главная возможность защитить восстановление.,,needs_human,PRIORITY UI — tabs/onboarding/paywall/coach chrome
Sleep is the next bottleneck to test,Сон — следующее узкое место для проверки,,needs_human,PRIORITY UI — tabs/onboarding/paywall/coach chrome
Sleep is the priority. Nothing else competes.,Сон — приоритет. Ничто другое не конкурирует.,,needs_human,PRIORITY UI — tabs/onboarding/paywall/coach chrome
Sleep is the useful intervention.,Самый полезный шаг — сон.,,needs_human,PRIORITY UI — tabs/onboarding/paywall/coach chrome
Sleep is your workout now.,Сон — ваша тренировка сейчас.,,needs_human,PRIORITY UI — tabs/onboarding/paywall/coach chrome
Sleep leads recovery,Сон сейчас решает больше всего,,needs_human,PRIORITY UI — tabs/onboarding/paywall/coach chrome
Sleep leads today,Сегодня главное — сон,,needs_human,PRIORITY UI — tabs/onboarding/paywall/coach chrome
Sleep looks supportive,Сон выглядит поддерживающим,,needs_human,PRIORITY UI — tabs/onboarding/paywall/coach chrome
Sleep or recovery is limiting the day. Keep %@ flexible and let the warm-up decide intensity.,Сон или восстановление ограничивают день. Оставьте %@ гибкой и пусть разминка решит интенсивность.,,needs_human,PRIORITY UI — tabs/onboarding/paywall/coach chrome
Sleep preparation is the highest-value move now.,Сейчас самый ценный шаг — подготовиться ко сну.,,needs_human,PRIORITY UI — tabs/onboarding/paywall/coach chrome
Sleep quality,Качество сна,,needs_human,PRIORITY UI — tabs/onboarding/paywall/coach chrome
Sleep ready,Подготовка ко сну,,needs_human,PRIORITY UI — tabs/onboarding/paywall/coach chrome
Sleep remains below target often enough that it is the clearest bottleneck to test next.,Сон часто ниже цели — это самое явное узкое место для проверки.,,needs_human,PRIORITY UI — tabs/onboarding/paywall/coach chrome
Sleep schedule became more consistent,Расписание сна стало стабильнее,,needs_human,PRIORITY UI — tabs/onboarding/paywall/coach chrome
"Sleep schedule was uneven, but the monthly pattern still held","Расписание сна было неровным, но месячный паттерн удержался",,needs_human,PRIORITY UI — tabs/onboarding/paywall/coach chrome
Sleep score %d,Оценка сна %d,,needs_human,PRIORITY UI — tabs/onboarding/paywall/coach chrome
Sleep setup help,Помощь с настройкой сна,,needs_human,PRIORITY UI — tabs/onboarding/paywall/coach chrome
Sleep shorter than usual,Сон короче обычного,,needs_human,PRIORITY UI — tabs/onboarding/paywall/coach chrome
Sleep stages and recovery insights may take a few valid nights before they appear consistently.,Стадии сна и выводы о восстановлении могут начать стабильно появляться после нескольких корректно записанных ночей.,,needs_human,PRIORITY UI — tabs/onboarding/paywall/coach chrome
Sleep stayed inside a healthy range.,Сон оставался в здоровом диапазоне.,,needs_human,PRIORITY UI — tabs/onboarding/paywall/coach chrome
"Sleep structure was lighter than ideal, which may limit recovery today.","Структура сна была легче идеальной, что может ограничить восстановление сегодня.",,needs_human,PRIORITY UI — tabs/onboarding/paywall/coach chrome
Sleep support,Поддержка сна,,needs_human,PRIORITY UI — tabs/onboarding/paywall/coach chrome
Sleep supports recovery,Сон поддерживает восстановление,,needs_human,PRIORITY UI — tabs/onboarding/paywall/coach chrome
Sleep supports the day.,Сон поддерживает день.,,needs_human,PRIORITY UI — tabs/onboarding/paywall/coach chrome
Sleep timing stayed consistent,Время сна оставалось стабильным,,needs_human,PRIORITY UI — tabs/onboarding/paywall/coach chrome
"Sleep usually appears only when Apple Health has sleep data available. On iPhone, Sleep Focus or another sleep tracker may be needed.","Сон обычно появляется только тогда, когда в Apple Health есть данные сна. На iPhone может понадобиться Фокус сна или другой трекер сна.",,needs_human,PRIORITY UI — tabs/onboarding/paywall/coach chrome
Sleep variability is the main reason recovery looks less predictable.,"Изменчивость сна — главная причина, почему восстановление выглядит менее предсказуемым.",,needs_human,PRIORITY UI — tabs/onboarding/paywall/coach chrome
Sleep was shorter than needed and recovery signals need support. Keep intensity lower and wind down earlier.,"Сна было меньше, чем нужно. Снизьте интенсивность и начните завершать день раньше.",,needs_human,PRIORITY UI — tabs/onboarding/paywall/coach chrome
Sleep was shorter than needed.,"Сна было меньше, чем нужно.",,needs_human,PRIORITY UI — tabs/onboarding/paywall/coach chrome
Sleep was shorter than needed. Keep meals steady and avoid pushing workout intensity today.,"Сна было меньше, чем нужно. Ешьте ровно и не давите интенсивность сегодня.",,needs_human,PRIORITY UI — tabs/onboarding/paywall/coach chrome
"Sleep was somewhat below target, with a modest effect on strain.",Сон был немного ниже цели и умеренно повлиял на нагрузку.,,needs_human,PRIORITY UI — tabs/onboarding/paywall/coach chrome
"Sleep was useful, but recovery signals were not fully optimal.","Сон был полезным, но сигналы восстановления не были полностью оптимальными.",,needs_human,PRIORITY UI — tabs/onboarding/paywall/coach chrome
"Sleep was very low, so this recovery block should stay easy and help you downshift for tonight.","Сна было очень мало, поэтому этот восстановительный блок должен остаться легким и помочь вам замедлиться к вечеру.",,needs_human,PRIORITY UI — tabs/onboarding/paywall/coach chrome
Sleep was very short and your body carries extra load.,"Сон был очень коротким, и тело несет дополнительную нагрузку.",,needs_human,PRIORITY UI — tabs/onboarding/paywall/coach chrome
Sleep • Mobility • Easy walk,Сон • мобилити • легкая прогулка,,needs_human,PRIORITY UI — tabs/onboarding/paywall/coach chrome
"Sleep, HRV and resting heart rate stayed aligned enough to support your routine.","Сон, ВСР и пульс покоя оставались достаточно согласованными для поддержки вашего режима.",,needs_human,PRIORITY UI — tabs/onboarding/paywall/coach chrome
"Sleep, HRV, and resting heart rate were available with enough baseline history.","Доступны сон, ВСР и пульс в покое с достаточной историей базовых значений.",,needs_human,PRIORITY UI — tabs/onboarding/paywall/coach chrome
"Sleep, food, training","Сон, еда, тренировки",,needs_human,PRIORITY UI — tabs/onboarding/paywall/coach chrome
"Sleep, meals, drinks and training are enough to start.","Сна, еды, напитков и тренировок достаточно для начала.",,needs_human,PRIORITY UI — tabs/onboarding/paywall/coach chrome
"Sleep, readiness and what recovery looks like today.","Сон, готовность и как выглядит восстановление сегодня.",,needs_human,PRIORITY UI — tabs/onboarding/paywall/coach chrome
"Sleep, recovery, and recent load line up well, and there is no planned session competing for energy.","Сон, самочувствие и недавняя нагрузка выглядят хорошо, и нет запланированной тренировки, которая забирает энергию.",,needs_human,PRIORITY UI — tabs/onboarding/paywall/coach chrome
"Sleep, recovery, heart signals, and activity help WeekFit match today to how your body is doing.","Сон, восстановление, сердечные сигналы и активность помогают WeekFit подстроить день под то, как себя чувствует тело.",,needs_human,PRIORITY UI — tabs/onboarding/paywall/coach chrome
"Sleep, recovery, nutrition, hydration and activity become smarter with consistent logs.","Сон, восстановление, питание, гидратация и активность становятся точнее при последовательных записях.",,needs_human,PRIORITY UI — tabs/onboarding/paywall/coach chrome
"Sleep, workouts and recovery are connected.","Сон, тренировки и восстановление подключены.",,needs_human,PRIORITY UI — tabs/onboarding/paywall/coach chrome
"Sleep, workouts and recovery connected.","Сон, тренировки и восстановление подключены.",,needs_human,PRIORITY UI — tabs/onboarding/paywall/coach chrome
Sleep: %.1f h,Сон: %.1f ч,,needs_human,PRIORITY UI — tabs/onboarding/paywall/coach chrome
Sleep: —,Сон: —,,needs_human,PRIORITY UI — tabs/onboarding/paywall/coach chrome
Sleepiness,Сонливость,,needs_human,PRIORITY UI — tabs/onboarding/paywall/coach chrome
Slept more than 8 hours,Спали более 8 часов,,needs_human,UI string
Slice the avocado and fan it over the cottage cheese.,Нарежьте авокадо и разложите веером поверх творога.,,needs_human,UI string
Slice the salmon into thin pieces about the width of two fingers.,Нарежьте лосось тонкими ломтиками шириной примерно с два пальца.,,needs_human,UI string
Slow down between rallies,Замедляйтесь между розыгрышами,,needs_human,UI string
"Slow down plain water and focus on minerals, protein and recovery.","Сбавьте обычную воду и сейчас важнее  минералах, белке и восстановлении.",,needs_human,UI string
Slow everything down,Замедлите все,,needs_human,UI string
Small actions should be acknowledged without pretending they created a major recovery need.,"Маленькие действия стоит учитывать, но не делать вид, что они создали большую потребность в восстановлении.",,needs_human,UI string
Small adjustments today beat stacking load later.,"Небольшие корректировки сегодня лучше, чем копить нагрузку позже.",,needs_human,UI string
Small hydration,Немного гидратации,,needs_human,UI string
Small metabolic flush,Небольшая метаболическая разгрузка,,needs_human,UI string
Small recovery tasks you can finish in minutes.,"Небольшие задачи восстановления, которые можно сделать за несколько минут.",,needs_human,UI string
Small routines that keep the day on track,"Небольшие рутины, которые держат день в ритме",,needs_human,UI string
Small session logged,Легкая активность записана,,needs_human,UI string
Small sip only if thirsty,Небольшой глоток только при жажде,,needs_human,UI string
Small sips are enough,Достаточно небольших глотков,,needs_human,UI string
Small steady sips are enough to start,Для начала хватит нескольких спокойных глотков,,needs_human,UI string
Small steps today beat stacking load later.,"Небольшие шаги сегодня лучше, чем копить нагрузку позже.",,needs_human,UI string
Small surplus with extra protein,Небольшой профицит и больше белка,,needs_human,UI string
"Small, steady moves beat catching up later.","Спокойные шаги лучше, чем догонять потом.",,needs_human,UI string
Smarter coaching,Умный тренер,,needs_human,UI string
Smarter daily plan,Более точный план на день,,needs_human,UI string
Smarter daily planning,Умное планирование дня,,needs_human,UI string
Smooth digestion,Мягкое пищеварение,,needs_human,UI string
Snack,Перекус,,needs_human,UI string
Snacks,Перекусы,,needs_human,UI string
So WeekFit can notice how your body changes — automatically.,"Чтобы WeekFit замечал, как меняется тело — автоматически.",,needs_human,UI string
"Soft-boil the eggs, then halve them.",Сварите яйца всмятку и разрежьте пополам.,,needs_human,UI string
Solid Load,Устойчивая нагрузка,,needs_human,UI string
Solid execution,Хорошее выполнение,,needs_human,UI string
Solid sleep,Хороший сон,,needs_human,UI string
Some adjustments couldn’t apply,Часть правок не удалось применить,,needs_human,UI string
"Some features may be limited, unavailable, or less accurate if Apple Health access is not granted, if Apple Watch is not used, or if the underlying data is missing, delayed, incomplete, or inaccurate.","Некоторые функции могут быть ограничены, недоступны или менее точны, если доступ к Apple Health не предоставлен, Apple Watch не используется или исходные данные отсутствуют, задерживаются, неполные или неточные.",,needs_human,UI string
Some nutrition values are missing.,Некоторые значения питания отсутствуют.,,needs_human,UI string
"Some physiology is personalized, but baseline history or signals are still limited.","Часть показателей персонализирована, но базовые данные или сигналы ещё ограничены.",,needs_human,UI string
Some protein after training may help recovery.,Белок после тренировки поможет восстановиться.,,needs_human,UI string
Some scheduled tasks passed without updates. Mark them completed or skipped so the coach can adapt.,"Некоторые запланированные задачи прошли без обновлений. Отметьте их выполненными или пропущенными, чтобы Тренер адаптировал день.",,needs_human,UI string
Some signals are connected. A few sources still need attention.,Часть сигналов подключена. Некоторые источники еще требуют внимания.,,needs_human,UI string
"Some strain appears present. If Recovery still looks solid, consider a controlled session rather than pushing hard.","Есть некоторая нагрузка. Если восстановление всё ещё выглядит уверенным, рассмотрите контролируемую тренировку вместо максимальной.",,needs_human,UI string
Something broken or confusing,Что-то сломано или непонятно,,needs_human,UI string
Something not working right? Reach out anytime.,Что-то работает не так? Напишите нам в любое время.,,needs_human,UI string
Something went wrong while reading your activity data. Try again.,Не удалось прочитать данные активности. Попробуйте ещё раз.,,needs_human,UI string
Something went wrong. Try again.,Что-то пошло не так. Попробуйте ещё раз.,,needs_human,UI string
Sore muscles,Болят мышцы,,needs_human,UI string
Sort: A–Z,Сорт.: А–Я,,needs_human,UI string
Sort: Z–A,Сорт.: Я–А,,needs_human,UI string
Spend ten minutes resting away from screens. Choose a comfortable setting — no special technique required.,Десять минут отдыха без экранов. Выбери удобную обстановку — особая техника не нужна.,,needs_human,UI string
Spend the final 15 minutes before bed without using your phone.,Проведи последние 15 минут перед сном без телефона.,,needs_human,UI string
Spend the final 15 minutes before bed without your phone again.,Снова проведи последние 15 минут перед сном без телефона.,,needs_human,UI string
Spending a strong day on random activity that creates fatigue without purpose.,"Потратить сильный день на случайную активность, которая создает усталость без цели.",,needs_human,UI string
Spending the effort you still need for %@.,"Потратить усилие, которое еще нужно для %@.",,needs_human,UI string
Spicy Tuna Roll,Острый ролл с тунцом,,needs_human,UI string
Spin or walk easy for 5–10 minutes,Легко покрутите педали или пройдитесь 5–10 минут,,needs_human,UI string
Spin or walk easy for a few minutes,Легко покрутите педали или походите несколько минут,,needs_human,UI string
Spinach,Шпинат,,needs_human,UI string
Spoon the Greek yogurt into a bowl and smooth the surface.,Выложите греческий йогурт в миску и разровняйте поверхность.,,needs_human,UI string
Spoon the bean–tomato mix over the eggs and serve hot.,Выложите смесь фасоли с помидорами поверх яиц и подавайте горячим.,,needs_human,UI string
Spoon the oatmeal into a bowl and place the eggs on top while both are warm.,"Выложите овсянку в миску и сверху положите яйца, пока всё ещё тёплое.",,needs_human,UI string
Spread a generous layer of cottage cheese over the toast.,Намажьте на тост щедрый слой творога.,,needs_human,UI string
Spread rice over nori and add cucumber strips plus the spicy tuna filling.,"Распределите рис по нори, добавьте полоски огурца и начинку из острого тунца.",,needs_human,UI string
Spread training across more days,Распределить тренировки по большему числу дней,,needs_human,UI string
Squash,Сквош,,needs_human,UI string
Squash complete,Сквош завершен,,needs_human,UI string
Stabilize recovery before increasing load.,Стабилизируйте восстановление перед увеличением нагрузки.,,needs_human,UI string
Stabilize the driver before adding load,Стабилизируйте фактор перед добавлением нагрузки,,needs_human,UI string
Stable HRV,Стабильный HRV,,needs_human,UI string
Stable resting HR,Стабильный пульс в покое,,needs_human,UI string
Stand,Стоя,,needs_human,UI string
Start,Начать,,needs_human,UI string
Start %d-Day Free Trial,Начать %d-дневный пробный период,,needs_human,UI string
Start Activity,Начать активность,,needs_human,UI string
Start Demo,Начать демо,,needs_human,UI string
Start Planning,Начать планирование,,needs_human,UI string
Start a new conversation,Начать новый разговор,,needs_human,UI string
Start a walk or activity,Запустите прогулку или активность,,needs_human,UI string
Start a workout or recovery activity anytime.,В любой момент запускайте тренировку или восстановление.,,needs_human,UI string
Start activities,Активности,,needs_human,UI string
Start activities and log food from Today — Plan and Meals keep them ready.,Старт активности и лог еды — на Today. План и Питание держат их готовыми.,,needs_human,UI string
Start activity,Активность,,needs_human,UI string
Start an activity,Начать активность,,needs_human,UI string
Start below target pace,Начните ниже целевого темпа,,needs_human,UI string
Start below your ceiling,Начните ниже своего потолка,,needs_human,UI string
Start building better routines.,Начните строить более здоровые привычки.,,needs_human,UI string
Start by creating a reliable workload trend.,Начните с создания надёжного тренда нагрузки.,,needs_human,UI string
"Start by logging food, drinks or activity. Connect Apple Health anytime to make guidance more personal.","Начните с лога еды, напитков или активности. Apple Health можно подключить позже — подсказки станут личнее.",,needs_human,UI string
Start calm before heat,Перед теплом начните спокойно,,needs_human,UI string
Start clean. Coach will sharpen as Health settles.,"Начните спокойно. Тренер уточнит, когда Health подтянется.",,needs_human,UI string
Start day,Начать день,,needs_human,UI string
Start easier than usual and keep intensity flexible.,Начните легче обычного и оставьте интенсивность гибкой.,,needs_human,UI string
Start easy,Начните легко,,needs_human,UI string
Start easy and keep fluids available before the session.,Начните легко и держите воду под рукой перед тренировкой.,,needs_human,UI string
Start easy for 10 min,Начните легко на 10 мин,,needs_human,UI string
Start easy today,Начните легко сегодня,,needs_human,UI string
"Start easy, stay steady and keep this block aligned with the plan.","Начните легко, держитесь ровно и следуйте плану в этом блоке.",,needs_human,UI string
Start easy.,Начните легко.,,needs_human,UI string
Start endurance easy,Начните выносливость легко,,needs_human,UI string
Start fresh tomorrow,Завтра начните свежим,,needs_human,UI string
Start gently before going deeper,"Начните мягко, потом углубляйтесь",,needs_human,UI string
Start light this morning. Keep hydration steady and avoid pushing intensity before your first meal.,Начните утро легче. Пейте ровно и не давите интенсивность до первого приема пищи.,,needs_human,UI string
Start my 7 days,Начать мои 7 дней,,needs_human,UI string
Start now,Начать сейчас,,needs_human,UI string
Start recovery now,Начните восстанавливаться сейчас,,needs_human,UI string
Start recovery or mobility work gently.,Восстановление или мобилити начните мягко.,,needs_human,UI string
Start simple,Начните просто,,needs_human,UI string
Start slower than you think,"Начните медленнее, чем кажется нужным",,needs_human,UI string
Start slower than you want to and build only if the body feels good.,"Начните медленнее, чем хочется, и ускоряйтесь только если тело чувствует себя хорошо.",,needs_human,UI string
Start the first 10 min easy,Первые 10 минут начните легко,,needs_human,UI string
Start winding down,Начните замедляться,,needs_human,UI string
Start winding down at a chosen time,Начинать спокойное завершение дня в выбранное время,,needs_human,UI string
Start with 300-500 ml,Начните с 300–500 мл,,needs_human,UI string
Start with Apple Health,Начните с Apple Health,,needs_human,UI string
Start with a base,Начните с основы,,needs_human,UI string
Start with a high-protein breakfast.,Начните с завтрака с высоким белком.,,needs_human,UI string
Start with a log or activity. Connect Apple Health anytime.,Начните с лога или активности. Apple Health можно подключить позже.,,needs_human,UI string
Start with consistent meal logging.,Начните со стабильной записи блюд.,,needs_human,UI string
Start with lighter warm-up sets,Начните с более легких разминочных подходов,,needs_human,UI string
Start with one consistent week.,Начните с одной последовательной недели.,,needs_human,UI string
Start with the basics,Начните с базы,,needs_human,UI string
Start with usable energy.,Начните с доступной энергией.,,needs_human,UI string
Start with what you know.,"Начните с того, что знаете.",,needs_human,UI string
"Start with workouts, then add recovery, meals, hydration, and sleep routines around them. Keep the plan realistic and sustainable.","Начните с тренировок, затем добавьте вокруг них восстановление, питание, воду и рутины сна. Держите план реалистичным и устойчивым.",,needs_human,UI string
Start with your body.,Начните с тела.,,needs_human,UI string
Start your wind-down routine at your chosen time.,Начните спокойное завершение дня в выбранное время.,,needs_human,UI string
Started %@,Начало %@,,needs_human,UI string
Started today,Началось сегодня,,needs_human,UI string
Starting fluids early fixes the limiter without turning the whole day into a target chase.,"Если начать пить раньше, проблема решится без погони за цифрами весь день.",,needs_human,UI string
Starting hydrated usually feels better,"Когда воды достаточно с самого начала, обычно легче",,needs_human,UI string
Starting the %@ dehydrated and waiting until the session to eat.,"Начать %@ без воды и ждать тренировки, чтобы поесть.",,needs_human,UI string
Starting the %@ dry and trying to catch up during the session.,Начать %@ без воды и пытаться догонять уже во время тренировки.,,needs_human,UI string
Starting the %@ dry even though food is already handled.,"Начать %@ без воды, хотя еда уже закрыта.",,needs_human,UI string
Starting the session under-fueled.,Начать тренировку без достаточной энергии.,,needs_human,UI string
Starting too hard before the meal settles.,"Начать слишком тяжело до того, как еда улеглась.",,needs_human,UI string
Starting under-fueled and dry makes the same workout cost more.,Старт без еды и воды делает ту же тренировку тяжелее.,,needs_human,UI string
Starts account deletion. Requires confirmation.,Начинает удаление аккаунта. Требуется подтверждение.,,needs_human,UI string
Starts in %lld min,Через %lld мин,,needs_human,UI string
Status,Статус,,needs_human,UI string
Stay Consistent,Держите ритм,,needs_human,UI string
Stay With It,Продолжайте,,needs_human,UI string
Stay aerobic,Оставайтесь в аэробном режиме,,needs_human,UI string
Stay ahead of fatigue,Опережайте усталость,,needs_human,UI string
Stay below discomfort,Оставайтесь ниже дискомфорта,,needs_human,UI string
Stay below effort and finish feeling better than when you started.,"Держитесь ниже тяжелого усилия и завершите лучше, чем начинали.",,needs_human,UI string
Stay below max effort,Оставайтесь ниже максимального усилия,,needs_human,UI string
Stay below strain,Оставайтесь ниже напряжения,,needs_human,UI string
Stay below threshold and keep pace sustainable.,Оставайтесь ниже порога и держите устойчивый темп.,,needs_human,UI string
Stay calm,Оставайтесь спокойны,,needs_human,UI string
Stay calm now and protect the downshift you created.,"Сейчас сохраняйте спокойствие и защитите замедление, которое создали.",,needs_human,UI string
Stay comfortable,Оставайтесь в комфорте,,needs_human,UI string
Stay comfortable and end the block before it starts feeling stressful.,Оставайтесь в комфорте и завершите блок до стресса.,,needs_human,UI string
Stay comfortable early,В начале оставайтесь в комфорте,,needs_human,UI string
Stay comfortable instead of chasing effort,"Оставайтесь в комфорте, не гонитесь за усилием",,needs_human,UI string
Stay consistent,Сохраняйте стабильность,,needs_human,UI string
"Stay consistent with food, water, and movement","Держите стабильными еду, воду и движение",,needs_human,UI string
Stay controlled,Держите контроль,,needs_human,UI string
Stay controlled and avoid unnecessary fatigue.,Держите контроль и избегайте лишней усталости.,,needs_human,UI string
Stay conversational,Держите разговорный темп.,,needs_human,UI string
Stay easy and comfortable,Оставайтесь легко и комфортно,,needs_human,UI string
Stay efficient,Двигайтесь эффективно,,needs_human,UI string
Stay flexible today,Оставайтесь гибкими сегодня,,needs_human,UI string
Stay gentle,Держите мягко,,needs_human,UI string
Stay healthy,Оставаться здоровым,,needs_human,UI string
Stay hydrated,Гидратация,,needs_human,UI string
Stay hydrated after today's activity.,Пейте воду после сегодняшней активности.,,needs_human,UI string
Stay light on footwork,Двигайтесь ногами легко,,needs_human,UI string
Stay light on your feet,Оставайтесь легкими на ногах,,needs_human,UI string
Stay loose,Оставайтесь расслабленно,,needs_human,UI string
Stay loose without adding more load,Разомнитесь без лишней нагрузки,,needs_human,UI string
Stay moderate,Оставайтесь умеренно,,needs_human,UI string
Stay on plan through the afternoon.,Держитесь плана до вечера.,,needs_human,UI string
Stay on track,Держитесь плана,,needs_human,UI string
Stay present,Будьте в моменте,,needs_human,UI string
Stay relaxed,Оставайтесь расслабленными.,,needs_human,UI string
Stay relaxed between points and focus on consistency before intensity.,"Расслабляйтесь между очками — сначала стабильность, потом интенсивность.",,needs_human,UI string
Stay repeatable before fatigue builds. Quality reps matter more than forcing intensity.,Сохраняйте повторяемость до накопления усталости. Качественные повторы важнее форсирования интенсивности.,,needs_human,UI string
Stay smooth,Держите плавно,,needs_human,UI string
Stay steady,Держитесь ровно,,needs_human,UI string
Stay steady and keep the session under control.,Держитесь ровно и сохраняйте тренировку под контролем.,,needs_human,UI string
Stay steady with fluids,Пейте ровно,,needs_human,UI string
"Stay steady —
as your day changes.","Держите баланс —
пока день меняется.",,needs_human,UI string
Stay with it,Оставайтесь в процессе,,needs_human,UI string
Stay with the effort you can repeat rather than chasing numbers.,"Держите усилие, которое можете повторить, а не гонитесь за цифрами.",,needs_human,UI string
Stay with the routine,Оставайтесь в рутине,,needs_human,UI string
Stay within a comfortable range. Do not force depth or intensity.,Оставайтесь в комфортной амплитуде. Не форсируйте глубину или интенсивность.,,needs_human,UI string
Stay within the plan,Следуйте плану.,,needs_human,UI string
Steady,Стабильно,平稳,curated,UI string
Steady balanced choice for this part of the day,Ровный сбалансированный выбор для этого времени дня,,needs_human,UI string
Steady day,Спокойный день,,needs_human,UI string
Steady protein support,Стабильная поддержка белком,,needs_human,UI string
Steady routine slot,Стабильное окно рутины,,needs_human,UI string
Steady sleep duration,Стабильная продолжительность сна,,needs_human,UI string
Steam or quickly sauté the broccoli until bright green and tender-crisp.,Приготовьте брокколи на пару или быстро обжарьте до ярко-зелёного цвета и лёгкого хруста.,,needs_human,UI string
Step %lld of %lld,Шаг %lld из %lld,,needs_human,UI string
Steps,Шаги,步数,draft_mt,UI string
Still no data?,Все еще нет данных?,,needs_human,UI string
Stir-fry the bok choy until the stems soften and the leaves just wilt.,"Обжарьте пак-чой, пока стебли не смягчатся, а листья слегка не привянут.",,needs_human,UI string
Stop Eating,Остановитесь с едой,,needs_human,UI string
Stop before fatigue spikes,Остановитесь до резкого роста усталости,,needs_human,UI string
Stop before form drops,Остановитесь до ухудшения техники,,needs_human,UI string
Stop before heat becomes work,"Остановитесь, пока жара не стала работой",,needs_human,UI string
Stop before it becomes work,"Остановитесь, пока это не стало работой",,needs_human,UI string
Stop before it feels stressful,Остановитесь до ощущения стресса,,needs_human,UI string
Stop before technique breaks down,Остановитесь до развала техники,,needs_human,UI string
Stop forcing the pattern if breathing feels strained.,"Перестаньте форсировать ритм, если дыхание становится напряженным.",,needs_human,UI string
Stop guessing.,Хватит гадать.,,needs_human,UI string
Stop if symptoms show up,"Остановитесь, если почувствуете себя плохо.",,needs_human,UI string
Stop the session clock. Tomorrow's sets matter more.,Закройте тренировочный день. Завтрашние подходы важнее.,,needs_human,UI string
Strain is estimated from available recovery signals.,Нагрузка оценивается по доступным сигналам восстановления.,,needs_human,UI string
Strain is high — prioritize recovery cues today.,Нагрузка высокая — сегодня лучше прислушаться к восстановлению.,,needs_human,UI string
Strain is slightly above your usual calm range.,Нагрузка немного выше вашего обычного спокойного диапазона.,,needs_human,UI string
Strain looks calm relative to your recent pattern.,Нагрузка выглядит спокойной относительно вашего недавнего паттерна.,,needs_human,UI string
Strain looks calm relative to your usual pattern. Keep Recovery Score as the main readiness signal.,Нагрузка выглядит спокойной относительно вашего обычного паттерна. Ориентируйтесь на оценку восстановления как главный сигнал готовности.,,needs_human,UI string
Strawberries,Клубника,,needs_human,UI string
Strength,Сила,,needs_human,UI string
Strength Workout,Силовая,,needs_human,UI string
Strength focus,Силовой акцент,,needs_human,UI string
Strength session,Силовая,,needs_human,UI string
Strength · 45 min,Силовая · 45 мин,,needs_human,UI string
Strength → Tomorrow,Сила → Завтра,,needs_human,UI string
Stress Index,Индекс нагрузки,,needs_human,UI string
Stress Index combines available signals such as %@. Each signal is compared with your own recent baseline rather than population averages.,"Индекс нагрузки объединяет доступные сигналы, такие как %@. Каждый сигнал сравнивается с вашим собственным недавним базовым уровнем, а не со средними по популяции.",,needs_human,UI string
Stress Index estimates physiological strain from available health and activity signals relative to your personal baselines. Higher values generally mean greater detected strain; they are not the inverse of Recovery Score.,Индекс нагрузки оценивает физиологическую нагрузку по доступным сигналам здоровья и активности относительно ваших личных базовых уровней. Более высокие значения обычно означают большую обнаруженную нагрузку; это не обратная величина оценки восстановления.,,needs_human,UI string
Stress Index estimates physiological strain from available health and activity signals. It is not a medical diagnosis.,Индекс нагрузки оценивает физиологическую нагрузку по доступным сигналам здоровья и активности. Это не медицинский диагноз.,,needs_human,UI string
Stress Index estimates physiological strain from your own recent health signals. Wear Apple Watch consistently so WeekFit can learn your personal baseline.,"Индекс нагрузки оценивает физиологическую нагрузку по вашим недавним сигналам здоровья. Носите Apple Watch регулярно, чтобы WeekFit мог сформировать ваш личный базовый уровень.",,needs_human,UI string
Stress may feel lower,Стресс может ощущаться ниже.,,needs_human,UI string
"Stress signals are calm, but recovery is limited by sleep or accumulated fatigue.","Сигналы нагрузки спокойны, но восстановление ограничено сном или накопленной усталостью.",,needs_human,UI string
"Stretch, breathe, or move lightly—stay within what feels good today.","Растяжка, дыхание или лёгкое движение — в комфортных пределах на сегодня.",,needs_human,UI string
Stretching,Растяжка,拉伸,curated,UI string
Strong,Хорошо,,needs_human,UI string
Strong consistency,Сильная стабильность,,needs_human,UI string
Strong energy window,Окно сильной энергии,,needs_human,UI string
Strong protein base,Хорошая белковая база,,needs_human,UI string
Strong recovery,Сильное восстановление,,needs_human,UI string
Strong recovery day,Сильный день восстановления,,needs_human,UI string
Strong sleep recovery,Сильное восстановление сна,,needs_human,UI string
Strong wind today — choose sheltered routes if you stay outdoors.,"Сегодня сильный ветер — выбирайте укрытые маршруты, если остаётесь на улице.",,needs_human,UI string
Strongest activity,Самая сильная активность,,needs_human,UI string
Strongest signal: %@.,Самый сильный сигнал: %@.,,needs_human,UI string
Subscription active,Подписка активна,,needs_human,UI string
Subscription ending,Подписка скоро закончится,,needs_human,UI string
Subscription options,Варианты подписки,,needs_human,UI string
Suggest a feature,Предложить функцию,,needs_human,UI string
Suggested,Рекомендовано,,needs_human,UI string
Suggested focus,Предлагаемый фокус,,needs_human,UI string
Suggested meals for today,Рекомендованные приемы пищи на сегодня,,needs_human,UI string
Suggested time,Предложенное время,,needs_human,UI string
Support,Поддержка,,needs_human,UI string
Support Signals,Поддерживающие сигналы,,needs_human,UI string
Support is rising but still has a limiter.,"Поддержка растёт, но всё ещё имеет ограничитель.",,needs_human,UI string
Support recovery and keep momentum,Восстанавливайтесь спокойно и сохраняйте ритм,,needs_human,UI string
Support recovery and the rest of the day,Помогите телу восстановиться и спокойно пройти день,,needs_human,UI string
Support recovery and training quality,Дайте себе восстановиться и сохранить качество,,needs_human,UI string
Support the basics before training,Закройте базу перед тренировкой,,needs_human,UI string
Support the next block,Подготовьте следующий блок,,needs_human,UI string
Support the next effort,Подготовьте следующее усилие,,needs_human,UI string
Support the planned work,Подготовьтесь к запланированной работе,,needs_human,UI string
Support the work already done,Дайте сделанной работе усвоиться,,needs_human,UI string
Supports recovery,Поддерживает восстановление,,needs_human,UI string
Sustainable load,Устойчивая нагрузка,,needs_human,UI string
Sustainable progress,Устойчивый прогресс,,needs_human,UI string
Swap intensity for recovery,Замените интенсивность восстановлением,,needs_human,UI string
Swim,Плавание,,needs_human,UI string
Swimming,Плавание,,needs_human,UI string
Switching account,Смена аккаунта,,needs_human,UI string
Sync Health to personalize your day,"Синхронизируйте Health, чтобы персонализировать день",,needs_human,UI string
Synced,Завершена,,needs_human,UI string
Synced from %@,Синхронизировано из %@,,needs_human,UI string
Synced means the activity came from Apple Health or Apple Watch and was automatically added to your plan.,"Синхронизировано означает, что активность пришла из Apple Health или Apple Watch и была автоматически добавлена в план.",,needs_human,UI string
Syncing sleep,Синхронизирую сон,,needs_human,UI string
System,Системная,,needs_human,UI string
System Rest Required,Нужен отдых,,needs_human,UI string
System load is high. Avoid more food and protect recovery tonight.,Нагрузка высокая. Не добавляйте еду без голода и дайте себе восстановиться вечером.,,needs_human,UI string
"System load is high. Keep food light, hydrate steadily, and recover.","Нагрузка высокая. Держите еду легкой, пейте ровно и отдыхайте.",,needs_human,UI string
Systemic nervous recovery is reduced. Shifting intensity downward or tactical stretching is highly advised.,Восстановление нервной системы снижено. Лучше снизить интенсивность или добавить мягкую растяжку.,,needs_human,UI string
"TDEE (Total Daily Energy Expenditure) combines your base metabolism with movement, workouts, and daily activity to estimate your daily energy needs.","TDEE (общий дневной расход энергии) объединяет базовый обмен, движение, тренировки и дневную активность, чтобы оценить дневную потребность в энергии.",,needs_human,UI string
THIS WEEK,ЭТА НЕДЕЛЯ,,needs_human,UI string
TIME IN ZONES,ВРЕМЯ В ЗОНАХ,,needs_human,UI string
TODAY'S MATCH,СЕГОДНЯШНЕЕ СОВПАДЕНИЕ,,needs_human,PRIORITY UI — tabs/onboarding/paywall/coach chrome
TRAIN WITH CONFIDENCE.,ТРЕНИРУЙТЕСЬ УВЕРЕННО.,,needs_human,UI string
TRAINING & RECOVERY,ТРЕНИРОВКИ И ВОССТАНОВЛЕНИЕ,,needs_human,UI string
TREND,ТРЕНД,,needs_human,UI string
Take Photo,Сделать фото,,needs_human,UI string
Take a banana if energy is low,"Возьмите банан, если мало энергии",,needs_human,UI string
"Take a comfortable 15-minute walk, or choose an accessible movement alternative. Shorter sessions can add up to 15 minutes.",Комфортная прогулка 15 минут или доступная альтернатива. Короткие сессии можно сложить до 15 минут.,,needs_human,UI string
Take a few minutes away from stress and let the nervous system settle.,Отойдите от стресса на несколько минут и дайте нервной системе успокоиться.,,needs_human,UI string
Take a moment to drink some water.,Сделайте паузу и выпейте воды.,,needs_human,UI string
Take a movement break,Сделай паузу на движение,,needs_human,UI string
Take a photo of the product or its barcode — we’ll fill nutrition when we can.,"Сфотографируйте продукт или штрихкод — КБЖУ подставим, если сможем.",,needs_human,UI string
Take a quiet minute,Возьмите спокойную минуту,,needs_human,UI string
Take a quiet minute before mobility,Перед мобилити возьмите спокойную минуту,,needs_human,UI string
Take a quiet minute before you start,Перед стартом возьмите спокойную минуту,,needs_human,UI string
Take a quiet pause,Возьми тихую паузу,,needs_human,UI string
Take five minutes for gentle movement,Уделять пять минут мягкому движению,,needs_human,UI string
Take five minutes for gentle movement that feels comfortable.,"Уделите пять минут мягкому движению, которое вам комфортно.",,needs_human,UI string
Take five quiet minutes before your next block.,Пять спокойных минут перед следующим блоком.,,needs_human,UI string
Take it easier,Сделайте легче,,needs_human,UI string
Take portable carbs (banana or bar),Возьмите переносные углеводы (банан или батончик),,needs_human,UI string
Take portable carbs (banana or energy bar),Возьмите переносные углеводы (банан или энергетический батончик),,needs_human,UI string
Take portable carbs if needed (gel or banana),Возьмите с собой углеводы — гель или банан.,,needs_human,UI string
Take short recovery pauses,Делайте короткие паузы для восстановления,,needs_human,UI string
Take this calmer state into the rest of your morning and avoid rushing the next task.,Перенесите это спокойное состояние на остаток утра и не спешите со следующей задачей.,,needs_human,UI string
Take three short movement breaks throughout the day. Seated movement counts.,Сделай три короткие паузы на движение в течение дня. Движение сидя тоже считается.,,needs_human,UI string
Take water with you,Возьмите воду с собой,,needs_human,UI string
Tap +/− on a selected ingredient to adjust portions.,"Нажмите +/− у выбранного ингредиента, чтобы изменить порцию.",,needs_human,UI string
Tap a base below to start your plate.,"Выберите основу ниже, чтобы собрать тарелку.",,needs_human,UI string
Tap a ring anytime for the full picture.,Нажмите на кольцо — откроется полная картина.,,needs_human,UI string
Tap a ring for details,Нажмите кольцо для деталей,,needs_human,UI string
Tap a ring to go deeper.,Нажмите на кольцо — детали.,,needs_human,UI string
Target,Цель,,needs_human,UI string
Target achieved,Цель достигнута,,needs_human,UI string
Target range,Целевой диапазон,,needs_human,UI string
Target: 6 of 7 days,Цель: 6 из 7 дней,,needs_human,UI string
Target: 72+ recovery,Цель: 72+ восстановление,,needs_human,UI string
Target: 7h,Цель: 7 ч,,needs_human,UI string
Target: 7h • Gap: %@,Цель: 7 ч • Разрыв: %@,,needs_human,UI string
Target: complete logs,Цель: полные записи,,needs_human,UI string
Target: consistent intake,Цель: стабильное потребление,,needs_human,UI string
Target: stable weekly load,Цель: стабильная недельная нагрузка,,needs_human,UI string
Tell WeekFit what's coming.,"Скажите WeekFit, что впереди.",,needs_human,UI string
Tell us more,Расскажите подробнее,,needs_human,UI string
Tell us what you’d like next,"Расскажите, чего не хватает",,needs_human,UI string
Tempo,Темповая,,needs_human,UI string
Tennis,Теннис,,needs_human,UI string
Tennis complete,Теннис завершен,,needs_human,UI string
Terms,Условия,,needs_human,UI string
Terms & Privacy,Условия и конфиденциальность,,needs_human,UI string
Terms of Service,Условия использования,,needs_human,UI string
Terms of Use,Условия использования,,needs_human,UI string
Thanks for being here early.,"Спасибо, что вы с нами с самого начала.",,needs_human,UI string
"That suggested time has passed. Pick a new time, then save.",Предложенное время уже прошло. Выберите новое и сохраните.,,needs_human,UI string
The %@ became today's primary training load.,%@ стала главной тренировочной нагрузкой сегодня.,,needs_human,UI string
The %@ is the next meaningful event. The goal is arriving fresh and ready.,%@ — следующее важное событие. Цель — подойти свежим и готовым.,,needs_human,UI string
"The accuracy of insights depends on the accuracy, completeness, and timing of the data available to WeekFit.","Точность инсайтов зависит от точности, полноты и своевременности данных, доступных WeekFit.",,needs_human,UI string
"The app helps you organize your day, review health-related metrics, and receive coaching-style suggestions before, during, and after workouts.","Приложение помогает организовать день, просматривать связанные со здоровьем метрики и получать рекомендации в стиле коучинга до, во время и после тренировок.",,needs_human,UI string
"The benefit comes from relaxation now, not from stretching the heat block longer.","Польза сейчас в расслаблении, а не в том, чтобы тянуть тепловой блок дольше.",,needs_human,UI string
"The benefit now comes from downshifting, not staying longer.","Польза сейчас в снижении темпа, а не в том, чтобы оставаться дольше.",,needs_human,UI string
"The benefit tonight comes from downshifting, not staying longer.","Польза сегодня вечером в снижении темпа, а не в том, чтобы оставаться дольше.",,needs_human,UI string
The current rhythm is being absorbed.,Текущий ритм усваивается.,,needs_human,UI string
The day does not need another load,Дню не нужна еще одна нагрузка,,needs_human,UI string
The day does not show a safety or training-quality problem right now.,Сейчас день не показывает проблем с безопасностью или качеством тренировки.,,needs_human,UI string
The day has not fully started yet.,День еще не начался по-настоящему.,,needs_human,UI string
The day is in a good place,День в хорошем положении,,needs_human,UI string
The day is open enough to stay simple.,День остается спокойным — не усложняйте его.,,needs_human,UI string
"The day just changed. Sauna can support recovery, but it still adds heat stress before %@.","День изменился. Сауна может помочь восстановиться, но перед %@ она все равно добавит тепловой стресс.",,needs_human,UI string
The day looks stable and does not need urgent correction.,День выглядит стабильным и не требует срочных исправлений.,,needs_human,UI string
The day still has meaningful context.,У дня все еще есть важный контекст.,,needs_human,UI string
The day-level reason behind this priority.,Причина этого приоритета на уровне дня.,,needs_human,UI string
"The decision that matters now is arriving ready, not changing the workout early.","Главное решение сейчас — подойти готовым, а не заранее менять тренировку.",,needs_human,UI string
The effect continues afterwards.,Эффект остается с вами и после.,,needs_human,UI string
"The first 10 minutes matter more than targets. Let breathing, pacing, and body feedback set the ceiling.","Первые 10 минут важнее целей: пусть дыхание, темп и самочувствие подскажут, как двигаться дальше.",,needs_human,UI string
The first useful pattern usually appears after several recent days.,Первый полезный паттерн обычно появляется после нескольких недавних дней.,,needs_human,UI string
"The goal is a useful session, not proving you can complete the plan unchanged.","Цель — полезная тренировка, а не доказать, что план можно выполнить без изменений.",,needs_human,UI string
"The goal is to arrive at tomorrow with enough recovery capacity to adapt, not just complete the plan.","Цель — подойти к завтрашнему дню с запасом на восстановление, а не просто выполнить план.",,needs_human,UI string
"The goal is to feel better afterward, not fitter by force. Keep the movement easy and let it do its job.","Цель — почувствовать себя лучше после, а не силой стать «в форме». Держите движение легким и дайте ему сделать свое дело.",,needs_human,UI string
The goal is to recover from the session without disrupting sleep.,Цель — восстановиться после тренировки и не испортить сон.,,needs_human,UI string
The goal now is simple: protect the relaxed state you just created.,"Цель сейчас простая: сохранить расслабленное состояние, которое вы только что создали.",,needs_human,UI string
"The hard part is already done. A light protein-focused meal makes sense now, but avoid turning it into a heavy late dinner.","Тяжелая часть уже сделана. Легкая еда с фокусом на белок сейчас уместна, но не превращайте ее в плотный поздний ужин.",,needs_human,UI string
"The hard work is already done. Sauna can be relaxing, but after hard training it can also add stress.","Основная работа уже сделана. Сауна может расслабить, но после тяжелой тренировки она тоже добавляет стресс.",,needs_human,UI string
The heat block is already done. Let it support recovery instead of adding more stress afterwards.,"Тепловой блок уже завершен. Пусть он поможет восстановиться, а не добавит стресс после.",,needs_human,UI string
The key work is already complete and no blocker is louder.,"Ключевая работа уже выполнена, и нет более важного ограничителя.",,needs_human,UI string
"The last 7 days have logs, but not enough contrast to compare recovery.","За последние 7 дней есть записи, но недостаточно контраста для сравнения восстановления.",,needs_human,UI string
The main prep is done. Food is in and hydration has started.,"Основная подготовка уже сделана. Еда есть, вода началась.",,needs_human,UI string
"The main story is clear enough to act on, but adjacent sleep, recovery, training or nutrition patterns need more overlap before they become separate discoveries.","Главная история достаточно ясна для действий, но смежным паттернам сна, восстановления, тренировок или питания нужно больше пересечения, прежде чем они станут отдельными открытиями.",,needs_human,UI string
"The main work is done. Eat protein, drink water and let your heart rate settle.","Основная тренировка завершена. Съешьте белок, выпейте воды и дайте пульсу успокоиться.",,needs_human,UI string
The morning confirmation window has closed.,Окно утреннего подтверждения закрыто.,,needs_human,UI string
"The morning is in a good recovery state, but the basics have not started yet.","Утро в хорошем состоянии восстановления, но база еще не собрана.",,needs_human,UI string
The next activity is inside its preparation window.,Следующая активность уже внутри окна подготовки.,,needs_human,UI string
The next coach-relevant activity is recovery-oriented.,Следующая важная для Тренера активность — восстановительная.,,needs_human,UI string
"The next decision is better made after recovery, not in the middle of the night.","Следующее решение лучше принять после восстановления, а не среди ночи.",,needs_human,UI string
The next few hours matter more after heat.,После тепла особенно важны следующие несколько часов.,,needs_human,UI string
"The next improvement is likely to come from absorbing the current training load, not adding more volume.","Следующее улучшение скорее придёт от усвоения текущей нагрузки, а не от добавления объёма.",,needs_human,UI string
The next insight should be based on a cleaner pattern.,Следующий инсайт должен основываться на более чётком паттерне.,,needs_human,UI string
The next level is better distribution: keep volume similar and spread hard efforts across the week.,Следующий уровень — лучшее распределение: сохраните объём и распределите тяжёлые усилия по неделе.,,needs_human,UI string
The next level is building toward three hours of weekly activity before chasing intensity.,"Следующий уровень — выйти на три часа еженедельной активности, прежде чем гнаться за интенсивностью.",,needs_human,UI string
"The next level is one more controlled session or a small intensity bump, only if recovery stays stable.","Следующий уровень — ещё одна контролируемая сессия или небольшой рост интенсивности, только если восстановление стабильно.",,needs_human,UI string
The next load matters more than separate food or water reminders.,Следующая нагрузка важнее напоминаний о воде или еде.,,needs_human,UI string
The pattern is still forming,Паттерн ещё формируется,,needs_human,UI string
The percentages help you understand balance during the day. They are not meant to be perfect scores or goals to chase.,"Проценты помогают понимать баланс дня. Это не идеальные оценки и не цели, за которыми нужно гнаться.",,needs_human,UI string
The planned session conflicts with current readiness.,Запланированная тренировка конфликтует с текущей готовностью.,,needs_human,UI string
The read gets better once those logs overlap.,"Анализ улучшается, когда эти записи начинают пересекаться.",,needs_human,UI string
The reason behind the recommendation,Причина рекомендации,,needs_human,UI string
The ride is done. Refill fluids and keep the next block easy.,Заезд завершен. Выпейте воды и держите следующий блок легким.,,needs_human,UI string
The ride is done. Refill fluids and let the body settle now.,Заезд завершен. Выпейте воды и дайте телу успокоиться.,,needs_human,UI string
"The ride starts in %@. Breakfast is in, so now the goal is arriving fresh.","Заезд начнется через %@. Завтрак уже был, теперь цель — подойти свежим.",,needs_human,UI string
The run is done. Let your breathing settle and avoid adding extra intensity.,Пробежка завершена. Дайте дыханию выровняться и не добавляйте интенсивность.,,needs_human,UI string
The run is done. Walk for a few minutes and keep the rest of the day easy.,Пробежка завершена. Походите несколько минут и проведите остаток дня легко.,,needs_human,UI string
"The selected language affects app copy, dates, and localized guidance. Engine decisions stay based on the same health and planner signals.","Выбранный язык влияет на текст приложения, даты и локализованные рекомендации. Решения движков остаются основанными на тех же сигналах здоровья и планирования.",,needs_human,UI string
"The session is close. The useful move is execution readiness, not changing the plan.","Тренировка близко. Полезный шаг — готовность к выполнению, а не изменение плана.",,needs_human,UI string
The session is finished. Give yourself a few minutes before jumping back into a busy schedule.,Тренировка завершена. Дайте себе несколько минут перед возвращением к делам.,,needs_human,UI string
The session starts soon. Start below target effort and build only after the first block feels easy.,"Тренировка скоро начнется. Начните ниже целевого усилия и добавляйте только после того, как первый блок ощущается легким.",,needs_human,UI string
"The strongest pattern supports the same theme Coach is watching now: %@. Use Insights for the pattern, Coach for the next immediate step.","Самый сильный паттерн поддерживает ту же тему, за которой сейчас следит Тренер: %@. Используйте Инсайты для паттерна, Тренера — для следующего шага.",,needs_human,UI string
The supporting context is still forming,Поддерживающий контекст ещё формируется,,needs_human,UI string
The training signal is done. Recovery is now the priority.,Тренировочный сигнал уже получен. Теперь главное — восстановиться.,,needs_human,UI string
"The training signal is done. Recovery is now the priority: normal food, steady fluids, and no extra training pressure.","Тренировочный сигнал уже получен. Теперь главное — восстановиться: нормальная еда, вода и без лишнего давления тренировкой.",,needs_human,UI string
The useful coaching move is protecting the later work from the things that can drain it first.,"Полезный тренерский ход — сохранить силы на позднюю работу от того, что может забрать их раньше.",,needs_human,UI string
"The useful move in a long gap is consistency, not watching the clock.","В длинной паузе полезнее стабильность, а не смотреть на часы.",,needs_human,UI string
"The useful move is absorbing training stress, not adding to it.","Сейчас полезнее усвоить тренировочную нагрузку, а не добавлять новую.",,needs_human,UI string
The useful work is already banked. Keep the rest of the day simple and let recovery continue in the background.,Полезная работа уже сделана. Держите остаток дня простым и дайте восстановлению спокойно продолжаться.,,needs_human,UI string
The useful work is already done,Полезная работа уже сделана,,needs_human,UI string
"The useful work now is arriving settled, not adding more prep.","Сейчас полезнее подойти спокойно, а не добавлять подготовку.",,needs_human,UI string
The useful work now is closing the day calmly.,Сейчас полезнее спокойно завершить день.,,needs_human,UI string
The win today is finishing the morning feeling fresher than when it started.,"Победа сегодня — закончить утро свежее, чем начали.",,needs_human,UI string
The work is done,Работа сделана,,needs_human,UI string
There are no morning adjustments to review right now.,Сейчас нет утренних правок для просмотра.,,needs_human,UI string
There is more planned later today. %@,Позже сегодня запланировано еще. %@,,needs_human,UI string
There is no reason to change the plan today,Сегодня нет причин менять план,,needs_human,UI string
"There is not enough overlapping sleep, recovery, training and nutrition data yet to make a personal discovery.","Пока недостаточно пересекающихся данных о сне, восстановлении, тренировках и питании для личного открытия.",,needs_human,UI string
There is nothing to achieve here. Let the breath stay comfortable and return your attention whenever the mind drifts.,"Здесь нечего достигать. Дышите комфортно и возвращайте внимание, когда мысли уходят.",,needs_human,UI string
There is still load left today.,Сегодня еще остается нагрузка.,,needs_human,UI string
There isn’t enough time left in the event to finish all 7 days.,"До конца события недостаточно дней, чтобы пройти все 7.",,needs_human,UI string
These adjustments are out of date. Close and refresh from Today.,Эти правки устарели. Закройте и обновите на экране Сегодня.,,needs_human,UI string
These three buttons are how you act on Coach.,Эти три кнопки — как вы действуете по совету Тренера.,,needs_human,UI string
This activity will be removed from your plan.,Эта активность будет удалена из плана.,,needs_human,UI string
This adds load to the day.,Это добавляет нагрузку к дню.,,needs_human,UI string
"This block should support recovery, not create more load.","Этот блок должен поддерживать восстановление, а не создавать дополнительную нагрузку.",,needs_human,UI string
This challenge hasn’t opened yet. Check back when the event starts.,"Челлендж ещё не начался. Вернитесь, когда откроется событие.",,needs_human,UI string
This challenge isn’t available right now.,Сейчас этот челлендж недоступен.,,needs_human,UI string
This challenge supports everyday habits. It does not promise better Recovery scores or medical outcomes.,Челлендж поддерживает повседневные привычки. Он не обещает лучшие Recovery-показатели или медицинский эффект.,,needs_human,UI string
"This data may be used to show metrics, update Plan statuses, import completed workouts, calculate daily context, generate Coach suggestions, support reminders, and help you understand your routine.","Эти данные могут использоваться для отображения метрик, обновления статусов плана, импорта завершенных тренировок, расчета дневного контекста, генерации подсказок Тренера, поддержки напоминаний и помощи в понимании вашей рутины.",,needs_human,UI string
This day finished with strong macro balance across logged meals.,День завершился с хорошим балансом макроэлементов по записанной еде.,,needs_human,UI string
"This day had good protein intake, while healthy fats stayed lower.","В этот день белок был на хорошем уровне, а полезные жиры остались ниже.",,needs_human,UI string
"This day had strong protein intake, but fiber finished below target.","В этот день белка было достаточно, но клетчатка осталась ниже цели.",,needs_human,UI string
This device does not support Apple Health data access.,Это устройство не поддерживает доступ к данным Apple Health.,,needs_human,UI string
This email is already registered.,Этот email уже зарегистрирован.,,needs_human,UI string
"This estimate relies mostly on sleep because HRV, resting heart rate, or baseline history is limited.","Оценка основана преимущественно на сне, так как ВСР, пульс в покое или базовые данные ограничены.",,needs_human,UI string
"This has been a productive training week, enough to build fitness without looking excessive.",Продуктивная тренировочная неделя — достаточно для роста формы без перегруза.,,needs_human,UI string
"This has been one of your heavier recent training weeks, so recovery needs to hold steady.",Одна из более тяжёлых недавних недель — восстановление должно оставаться стабильным.,,needs_human,UI string
This is Today.,Это Today.,,needs_human,UI string
"This is a bridge into sleep, so the next win is cooling down cleanly.","Это мостик ко сну, поэтому следующий выигрыш — спокойно остыть.",,needs_human,UI string
"This is a light training week, leaving room to build without forcing intensity.",Лёгкая тренировочная неделя — есть запас для роста без форсирования интенсивности.,,needs_human,UI string
"This is a very high load week, and recovery response should decide whether to push or back off.","Очень высокая нагрузка — реакция восстановления должна определить, наращивать или снижать.",,needs_human,UI string
This is no longer a recovery day,Это уже не день восстановления.,,needs_human,UI string
This is not a performance block. The goal is to create a calmer state and let the body downshift.,Это не блок на результат. Цель — создать более спокойное состояние и дать телу замедлиться.,,needs_human,UI string
"This is one of the better recovery windows. If you want to push meaningful work today, you have room, but there is nothing to force.","Это одно из лучших окон восстановления. Если хотите сделать важную работу сегодня, пространство есть, но форсировать ничего не нужно.",,needs_human,UI string
This is one of the stronger readiness profiles recently. The body is ready to absorb useful training.,Это один из лучших профилей готовности за последнее время. Тело готово усвоить полезную тренировку.,,needs_human,UI string
"This is recovery support, not extra load. Keep it easy and comfortable.","Это поддержка восстановления, а не дополнительная нагрузка. Держите легко и комфортно.",,needs_human,UI string
"This is recovery support, not performance work. Start gently and finish feeling better than you started.","Это для восстановления, а не для результата. Начните мягко и завершите лучше, чем начали.",,needs_human,UI string
"This looks like a normal training week, so recovery response matters more than volume alone.",Обычная тренировочная неделя — реакция восстановления важнее одного только объёма.,,needs_human,UI string
"This looks like a recovery week, so training is unlikely to be the main stressor.","Похоже на неделю восстановления, поэтому тренировки вряд ли являются главным стрессором.",,needs_human,UI string
"This may include activity, workouts, sleep, energy, hydration, nutrition, body metrics, recovery-related signals, and other wellness data depending on the permissions you grant.","Это может включать активность, тренировки, сон, энергию, гидратацию, питание, параметры тела, сигналы восстановления и другие данные о здоровье в зависимости от выданных разрешений.",,needs_human,UI string
This meal matches today’s timing and what you usually eat.,"Это блюдо совпадает с привычным временем и тем, что вы обычно едите.",,needs_human,UI string
This mode uses sample health and activity data so all WeekFit features can be reviewed without access to personal Apple Health data.,"В этом режиме используются демонстрационные данные о здоровье и активности, чтобы все функции WeekFit можно было проверить без доступа к личным данным Apple Health.",,needs_human,UI string
"This permanently deletes your WeekFit account and WeekFit data. This cannot be undone.

Apple Health data stays in Apple Health.

System permissions (Apple Health, Location, Notifications) stay until you turn them off in iOS Settings → WeekFit (and Sources in the Health app).","Это навсегда удалит ваш аккаунт WeekFit и данные WeekFit. Действие нельзя отменить.

Данные Apple Health останутся в Apple Health.

Системные разрешения (Apple Health, геолокация, уведомления) останутся, пока вы не отключите их в Настройки iOS → WeekFit (и в Источники в приложении Здоровье).",,needs_human,UI string
This purchase is pending approval. WeekFit will unlock after it completes.,"Покупка ожидает подтверждения. WeekFit откроется, когда она завершится.",,needs_human,UI string
"This score is based on logged protein, carbohydrates, fats, fiber and overall dietary balance for this day.","Эта оценка основана на записанном белке, углеводах, жирах, клетчатке и общем балансе рациона за этот день.",,needs_human,UI string
This score is based on meals logged for that day.,"Эта оценка основана на еде, записанной за этот день.",,needs_human,UI string
"This score is based on today's protein, carbohydrates, fats, fiber and overall dietary balance.","Эта оценка основана на сегодняшнем белке, углеводах, жирах, клетчатке и общем балансе рациона.",,needs_human,UI string
This session can create real training stress. Build into it gradually and keep quality higher than intensity.,Эта тренировка может дать реальный стресс для тела. Входите постепенно и держите качество выше интенсивности.,,needs_human,UI string
This session will feel better if you build gradually and keep the effort sustainable.,"Тренировка пройдет лучше, если входить постепенно и держать усилие устойчивым.",,needs_human,UI string
This shapes calorie targets and how Coach steers the day.,"От этого зависят калории и то, как Тренер ведёт день.",,needs_human,UI string
This stays local on your device.,Это остается локально на вашем устройстве.,,needs_human,UI string
"This time is after midnight, so it’s labeled for tomorrow.","Это время уже после полуночи, поэтому показано как завтра.",,needs_human,UI string
This time overlaps another activity,Это время пересекается с другой активностью,,needs_human,UI string
This time overlaps with another activity. Choose another 15-minute slot.,Это время пересекается с другой активностью. Выберите другое 15-минутное окно.,,needs_human,UI string
This week,Эта неделя,,needs_human,UI string
"This will delete meals, logs, activities, coach history, cached images, and local preferences stored on this device. This cannot be undone.","Это удалит блюдо, журналы, активности, историю Тренера, кэшированные изображения и локальные настройки на этом устройстве. Это действие нельзя отменить.",,needs_human,UI string
This will remove %@ from your plan.,%@ будет удалено из плана.,,needs_human,UI string
This will remove the activity from your plan.,Активность будет удалена из плана.,,needs_human,UI string
Three breaks logged. You broke the day up.,Три паузы отмечены. Ты разбил день.,,needs_human,UI string
"Three ways WeekFit
helps you.","Три способа, как
WeekFit помогает вам.",,needs_human,UI string
Threshold,Порог,,needs_human,UI string
Through the day,В течение дня,,needs_human,UI string
Time already booked,Время уже занято,,needs_human,UI string
Time conflict,Конфликт времени,,needs_human,UI string
Time in zones,Время в зонах,,needs_human,UI string
Time of day,Время дня,,needs_human,UI string
Timed for upcoming load,Подходит по времени к предстоящей нагрузке,,needs_human,UI string
"Timeline 100%% cleared! Exceptional adherence, %@. Rest easy tonight.","Таймлайн выполнен на 100%%! Отлично, %@ — сегодня можно расслабиться.",,needs_human,UI string
"Timeline cleared, but hydration failed (%@L). DO NOT go to sleep dehydrated. Sip 300ml of water now to stabilize night recovery.","Таймлайн закрыт, но воды за день не хватило (%@ л). Перед сном выпейте 300 мл — так восстановление ночью пройдет лучше.",,needs_human,UI string
"Timeline rhythm looks flawless. Macronutrients, movement, and recovery structures are perfectly balanced.","Ритм таймлайна выглядит отлично. Макроэлементы, движение и восстановление сбалансированы.",,needs_human,UI string
Timing,Тайминг,,needs_human,UI string
Tip only · no plan change,Только подсказка · без изменения плана,,needs_human,UI string
Tired,Усталый,疲惫,curated,UI string
Toast,Тост,,needs_human,UI string
Toast the bread and keep it warm while you cook the rest.,"Поджарьте хлеб и держите тёплым, пока готовите остальное.",,needs_human,UI string
Toast the bread until golden and crisp.,Поджарьте хлеб до золотистой корочки.,,needs_human,UI string
Today,Сегодня,今天,curated,PRIORITY UI — tabs/onboarding/paywall/coach chrome
"Today brings recovery, movement, nutrition, and what’s next into one clear picture.","Сегодня собирает восстановление, движение, питание и то, что дальше, в одну ясную картину.",,needs_human,PRIORITY UI — tabs/onboarding/paywall/coach chrome
Today can absorb training,Сегодня день выдержит тренировку,,needs_human,PRIORITY UI — tabs/onboarding/paywall/coach chrome
"Today focuses on your current day, metrics, and live activity. Plan is where you organize workouts, meals, recovery, sleep, and routines ahead of time.","Сегодня показывает текущий день, метрики и живую активность. План нужен, чтобы заранее организовать тренировки, питание, восстановление, сон и рутины.",,needs_human,PRIORITY UI — tabs/onboarding/paywall/coach chrome
"Today has already taken a lot. If nothing changes tonight, %@ is likely to cost more than it gives.","Сегодня уже многое забрало силы. Если вечером ничего не изменить, %@ скорее даст больше цены, чем пользы.",,needs_human,PRIORITY UI — tabs/onboarding/paywall/coach chrome
"Today is a recovery day, so movement should support recovery instead of performance.","Сегодня день восстановления, поэтому движение должно помогать восстановиться, а не работать на результат.",,needs_human,PRIORITY UI — tabs/onboarding/paywall/coach chrome
Today is already a loaded day.,Сегодня уже нагруженный день.,,needs_human,PRIORITY UI — tabs/onboarding/paywall/coach chrome
Today is available,Сегодня есть ресурс,,needs_human,PRIORITY UI — tabs/onboarding/paywall/coach chrome
"Today is built to absorb training stress, not create a new one.","Сегодня день лучше подходит для усвоения нагрузки, а не для новой.",,needs_human,PRIORITY UI — tabs/onboarding/paywall/coach chrome
Today is where you act.,"Today — место, где вы действуете.",,needs_human,PRIORITY UI — tabs/onboarding/paywall/coach chrome
"Today is your live dashboard. Start there to see your current activity, nutrition, recovery, hydration, sleep, and coaching status.","Сегодня — ваш живой дашборд. Начните с него, чтобы увидеть текущую активность, питание, восстановление, воду, сон и статус Тренера.",,needs_human,PRIORITY UI — tabs/onboarding/paywall/coach chrome
Today isn't the day to force it. Recover well so tomorrow counts.,Сегодня не день форсировать. Восстановитесь — завтра будет важнее.,,needs_human,PRIORITY UI — tabs/onboarding/paywall/coach chrome
Today isn't the day to grind empty. Fuel up so tomorrow's sets count.,Сегодня не день пустой нагрузки. Заправьтесь — завтрашние подходы будут важнее.,,needs_human,PRIORITY UI — tabs/onboarding/paywall/coach chrome
Today isn't the day to push harder. It's the day to recover well so tomorrow counts.,Сегодня не день для перегруза. Восстановитесь — завтра будет важнее.,,needs_human,PRIORITY UI — tabs/onboarding/paywall/coach chrome
Today should be lighter.,Сегодня лучше сделать легче.,,needs_human,PRIORITY UI — tabs/onboarding/paywall/coach chrome
Today should stay steady.,Сегодня лучше сохранить спокойный ритм.,,needs_human,PRIORITY UI — tabs/onboarding/paywall/coach chrome
"Today — log food, drinks, start activities","Today — логировать еду, напитки, запускать активности",,needs_human,PRIORITY UI — tabs/onboarding/paywall/coach chrome
Today's %@ %@ already delivered the %@.,Сегодняшняя %@ %@ уже дала %@.,,needs_human,PRIORITY UI — tabs/onboarding/paywall/coach chrome
Today's Coach,Тренер на сегодня,,needs_human,PRIORITY UI — tabs/onboarding/paywall/coach chrome
Today's choices should help tomorrow's load.,Сегодняшний выбор должен помочь завтрашней нагрузке.,,needs_human,PRIORITY UI — tabs/onboarding/paywall/coach chrome
Today's guidance,Подсказка на сегодня,,needs_human,PRIORITY UI — tabs/onboarding/paywall/coach chrome
"Today's key work is done. Focus on recovery, hydration and setting yourself up for tomorrow.","Ключевая работа на сегодня сделана. Дальше — восстановление, вода и подготовка к завтра.",,needs_human,PRIORITY UI — tabs/onboarding/paywall/coach chrome
Today's limiter is recovery. The body is not ready for productive intensity.,Сегодня ограничивает восстановление. Тело не готово к настоящей интенсивности.,,needs_human,PRIORITY UI — tabs/onboarding/paywall/coach chrome
Today's load is already meaningful.,Сегодняшняя нагрузка уже значимая.,,needs_human,PRIORITY UI — tabs/onboarding/paywall/coach chrome
"Today's main training load is already in the bank, so the rest of the day is about absorbing it.","Главная тренировочная нагрузка сегодня уже сделана, дальше день про то, чтобы ее усвоить.",,needs_human,PRIORITY UI — tabs/onboarding/paywall/coach chrome
Today's movement,Движение сегодня,,needs_human,PRIORITY UI — tabs/onboarding/paywall/coach chrome
Today's primary training load is already covered. Additional work has little upside now.,Главная тренировочная нагрузка сегодня уже закрыта. Дополнительная работа сейчас почти ничего не даст.,,needs_human,PRIORITY UI — tabs/onboarding/paywall/coach chrome
Today's priority changed.,Приоритет на сегодня изменился.,,needs_human,PRIORITY UI — tabs/onboarding/paywall/coach chrome
Today's progress,Прогресс дня,,needs_human,PRIORITY UI — tabs/onboarding/paywall/coach chrome
Today's recommendation,Рекомендация на сегодня,,needs_human,PRIORITY UI — tabs/onboarding/paywall/coach chrome
Today's training load is already covered. The biggest gain left is making that work recoverable.%@,Главная тренировочная нагрузка сегодня уже закрыта. Самый большой выигрыш теперь — сделать эту работу восстановимой.%@,,needs_human,PRIORITY UI — tabs/onboarding/paywall/coach chrome
Today's workout looks good.,Сегодняшняя тренировка выглядит хорошо.,,needs_human,PRIORITY UI — tabs/onboarding/paywall/coach chrome
Today’s action is already complete.,Сегодняшнее действие уже выполнено.,,needs_human,PRIORITY UI — tabs/onboarding/paywall/coach chrome
Today’s action is done. The next task opens tomorrow.,Сегодняшнее действие выполнено. Следующее откроется завтра.,,needs_human,PRIORITY UI — tabs/onboarding/paywall/coach chrome
Today’s plan,План на сегодня,,needs_human,PRIORITY UI — tabs/onboarding/paywall/coach chrome
Today’s plan already looks appropriate.,План на сегодня уже выглядит уместно.,,needs_human,PRIORITY UI — tabs/onboarding/paywall/coach chrome
Today’s plan is stacked; reduce or redistribute load.,Сегодня план плотный — снизьте или перераспределите нагрузку.,,needs_human,PRIORITY UI — tabs/onboarding/paywall/coach chrome
Today’s plan looks right,План на сегодня выглядит уместно,,needs_human,PRIORITY UI — tabs/onboarding/paywall/coach chrome
Today’s task is still available separately.,Задача сегодняшнего дня доступна отдельно.,,needs_human,PRIORITY UI — tabs/onboarding/paywall/coach chrome
Tomatoes,Помидоры,,needs_human,UI string
Tomorrow,Завтра,明天,draft_mt,UI string
Tomorrow Readiness,Готовность к завтра,,needs_human,UI string
Tomorrow already looks demanding.,Завтра уже выглядит насыщенным.,,needs_human,UI string
Tomorrow carries real demand. Keep this %@ easy so today supports recovery instead of borrowing from the next training day.,"Завтра есть реальная нагрузка. Держите эту %@ легкой, чтобы сегодняшний день поддержал восстановление, а не забрал ресурс у следующей тренировки.",,needs_human,UI string
Tomorrow has a high-load session. Recovery decisions tonight matter more than extra work.,Завтра тренировка с высокой нагрузкой. Сегодня вечером решения для восстановления важнее дополнительной работы.,,needs_human,UI string
Tomorrow has hard training planned while current recovery capacity is limited.,"Завтра запланирована тяжелая тренировка, а текущий ресурс ограничен.",,needs_human,UI string
"Tomorrow has high-load work, so tonight should protect recovery.","Завтра высокая нагрузка, поэтому сегодня вечером нужно сохранить восстановление.",,needs_human,UI string
Tomorrow has meaningful training planned.,Завтра запланирована важная тренировка.,,needs_human,UI string
Tomorrow may need adjusting,Завтра может потребовать корректировки,,needs_human,UI string
Tomorrow · %@,Завтра · %@,,needs_human,UI string
Tomorrow's plan conflicts with today's recovery state.,Завтрашний план конфликтует с сегодняшним восстановлением.,,needs_human,UI string
Tomorrow's quality depends on how much recovery capacity you restore before then.,"Качество завтра зависит от того, сколько ресурса вы вернете до этого.",,needs_human,UI string
Tomorrow's training is the limiter.,Завтрашняя тренировка задает ограничение.,,needs_human,UI string
Tonight decides how much of tomorrow's plan is actually useful.,"Сегодняшний вечер решит, какая часть завтрашнего плана действительно будет полезной.",,needs_human,UI string
Tonight isn't the night to force it. Recover well so tomorrow counts.,Сегодня вечером не время форсировать. Восстановитесь — завтра будет важнее.,,needs_human,UI string
Tonight isn't the night to grind empty. Recover so tomorrow's sets count.,Сегодня вечером не время пустой нагрузки. Восстановитесь — завтрашние подходы будут важнее.,,needs_human,UI string
Tonight isn't the night to push harder. Recover well so tomorrow counts.,Сегодня вечером не время для перегруза. Восстановитесь — завтра будет важнее.,,needs_human,UI string
Tonight sets up the next session,Сегодняшний вечер влияет на следующую тренировку,,needs_human,UI string
Tonight sets up tomorrow's ceiling,Сон сегодня влияет на завтрашний темп,,needs_human,UI string
Top up only if you need it.,Добавьте только если действительно нужно.,,needs_human,UI string
Top with sesame if you like and serve with soy sauce.,При желании посыпьте кунжутом и подавайте с соевым соусом.,,needs_human,UI string
Top with sliced tomatoes and serve immediately.,Добавьте нарезанные помидоры и сразу подавайте.,,needs_human,UI string
"Toss the pasta with shrimp and tomatoes, loosening with pasta water if needed, then serve.","Смешайте пасту с креветками и помидорами, при необходимости разбавьте водой от варки, и подавайте.",,needs_human,UI string
Track seven consecutive days,Семь дней подряд,,needs_human,UI string
Train before 3 PM.,Тренируйтесь до 15:00.,,needs_human,UI string
Train before evening if you go.,Если тренируетесь — до вечера.,,needs_human,UI string
Train easy today,Сегодня тренируйтесь легко,,needs_human,UI string
Train later today. Protect recovery.,Тренируйтесь позже сегодня. Защитите восстановление.,,needs_human,UI string
Train lightly. Protect tomorrow.,Тренируйтесь мягко. Берегите завтра.,,needs_human,UI string
Train normally,Тренируйтесь обычно,,needs_human,UI string
Train while recovery is high.,"Тренируйтесь, пока восстановление высокое.",,needs_human,UI string
Training,Тренировка,,needs_human,UI string
Training Adjustment,Корректировка тренировки,,needs_human,UI string
Training Load,Тренировочная нагрузка,,needs_human,UI string
Training adjustment,Корректировка тренировки,,needs_human,UI string
Training and recovery need more overlap before the coach read is reliable.,"Тренировкам и восстановлению нужно больше пересечений, прежде чем анализ Тренера станет надёжным.",,needs_human,UI string
Training context,Контекст тренировок,,needs_human,UI string
"Training days and quiet days ask different things. WeekFit keeps training, recovery, and intake in conversation.","Тренировочные и спокойные дни требуют разного. WeekFit связывает тренировки, восстановление и питание.",,needs_human,UI string
Training guidance for the current context.,Тренировочная рекомендация для текущего контекста.,,needs_human,UI string
Training in balance,Тренировки в балансе,,needs_human,UI string
Training is done. Leave intensity for tomorrow.,Тренировка сделана. Интенсивность — на завтра.,,needs_human,UI string
Training is planned against a readiness limiter.,Тренировка запланирована на фоне ограничения по готовности.,,needs_human,UI string
Training load above usual,Тренировочная нагрузка выше обычного,,needs_human,UI string
Training load explains whether the recovery signal is a warning or just normal fatigue.,"Нагрузка объясняет, является ли сигнал восстановления предупреждением или обычной усталостью.",,needs_human,UI string
Training load has stayed controlled while recovery improved.,"Тренировочная нагрузка оставалась контролируемой, пока восстановление улучшалось.",,needs_human,UI string
Training load increased faster than recovery capacity.,"Тренировочная нагрузка выросла быстрее, чем способность к восстановлению.",,needs_human,UI string
Training load is already logged,Тренировочная нагрузка уже записана,,needs_human,UI string
Training load is outpacing the recovery response.,Тренировочная нагрузка опережает реакцию восстановления.,,needs_human,UI string
Training load is pressing recovery,Тренировочная нагрузка давит на восстановление,,needs_human,UI string
Training load is the strongest signal behind this trend.,Тренировочная нагрузка — самый сильный сигнал за этим трендом.,,needs_human,UI string
Training load looks light,Тренировочная нагрузка выглядит лёгкой,,needs_human,UI string
Training may need a lighter week,Тренировкам может понадобиться более лёгкая неделя,,needs_human,UI string
Training needs restraint,Тренировкам нужна сдержанность,,needs_human,UI string
"Training only works if you can absorb it. Tonight's sleep, fuel, and fluids decide whether tomorrow is adaptation or just more fatigue.","Тренировка работает только если тело может ее усвоить. Сегодняшний сон, еда и вода решат, станет завтра сильнее или просто устанет еще больше.",,needs_human,UI string
Training pattern unavailable,Паттерн тренировок недоступен,,needs_human,UI string
Training pressure increased without creating a recovery drop.,Тренировочное давление выросло без падения восстановления.,,needs_human,UI string
Training readiness,Тренировка готовность,,needs_human,UI string
Training rhythm building,Ритм тренировок формируется,,needs_human,UI string
Training rhythm is still forming,Тренировочный ритм ещё формируется,,needs_human,UI string
Training session,Тренировка,,needs_human,UI string
Training stayed strong despite lower movement,Тренировки оставались сильными несмотря на меньшее движение,,needs_human,UI string
Training took a back seat this month,Тренировки отошли на второй план в этом месяце,,needs_human,UI string
"Training volume is visible, but recovery context is missing","Объём тренировок виден, но контекста восстановления не хватает",,needs_human,UI string
Training • %@,Тренировка • %@,,needs_human,UI string
"Training, meals, and recovery","Тренировки, питание и восстановление",,needs_human,UI string
"Training, recovery, and preparation are balanced.","Тренировка, восстановление и подготовка в балансе.",,needs_human,UI string
"Treat this as added load, not a free extra.","Считайте это добавленной нагрузкой, а не бесплатным бонусом.",,needs_human,UI string
"Treat this as recovery support, not a challenge. Keep it comfortable and stop before it feels stressful.","Воспринимайте это как поддержку восстановления, а не вызов. Держите комфортно и остановитесь до стресса.",,needs_human,UI string
Treating an added session like it was already in the plan.,"Относиться к добавленной тренировке так, будто она уже была в плане.",,needs_human,UI string
Treating heat and training as two separate hard efforts.,Относиться к теплу и тренировке как к двум отдельным тяжелым нагрузкам.,,needs_human,UI string
Treating hydration like a number to chase at the last minute.,"Относиться к воде как к цифре, которую нужно догнать в последний момент.",,needs_human,UI string
Treating water as enough when the %@ still needs quick fuel.,"Считать, что воды достаточно, когда %@ еще требует быстрой энергии.",,needs_human,UI string
Trend builds with real data,Тренд формируется по реальным данным,,needs_human,UI string
Trend change,Изменение тренда,,needs_human,UI string
Trial ending,Пробный период заканчивается,,needs_human,UI string
Trust meter,Индикатор доверия,,needs_human,UI string
Try App Review Demo,Демо для проверки приложения,,needs_human,UI string
Try again,Попробовать снова,再试一次,draft_mt,PRIORITY UI — tabs/onboarding/paywall/coach chrome
Try this next,Попробуйте дальше,,needs_human,UI string
Trying to compensate often adds more fatigue than value.,"Попытка компенсировать часто добавляет больше усталости, чем пользы.",,needs_human,UI string
Trying to fix a normal day.,Попытка исправлять обычный день.,,needs_human,UI string
Trying to optimize things that are already working.,"Пытаться оптимизировать то, что уже работает.",,needs_human,UI string
Turkey,Индейка,,needs_human,UI string
Turn on Sleep Tracking,Включите отслеживание сна,,needs_human,UI string
Turning a low-sleep recovery day into more load.,Превратить день после короткого сна в еще большую нагрузку.,,needs_human,UI string
Turning easy movement into hard work undercuts recovery.,"Если превратить лёгкое движение в жёсткую работу, восстановление пострадает.",,needs_human,UI string
Turning normal support signals into the main goal.,Превратить обычные сигналы поддержки в главную цель.,,needs_human,UI string
Turning preparation into extra training before the ride.,Превратить подготовку в лишнюю тренировку перед заездом.,,needs_human,UI string
Turning preparation into urgency before the start.,Превратить подготовку в спешку перед стартом.,,needs_human,UI string
Turning recovery time into more training or activity.,Превратить время восстановления в еще одну тренировку или активность.,,needs_human,UI string
Turning the finish into a final test when the training signal is already there.,"Превратить финиш в последний тест, когда тренировочный сигнал уже получен.",,needs_human,UI string
Turning this into hard work before fuel and hydration are handled.,Превратить это в тяжелую работу до еды и воды.,,needs_human,UI string
USDA,USDA,,needs_human,UI string
Unable to read Apple credentials.,Не удалось прочитать учетные данные Apple.,,needs_human,UI string
Unavailable,Нет данных,,needs_human,UI string
Unavailable signals: %@.,Недоступные сигналы: %@.,,needs_human,UI string
"Under-fueling matters most when load, timing, or tomorrow's plan makes it relevant.","Недостаток еды особенно важен, когда нагрузка, время или завтрашний план делают его значимым.",,needs_human,UI string
Understand Activity,Понимайте Активность,,needs_human,UI string
Understand Nutrition,Понимайте Питание,,needs_human,UI string
Understand Recovery,Понимайте Восстановление,,needs_human,UI string
Understand what to do next.,"Поймите, что делать дальше.",,needs_human,UI string
Undo,Отменить,,needs_human,UI string
United Kingdom,Великобритания,,needs_human,UI string
United States,США,,needs_human,UI string
Units,Единицы измерения,,needs_human,UI string
Up Next,Дальше,,needs_human,UI string
Up next,Дальше,,needs_human,UI string
Up next: %@. %@,Далее: %@. %@,,needs_human,UI string
Upcoming,Предстоит,,needs_human,UI string
Upcoming activity,Скоро активность,,needs_human,UI string
Upcoming activity ahead. Fuel lightly and keep intensity controlled.,Впереди активность. Съешьте что-то легкое и держите интенсивность под контролем.,,needs_human,UI string
Upcoming is later today. Live is happening now. Pending means the planned time already passed. Done means you completed it in WeekFit. Synced means it came from Apple Health.,Предстоит — позже сегодня. Сейчас — происходит сейчас. Ожидает — запланированное время уже прошло. Выполнено — завершено в WeekFit. Синхронизировано — импортировано из Apple Health.,,needs_human,UI string
Upcoming means later today. Live means happening now. Pending means the planned time passed. Done means completed in WeekFit. Synced means imported from Apple Health.,Предстоит — позже сегодня. Сейчас — происходит сейчас. Ожидает — время прошло. Выполнено — завершено в WeekFit. Синхронизировано — импортировано из Apple Health.,,needs_human,UI string
Upcoming training,Предстоящая тренировка,,needs_human,UI string
Update Schedule,Обновить план,,needs_human,UI string
Update this food in your library,Обновите этот продукт в библиотеке,,needs_human,UI string
Update your schedule.,Обновите план.,,needs_human,UI string
Updated after you changed an earlier answer,Обновлено после изменения более раннего ответа,,needs_human,UI string
Updates as you log,Обновляется по мере записи,,needs_human,UI string
Upper Body,Верх тела,,needs_human,UI string
Usage terms and wellness disclaimer,Условия использования и отказ от ответственности по здоровью,,needs_human,UI string
"Use %@ to wind down, not to add load.","Используйте %@, чтобы замедлиться, а не добавить нагрузку.",,needs_human,UI string
Use Apple Watch during sleep or check Sleep Focus settings.,Носите Apple Watch во время сна или проверьте настройки Фокуса сна.,,needs_human,UI string
Use Apple Watch if you have one,"Используйте Apple Watch, если он есть",,needs_human,UI string
Use Coach as your next step,Используйте Тренера как следующий шаг,,needs_human,UI string
Use Meals for rough nutrition awareness,Используйте Блюда для общего понимания питания,,needs_human,UI string
Use Photo,Использовать фото,,needs_human,UI string
Use Plan as your day map,Используйте План как карту дня,,needs_human,UI string
Use Plan for the week’s workouts and recovery. Use Meals to save dishes Coach can recommend when you need them.,"В Plan — тренировки и восстановление на неделю. В Meals — сохранённые блюда, которые Тренер может предложить, когда нужно.",,needs_human,UI string
Use Plan for what comes next,"Используйте План для того, что впереди",,needs_human,UI string
Use Plan when something is ahead of you. Use logging when something already happened. Both help Coach understand your day better.,"Используйте План, когда событие впереди. Используйте логирование, когда оно уже произошло. Оба варианта помогают Тренеру лучше понимать день.",,needs_human,UI string
Use Sleep Focus overnight so Apple can classify sleep correctly.,"Включайте Фокус сна ночью, чтобы Apple корректно распознавал сон.",,needs_human,UI string
"Use Stress Index as supporting context for how much physiological strain your body appears to be under. Keep Recovery Score as the primary readiness signal, and weigh sleep, recent workload, and how you feel.","Используйте индекс нагрузки как дополнительный контекст о физиологической нагрузке. Оценка восстановления остаётся главным сигналом готовности — учитывайте также сон, недавнюю нагрузку и самочувствие.",,needs_human,UI string
Use barcode scanning for packaged foods,Используйте штрихкод для упакованных продуктов,,needs_human,UI string
Use body feedback now,Сейчас ориентируйтесь на ощущения тела,,needs_human,UI string
Use carbs after 45–60 min (gel or banana),Используйте углеводы через 45–60 мин (гель или банан),,needs_human,UI string
Use clean technique,Используйте чистую технику,,needs_human,UI string
Use easy work if readiness stays low,"Если готовность останется низкой, выберите легкую работу",,needs_human,UI string
Use electrolytes (mineral water or isotonic drink),Используйте электролиты (минеральная вода или изотоник),,needs_human,UI string
Use electrolytes between games,Используйте электролиты между геймами,,needs_human,UI string
Use electrolytes if hot or sweaty,"Используйте электролиты, если жарко или много пота",,needs_human,UI string
Use electrolytes if sweating,Используйте электролиты при потоотделении,,needs_human,UI string
Use electrolytes if sweating (isotonic drink),Используйте электролиты при потоотделении (изотоник),,needs_human,UI string
Use electrolytes if sweating heavily,Используйте электролиты при сильном потоотделении,,needs_human,UI string
"Use fluids as support, not the main goal","Пейте для самочувствия, не ради цифры",,needs_human,UI string
Use heat as recovery support tonight. Keep the session comfortable so it does not disturb sleep.,"Используйте тепло сегодня вечером как поддержку восстановления. Держите тепло комфортным, чтобы оно не нарушило сон.",,needs_human,UI string
Use it calmly.,Используйте это спокойно.,,needs_human,UI string
"Use it to relax, not to extend the day.","Используйте ее для расслабления, а не чтобы продлить день.",,needs_human,UI string
"Use it to relax, then cool down and let sleep take over.","Используйте ее, чтобы расслабиться, затем остыньте и дайте сну взять свое.",,needs_human,UI string
"Use meals and snacks to support your day. Before training, you may want lighter fuel. After training, meals can help recovery and energy balance.","Используйте блюда и перекусы, чтобы поддержать день. Перед тренировкой может подойти легкое топливо. После тренировки еда помогает восстановлению и энергетическому балансу.",,needs_human,UI string
Use protein to support recovery,Используйте белок для поддержки восстановления,,needs_human,UI string
Use recovery routines,Используйте восстановительные рутины,,needs_human,UI string
Use reminders if you need them,"Используйте напоминания, если они нужны",,needs_human,UI string
Use sauna carefully,Используйте сауну осторожно,,needs_human,UI string
Use smooth footwork,Двигайтесь ногами плавно,,needs_human,UI string
Use steady fluids,Пейте равномерно,,needs_human,UI string
Use stretching to unload today,"Используйте растяжку, чтобы разгрузить день",,needs_human,UI string
Use the first games to find rhythm,"Используйте первые геймы, чтобы найти ритм",,needs_human,UI string
Use the first games to find rhythm. Play with control before adding intensity.,"Используйте первые геймы, чтобы найти ритм. Играйте под контролем до добавления интенсивности.",,needs_human,UI string
Use the next block to wind down,"Используйте следующий блок, чтобы замедлиться",,needs_human,UI string
Use the next clear step,Сделайте следующий понятный шаг,,needs_human,UI string
"Use the next easy block to feel better, not to add load.","Используйте следующий легкий блок, чтобы почувствовать себя лучше, а не добавить нагрузку.",,needs_human,UI string
Use the next week to improve the base before adding load.,"Используйте следующую неделю для улучшения базы, прежде чем добавлять нагрузку.",,needs_human,UI string
Use the real day context.,Используйте реальный контекст дня.,,needs_human,UI string
Use the recovery space,Используйте пространство для восстановления,,needs_human,UI string
Use the rest of the day to downshift.,"Используйте остаток дня, чтобы замедлиться.",,needs_human,UI string
"Use the sauna to downshift, then cool down.","Используйте сауну, чтобы сбавить темп, затем спокойно остыньте.",,needs_human,UI string
"Use the sauna to relax, not extend the day.","Используйте сауну для расслабления, а не чтобы продлить день.",,needs_human,UI string
Use the session to confirm what effort is repeatable.,"Используйте тренировку, чтобы понять, какое усилие можно повторить.",,needs_human,UI string
Use the time you set earlier. Adjust if your evening changed.,"Используйте время, которое выбрали раньше. Можно скорректировать, если вечер изменился.",,needs_human,UI string
Use this as recovery,Используйте это как легкое восстановление,,needs_human,UI string
Use this as recovery support,Используйте это как поддержку восстановления,,needs_human,UI string
Use this block to calm the nervous system and prepare for better recovery.,"Используйте этот блок, чтобы успокоить нервную систему и лучше восстановиться.",,needs_human,UI string
Use this block to slow down and reset. Keep the breathing easy and comfortable.,"Используйте этот блок, чтобы замедлиться и перезагрузиться. Дышите легко и комфортно.",,needs_human,UI string
Use this session to help the body transition into recovery mode and prepare for a calmer evening.,"Используйте эту тренировку, чтобы помочь телу перейти в восстановление и подготовить спокойный вечер.",,needs_human,UI string
Use this session to release tension and finish calmer than you started.,"Используйте эту тренировку, чтобы снять напряжение и закончить спокойнее, чем начали.",,needs_human,UI string
Use this session to start the day with a calmer mind and steadier focus.,"Используйте эту тренировку, чтобы начать день со спокойной головой и ровным фокусом.",,needs_human,UI string
Use this walk to loosen up and feel better afterwards.,"Используйте эту прогулку, чтобы размяться и почувствовать себя лучше.",,needs_human,UI string
"Use time-aware progress, not the full-day target.","Ориентируйтесь на прогресс по времени, а не на цель за весь день.",,needs_human,UI string
Use today deliberately if there is a meaningful session you wanted to place this week.,"Используйте сегодняшний день осознанно, если хотели поставить важную тренировку на этой неделе.",,needs_human,UI string
Useful after heat or heavy sweat,Полезно после жары или сильного пота,,needs_human,UI string
Useful coaching is often deciding that no intervention is needed yet.,"Хорошая подсказка тренера часто в том, чтобы вовремя понять: вмешиваться пока не нужно.",,needs_human,UI string
Useful energy carbs,Полезные углеводы для энергии,,needs_human,UI string
Useful nutrition and hydration support.,Полезная поддержка питания и воды.,,needs_human,UI string
Useful pre-session carbs,Полезные углеводы перед нагрузкой,,needs_human,UI string
Useful work is already counted. The rest of the day should support recovery.,Полезная работа уже учтена. Остаток дня должен поддержать восстановление.,,needs_human,UI string
User-Entered Data,"Данные, введенные пользователем",,needs_human,UI string
"User-entered data is used to update your plan, metrics, Coach context, and daily guidance.","Данные, введенные пользователем, используются для обновления плана, метрик, контекста Тренера и ежедневных рекомендаций.",,needs_human,UI string
Uses your device settings,Использует настройки устройства,,needs_human,UI string
Utilize carbs & burn active calories,Использовать углеводы и сжечь активные калории,,needs_human,UI string
Utilize surplus energy & boost digestion,Использовать избыток энергии и поддержать пищеварение,,needs_human,UI string
VO2,VO2,,needs_human,UI string
"Values are estimates based on your logged meals.
Make sure to log everything for best accuracy.","Значения рассчитаны по записанным приемам пищи.
Записывайте все для лучшей точности.",,needs_human,UI string
Values are estimates based on your logged meals. Log everything for best accuracy.,Значения являются оценками на основе записанных приемов пищи. Для лучшей точности записывайте все.,,needs_human,UI string
Values are estimates based on your logged meals.\nMake sure to log everything for best accuracy.,"Значения являются оценками на основе записанных приемов пищи.
Для лучшей точности записывайте все.",,needs_human,UI string
Values are for the selected serving size.,Значения указаны для выбранного размера порции.,,needs_human,UI string
Veg,Овощи,,needs_human,UI string
Vegetable,Овощ,,needs_human,UI string
Vegetables,Овощи,,needs_human,UI string
Veggies,Овощи,,needs_human,UI string
Verbose Coach logs enabled,Подробные логи тренера включены,,needs_human,UI string
Verify Log Block,Подтвердите блок,,needs_human,UI string
Version %@ (%@),Версия %@ (%@),,needs_human,UI string
Version information copied,Информация о версии скопирована,,needs_human,UI string
Very low sleep during an evening recovery block should steer the day toward recovery.,Очень короткий сон во время вечернего восстановительного блока должен вести день к восстановлению.,,needs_human,UI string
View,Смотреть,,needs_human,UI string
View %@ Analysis,Открыть анализ: %@,,needs_human,UI string
View Recovery Analysis,Анализ восстановления,,needs_human,UI string
View all,Все,,needs_human,UI string
View challenge,Смотреть челлендж,,needs_human,UI string
View details,Подробнее,,needs_human,UI string
View route map,Открыть карту маршрута,,needs_human,UI string
View your summary,Смотреть итоги,,needs_human,UI string
WEAKEST SIGNAL,САМЫЙ СЛАБЫЙ СИГНАЛ,,needs_human,UI string
WEEK OVERVIEW,ОБЗОР НЕДЕЛИ,,needs_human,UI string
WEEKFIT,WEEKFIT,,needs_human,UI string
WEEKLY REFLECTION,НЕДЕЛЬНАЯ РЕФЛЕКСИЯ,,needs_human,UI string
WELLNESS,ЗДОРОВЬЕ,,needs_human,UI string
WHAT WE LEARNED,ЧТО МЫ УЗНАЛИ,,needs_human,UI string
WHY THIS,ПОЧЕМУ ЭТО,,needs_human,UI string
WHY THIS SCORE,ПОЧЕМУ ТАКАЯ ОЦЕНКА,,needs_human,UI string
WHY THIS STORY,ПОЧЕМУ ЭТА ИСТОРИЯ,,needs_human,UI string
WIND DOWN,ЗАМЕДЛИТЕСЬ,,needs_human,UI string
Waiting for enough recent data,Ожидаем достаточно недавних данных,,needs_human,UI string
Waiting for sleep data so I can assess your recovery and sharpen today's recommendations.,"Жду данные о сне, чтобы точнее оценить ваше состояние и дать рекомендации на сегодня.",,needs_human,UI string
Waiting for sleep data to refine recovery guidance,"Жду данные о сне, чтобы точнее оценить восстановление",,needs_human,UI string
Waiting until the session starts and then trying to catch up.,Ждать начала тренировки и только потом пытаться догонять.,,needs_human,UI string
Waiting until the session starts to eat.,"Ждать начала тренировки, чтобы поесть.",,needs_human,UI string
Walk,Прогулка,,needs_human,UI string
Walk at a comfortable pace,Идите в комфортном темпе,,needs_human,UI string
Walk at a pace that feels relaxing. This is for circulation and recovery.,Идите в расслабляющем темпе. Это для кровообращения и восстановления.,,needs_human,UI string
Walk complete,Прогулка завершена,,needs_human,UI string
Walk easily,Идите легко,,needs_human,UI string
Walk for 5–10 min,Походите 5–10 мин,,needs_human,UI string
Walk for a few minutes,Походите несколько минут,,needs_human,UI string
Walk or spin easy,Прогуляйтесь или покрутите легко,,needs_human,UI string
Walnuts,Грецкие орехи,,needs_human,UI string
Warm ivory canvas with ceramic floating cards.,Тёплый ivory-фон и керамические карточки.,,needs_human,UI string
Warm the cooked brown rice until steaming.,Подогрейте варёный коричневый рис до горячего пара.,,needs_human,UI string
Warm the corn tortillas in a dry pan until soft and lightly toasted.,Подогрейте кукурузные тортильи на сухой сковороде до мягкости.,,needs_human,UI string
Warm the ham and fry or scramble the eggs to your liking.,Подогрейте ветчину и пожарьте или взболтайте яйца по вкусу.,,needs_human,UI string
Warm the olive oil in a skillet and soften the onion and bell pepper for 4–5 minutes.,Разогрейте оливковое масло на сковороде и обжарьте лук с перцем 4–5 минут.,,needs_human,UI string
Warm up,Согреться,,needs_human,UI string
Warm up 5–10 min,Разомнитесь 5–10 мин,,needs_human,UI string
Warm up before loading,Разомнитесь перед нагрузкой,,needs_human,UI string
Warm up before the first rally,Разомнитесь перед первым розыгрышем,,needs_human,UI string
Warm up first,Сначала разомнитесь,,needs_human,UI string
Warm up gently,Разомнитесь мягко,,needs_human,UI string
Warm up properly,Хорошо разомнитесь,,needs_human,UI string
Warm up properly and control the opening games. Squash can become intense quickly.,Хорошо разомнитесь и контролируйте первые геймы. Сквош быстро становится интенсивным.,,needs_human,UI string
Warm up well and keep the first sets submaximal. Quality matters more than chasing extra load.,Хорошо разомнитесь и держите первые подходы субмаксимальными. Качество важнее лишней нагрузки.,,needs_human,UI string
Watch,Часы,,needs_human,UI string
"Watch app → Passcode
Turn on Wrist Detection.","Приложение Watch → Код-пароль
Включите распознавание запястья.",,needs_human,UI string
"Watch app → Sleep
Enable Track Sleep with Apple Watch.","Приложение Watch → Сон
Включите отслеживание сна с Apple Watch.",,needs_human,UI string
Watch data reshapes today's advice.,Данные с Watch меняют советы на сегодня.,,needs_human,UI string
Watch out for,Чего избегать,,needs_human,UI string
Watch the day change.,"Смотрите, как меняется день.",,needs_human,UI string
Water,Вода,水分,draft_mt,PRIORITY UI — tabs/onboarding/paywall/coach chrome
Water + electrolytes,Вода + электролиты,,needs_human,PRIORITY UI — tabs/onboarding/paywall/coach chrome
Water Log,Запись воды,,needs_human,PRIORITY UI — tabs/onboarding/paywall/coach chrome
Water Log (%@L),Запись воды (%@ л),,needs_human,PRIORITY UI — tabs/onboarding/paywall/coach chrome
Water and electrolytes over the next few hours,Вода и электролиты в ближайшие часы,,needs_human,PRIORITY UI — tabs/onboarding/paywall/coach chrome
Water evidence,Данные по воде,,needs_human,PRIORITY UI — tabs/onboarding/paywall/coach chrome
Water is already covered. Focus on minerals and recovery support.,Воды уже достаточно. Лучше подумать о минералах и восстановлении.,,needs_human,PRIORITY UI — tabs/onboarding/paywall/coach chrome
Water is already covered. Mineral support is a better next step than more plain water.,"Воды уже достаточно. Лучше добавить минералы, чем пить еще больше обычной воды.",,needs_human,PRIORITY UI — tabs/onboarding/paywall/coach chrome
Water is already high.,Воды уже много.,,needs_human,PRIORITY UI — tabs/onboarding/paywall/coach chrome
Water logs will show whether hydration supports recovery.,"Записи воды покажут, поддерживает ли гидратация восстановление.",,needs_human,PRIORITY UI — tabs/onboarding/paywall/coach chrome
Water now affects safety and quality for the next block.,Вода сейчас влияет на безопасность и качество следующего блока.,,needs_human,PRIORITY UI — tabs/onboarding/paywall/coach chrome
Water target is already high.,Цель по воде уже высокая.,,needs_human,PRIORITY UI — tabs/onboarding/paywall/coach chrome
"Water target is based mainly on body weight, with extra hydration added when your activity and active calories are higher.","Цель воды в основном зависит от веса тела. Дополнительная гидратация добавляется, когда активность и активные калории выше.",,needs_human,PRIORITY UI — tabs/onboarding/paywall/coach chrome
"Water, tea, coffee, meals, stretching, sauna, breathing, and sleep routines all help Coach understand your day better.","Вода, чай, кофе, еда, растяжка, сауна, дыхание и рутины сна помогают Тренеру лучше понимать ваш день.",,needs_human,PRIORITY UI — tabs/onboarding/paywall/coach chrome
We usually reply within a day,Обычно отвечаем в течение дня,,needs_human,UI string
We're studying your patterns...,Мы изучаем ваши паттерны...,,needs_human,UI string
Wear Apple Watch consistently for a few more days to establish your personal baseline.,"Носите Apple Watch регулярно ещё несколько дней, чтобы сформировать личный базовый уровень.",,needs_human,UI string
Wear Apple Watch during sleep to unlock recovery insights.,"Носите Apple Watch во время сна, чтобы открыть инсайты восстановления.",,needs_human,UI string
Wear the watch overnight,Носите часы ночью,,needs_human,UI string
Weather: cold — warm up thoroughly,Погода: холодно — тщательно разомнитесь,,needs_human,UI string
Weather: heat — ease outdoor load,Погода: жара — снизьте нагрузку на улице,,needs_human,UI string
Weather: rain risk — prefer indoor or earlier,Погода: риск осадков — зал или раньше,,needs_human,UI string
Weather: strong wind — sheltered routes,Погода: сильный ветер — укрытые маршруты,,needs_human,UI string
Week,Неделя,,needs_human,UI string
Week Plan,План недели,,needs_human,UI string
WeekFit,WeekFit,WeekFit,keep,brand/code/format — do not translate
WeekFit Access,Доступ к WeekFit,,needs_human,UI string
WeekFit Support,Поддержка WeekFit,,needs_human,UI string
WeekFit Today,WeekFit Сегодня,,needs_human,UI string
"WeekFit brings together your recovery, activity, nutrition and plans to help you understand today and decide what comes next.","WeekFit собирает восстановление, активность, питание и планы — чтобы понять сегодня и решить, что дальше.",,needs_human,UI string
"WeekFit brings together your recovery, activity, nutrition, plans and Apple Health into one adaptive daily view.","WeekFit собирает восстановление, активность, питание, планы и Apple Health в одном адаптивном взгляде на день.",,needs_human,UI string
"WeekFit brings your recovery, activity, nutrition and plans together — then helps you decide what to do next.","WeekFit собирает восстановление, активность, питание и план — и помогает решить, что делать дальше.",,needs_human,UI string
WeekFit can personalize your plan. Sleep may need setup.,"WeekFit может персонализировать ваш план. Возможно, нужно настроить сон.",,needs_human,UI string
"WeekFit could not load its built-in meal catalog. Tap Try again, or restart the app.",WeekFit не удалось загрузить встроенный каталог блюд. Нажмите «Попробовать снова» или перезапустите приложение.,,needs_human,UI string
"WeekFit does not provide medical advice, diagnosis, treatment, prescription, therapy, or professional healthcare services.","WeekFit не предоставляет медицинские советы, диагнозы, лечение, рецепты, терапию или профессиональные медицинские услуги.",,needs_human,UI string
WeekFit does not sell personal health information and does not share Apple Health data with advertisers or data brokers.,WeekFit не продает персональную медицинскую информацию и не передает данные Apple Health рекламодателям или брокерам данных.,,needs_human,UI string
"WeekFit has brought together your health signals, activity and goal for today.","WeekFit собрал сигналы здоровья, активность и вашу цель на сегодня.",,needs_human,UI string
"WeekFit has prepared today's guidance using your health data, activity and personal goal.","WeekFit подготовил подсказки на сегодня на основе данных здоровья, активности и вашей цели.",,needs_human,UI string
"WeekFit is a personal training, recovery, nutrition, hydration, sleep, and routine planning app.","WeekFit — приложение для личного планирования тренировок, восстановления, питания, гидратации, сна и повседневных рутин.",,needs_human,UI string
"WeekFit is becoming a subscription app, but your access stays enabled.","WeekFit переходит на подписку, но ваш доступ остаётся активным.",,needs_human,UI string
WeekFit is constantly interpreting your day.,WeekFit постоянно интерпретирует ваш день.,,needs_human,UI string
"WeekFit is intended for personal wellness, fitness planning, habit tracking, and lifestyle support. It is not intended for emergency use or clinical decision-making.","WeekFit предназначен для личного благополучия, фитнес-планирования, отслеживания привычек и поддержки образа жизни. Он не предназначен для экстренных ситуаций или клинических решений.",,needs_human,UI string
"WeekFit is provided as is and as available, without guarantees that the app will always be uninterrupted, error-free, fully accurate, or suitable for every individual situation.","WeekFit предоставляется как есть и по мере доступности, без гарантий, что приложение всегда будет работать без перебоев, ошибок, с полной точностью или подходить для каждой индивидуальной ситуации.",,needs_human,UI string
WeekFit is ready with your goal. Connect Apple Health anytime to make today's guidance more personal.,WeekFit готов с вашей целью. Подключите Apple Health в любой момент — подсказки станут личнее.,,needs_human,UI string
"WeekFit is your personal training and recovery coach. It helps you plan workouts, meals, hydration, sleep, and routines in one place, while guiding you throughout the day using your activity, recovery, and health data.","WeekFit — ваш персональный помощник для тренировок и восстановления. Он помогает планировать тренировки, питание, воду, сон и рутины в одном месте и подсказывает, что важно в течение дня.",,needs_human,UI string
"WeekFit keeps health and wellness data under your control. Manage Apple Health permissions in Apple Health or iOS Settings, and remove app data from your device whenever you need.","WeekFit оставляет данные о здоровье и самочувствии под вашим контролем. Разрешениями Apple Health можно управлять в Apple Health или настройках iOS, а данные приложения можно удалить с устройства, когда это нужно.",,needs_human,UI string
"WeekFit looks at your workouts, movement, recovery, body data, meals, and Apple Health information to build personalized Activity and Nutrition targets. As your day changes, targets can also adjust to better reflect your current energy and recovery needs.","WeekFit учитывает тренировки, движение, восстановление, данные тела, питание и Apple Health, чтобы строить персональные цели Активности и Питания. Когда день меняется, цели могут обновляться.",,needs_human,UI string
"WeekFit may provide suggestions based on the data available to the app, but those suggestions are not a guarantee of performance, recovery, health, fitness, or wellness results.","WeekFit может давать рекомендации на основе доступных приложению данных, но эти рекомендации не гарантируют результаты в производительности, восстановлении, здоровье, фитнесе или благополучии.",,needs_human,UI string
"WeekFit may send reminders for planned activities, meals, hydration, recovery routines, completion check-ins, or other app-related actions if you enable notifications.","WeekFit может отправлять напоминания о запланированных активностях, приемах пищи, гидратации, восстановительных рутинах, проверках завершения или других действиях в приложении, если вы включите уведомления.",,needs_human,UI string
"WeekFit may use data from Apple Health, Apple Watch, iPhone sensors, and information you enter manually inside the app.","WeekFit может использовать данные из Apple Health, Apple Watch, датчиков iPhone и информацию, которую вы вручную вводите в приложении.",,needs_human,UI string
"WeekFit needs at least 20 days of recovery, activity, nutrition, and sleep data before it can synthesize your first monthly story.","WeekFit нужно минимум 20 дней данных о восстановлении, активности, питании и сне, чтобы собрать первую месячную историю.",,needs_human,UI string
WeekFit only accesses Apple Health categories that you explicitly allow through Apple Health permissions.,"WeekFit получает доступ только к тем категориям Apple Health, которые вы явно разрешили в настройках Apple Health.",,needs_human,UI string
"WeekFit provides general wellness, fitness, recovery, hydration, sleep, and nutrition information for educational and informational purposes only.","WeekFit предоставляет общую информацию о благополучии, фитнесе, восстановлении, гидратации, сне и питании только в образовательных и информационных целях.",,needs_human,UI string
WeekFit relies on Apple Health and Apple Watch sleep tracking. Sometimes sleep data is not recorded even if you wear your watch overnight.,"WeekFit использует Apple Health и отслеживание сна Apple Watch. Иногда данные сна не записываются, даже если вы носите часы всю ночь.",,needs_human,UI string
"WeekFit retains app data only as needed to provide functionality, maintain your plan, show metrics, and personalize the experience.","WeekFit хранит данные приложения только в объеме, необходимом для работы функций, поддержания плана, отображения метрик и персонализации опыта.",,needs_human,UI string
"WeekFit roughly follows:\n\nBMR + Activity + Workouts = Daily Energy Need\n\nYour selected goal then adjusts calories, protein, carbs, fats, and hydration targets.","WeekFit примерно следует формуле:

BMR + Активность + Тренировки = дневная потребность в энергии

Выбранная цель затем корректирует калории, белки, углеводы, жиры и воду.",,needs_human,UI string
WeekFit selected the recommended format for your device. You can change it anytime in Settings.,WeekFit выбрал рекомендуемый формат для вашего устройства. Изменить его можно в любой момент в Настройках.,,needs_human,UI string
WeekFit shows data that already exists in Apple Health. Check Health permissions and make sure Apple Health has data for the selected day.,"WeekFit показывает данные, которые уже есть в Apple Health. Проверьте разрешения Health и убедитесь, что в Apple Health есть данные за выбранный день.",,needs_human,UI string
"WeekFit starts with your estimated BMR, then builds a dynamic TDEE using workouts, movement, active calories, recovery, and daily activity. Calories, protein, carbs, fats, and water targets then adapt based on your selected goal.","WeekFit начинает с примерного BMR, затем строит динамический TDEE с учетом тренировок, движения, активных калорий, восстановления и дневной активности. Калории, белки, углеводы, жиры и вода адаптируются к контексту.",,needs_human,UI string
WeekFit subscription,Подписка WeekFit,,needs_human,UI string
WeekFit understands,WeekFit понимает,,needs_human,UI string
"WeekFit uses Health data to adapt activity, recovery and nutrition to your real day.","WeekFit использует данные Apple Health, чтобы адаптировать активность, восстановление и питание под ваш реальный день.",,needs_human,UI string
"WeekFit uses adaptive targets that react to workouts, movement, recovery, meals, and newly available Apple Health data throughout the day.","WeekFit использует адаптивные цели, которые реагируют на тренировки, движение, восстановление, питание и новые данные Apple Health в течение дня.",,needs_human,UI string
"WeekFit uses available activity, workout, nutrition, hydration, sleep, recovery, body, and planner data to provide app functionality and personalize your experience.","WeekFit использует доступные данные активности, тренировок, питания, гидратации, сна, восстановления, тела и планирования, чтобы обеспечивать функции приложения и персонализировать опыт.",,needs_human,UI string
"WeekFit uses ingredients, portions, and meal combinations to estimate calories, protein, carbs, and fats for your meals. While values can vary depending on how meals are built, the goal is to help you clearly understand your overall nutrition, energy balance, and meal composition throughout the day.","WeekFit использует ингредиенты, порции и состав блюд для оценки калорий, белков, углеводов и жиров. Значения могут отличаться в зависимости от продуктов и порций, поэтому это ориентир, а не лабораторная точность.",,needs_human,UI string
"WeekFit uses the health, activity, nutrition, recovery, and planner data you allow or enter to make the app more useful. You can change Apple Health permissions anytime in Apple Health or iOS Settings.","WeekFit использует разрешенные или введенные вами данные здоровья, активности, питания, восстановления и планировщика, чтобы сделать приложение полезнее. Разрешения Apple Health можно изменить в любое время в Apple Health или настройках iOS.",,needs_human,UI string
WeekFit uses time-adaptive targets during the day. Morning targets are intentionally lighter so progress reflects where your day realistically is instead of expecting full-day nutrition too early.,"WeekFit использует цели, адаптированные ко времени дня. Утренние цели специально легче, чтобы прогресс отражал реальное состояние дня, а не требовал полного дневного объема сразу.",,needs_human,UI string
"WeekFit works without Apple Watch, but workouts, sleep, activity, recovery, HRV, and resting heart rate are usually better when Apple Watch or another tracker writes data to Apple Health.","WeekFit работает без Apple Watch, но тренировки, сон, активность, восстановление, HRV и пульс в покое обычно лучше, когда Apple Watch или другой трекер записывает данные.",,needs_human,UI string
"WeekFit, version %@, build %@","WeekFit, версия %@, сборка %@",,needs_human,UI string
Weekend Sleep,Сон в выходные,,needs_human,UI string
Weekend gap,Разрыв выходных,,needs_human,UI string
Weekend recovery is %lld points lower than weekdays.,"Восстановление в выходные на %lld баллов ниже, чем в будни.",,needs_human,UI string
Weekend recovery is weaker,Восстановление в выходные слабее,,needs_human,UI string
Weekend sleep is lower than weekdays.,"Сон в выходные ниже, чем в будни.",,needs_human,UI string
Weekly comparison will be more useful later today,Сравнение с неделей будет полезнее позже сегодня,,needs_human,UI string
Weekly focus,Фокус недели,,needs_human,UI string
Weekly pattern,Недельный паттерн,,needs_human,UI string
Weekly planner,Недельный план,,needs_human,UI string
Welcome back,С возвращением,,needs_human,UI string
Well balanced,Хороший баланс,,needs_human,UI string
Well recovered,Хорошо восстановлен,,needs_human,UI string
Well rested,Хороший отдых,,needs_human,UI string
Went to bed,Легли спать,,needs_human,UI string
We’ll send you a reset link.,Мы отправим ссылку для сброса.,,needs_human,UI string
What To Do Next,Что делать дальше,,needs_human,UI string
"What are P, C, and F?","Что такое P, C и F?",,needs_human,UI string
What are you aiming for?,К чему вы идёте?,,needs_human,UI string
What are you noticing?,Что вы замечаете?,,needs_human,UI string
What can I do in Meals?,Что можно делать в Блюдах?,,needs_human,UI string
What changed,Что изменилось,,needs_human,UI string
What changed during the session.,Что изменилось во время тренировки.,,needs_human,UI string
What changed. Why it matters. What to do next — then act on Today.,Что изменилось. Почему важно. Что дальше — затем действуйте на Today.,,needs_human,UI string
What could I try today?,Что можно попробовать сегодня?,,needs_human,UI string
What do the Plan statuses mean?,Что означают статусы Плана?,,needs_human,UI string
What do the percentages mean?,Что означают проценты?,,needs_human,UI string
What do you want to add?,Что хотите добавить?,,needs_human,UI string
What do you want to edit?,Что хотите изменить?,,needs_human,UI string
What does Left mean in Nutrition?,Что означает Остаток в Питании?,,needs_human,UI string
What does Live mean in Plan?,Что означает Сейчас в Плане?,,needs_human,UI string
What does Pending mean?,Что означает Ожидает?,,needs_human,UI string
What does Synced mean?,Что означает Синхронизировано?,,needs_human,UI string
What helps recovery around this activity.,Что помогает восстановлению вокруг этой активности.,,needs_human,UI string
What influenced it,Что повлияло,,needs_human,UI string
What is BMR?,Что такое BMR?,,needs_human,UI string
What is Daily Status?,Что такое Статус дня?,,needs_human,UI string
What is HRV?,Что такое HRV?,,needs_human,UI string
What is RHR?,Что такое RHR?,,needs_human,UI string
What is TDEE?,Что такое TDEE?,,needs_human,UI string
What is WeekFit?,Что такое WeekFit?,,needs_human,UI string
What is the difference between Today and Plan?,Чем отличаются Сегодня и План?,,needs_human,UI string
What is the difference between planning and logging?,Чем отличаются планирование и логирование?,,needs_human,UI string
What matters during this session.,Что важно прямо сейчас.,,needs_human,UI string
What matters now,Что важно сейчас,,needs_human,UI string
What matters while the session is happening.,"Что важно, пока тренировка идет.",,needs_human,UI string
What matters while this is live.,"Что важно, пока тренировка идет.",,needs_human,UI string
What not to rush,Чего избегать,,needs_human,UI string
What shaped this decision,Что повлияло на решение,,needs_human,UI string
What should we optimize for?,На что ориентироваться?,,needs_human,UI string
What should your coach call you?,Как коучу к вам обращаться?,,needs_human,UI string
What supports recovery after training.,Что поддерживает восстановление после тренировки.,,needs_human,UI string
What this activity means right now,Что эта активность значит сейчас,,needs_human,UI string
What this enables,Что это включает,,needs_human,UI string
What this means,Что это значит,,needs_human,UI string
What to change if the signals stay the same.,"Что изменить, если сигналы не изменятся.",,needs_human,UI string
What to do,Что сделать,,needs_human,UI string
What to do before heat exposure.,Что сделать перед тепловой нагрузкой.,,needs_human,UI string
What to do next,Что делать дальше,,needs_human,UI string
What to do over the next 1-2 hours.,Что делать в следующие 1-2 часа.,,needs_human,UI string
What to do over the next 1–2 hours.,Что сделать в ближайшие 1–2 часа.,,needs_human,UI string
"What to eat, drink or take before starting.","Что съесть, выпить или взять перед стартом.",,needs_human,UI string
What to keep in mind while doing it.,Что помнить во время выполнения.,,needs_human,UI string
What to keep in mind.,Что важно помнить.,,needs_human,UI string
What to use during the session.,Что использовать во время тренировки.,,needs_human,UI string
What we learned,Что мы узнали,,needs_human,UI string
What's your goal?,Какая у вас цель?,,needs_human,UI string
What’s standing out,Что особенно заметно,,needs_human,UI string
When,Когда,,needs_human,UI string
"When readiness is limited, adding training usually costs more than it gives.","Когда готовность ограничена, дополнительная тренировка обычно стоит больше, чем дает.",,needs_human,UI string
"When recovery drops, Coach protects the cut — training moves, meals tighten.","Когда восстановление падает, Тренер защищает дефицит — тренировка сдвигается, еда уплотняется.",,needs_human,UI string
"When recovery drops, Coach protects the gain — strength waits, fuel stays.","Когда восстановление падает, Тренер защищает набор — сила ждёт, топливо остаётся.",,needs_human,UI string
"When recovery drops, Coach rewrites today — training moves, meals adapt.","Когда восстановление падает, Тренер переписывает день — тренировка сдвигается, еда меняется.",,needs_human,UI string
"When your day changes, Coach adapts.","Когда день меняется, Тренер подстраивается.",,needs_human,UI string
"Where possible, data processing is performed on device to reduce unnecessary data transfer and collection.","По возможности обработка данных выполняется на устройстве, чтобы уменьшить ненужную передачу и сбор данных.",,needs_human,UI string
Which days had shorter sleep?,В какие дни сон был короче?,,needs_human,UI string
Which task will you repeat?,Какую задачу повторишь?,,needs_human,UI string
White Fish,Белая рыба,,needs_human,UI string
Why,Почему,,needs_human,UI string
Why %@?,Почему %@?,,needs_human,UI string
Why This Matters,Почему это важно,,needs_human,UI string
Why am I not getting reminders?,Почему я не получаю напоминания?,,needs_human,UI string
Why are my metrics empty?,Почему мои метрики пустые?,,needs_human,UI string
Why are you here?,Зачем вы здесь?,,needs_human,UI string
Why can Activity go above 100%?,Почему Активность может быть выше 100%?,,needs_human,UI string
Why can Recovery change during the day?,Почему Восстановление меняется в течение дня?,,needs_human,UI string
Why can targets change after a workout?,Почему цели меняются после тренировки?,,needs_human,UI string
Why did my workout appear in Plan?,Почему тренировка появилась в Плане?,,needs_human,UI string
Why do recommendations change during the day?,Почему рекомендации меняются в течение дня?,,needs_human,UI string
Why do targets change during the day?,Почему цели меняются в течение дня?,,needs_human,UI string
Why does Coach suggest water or tea?,Почему Тренер предлагает воду или чай?,,needs_human,UI string
Why does Nutrition progress feel different in the morning?,Почему прогресс Питания утром ощущается иначе?,,needs_human,UI string
Why does nutrition show zero?,Почему питание показывает ноль?,,needs_human,UI string
Why is sleep data missing?,Почему нет данных сна?,,needs_human,UI string
Why it matters,Почему это важно,,needs_human,UI string
Why this helps ›,Почему это поможет ›,,needs_human,UI string
Why this matters,Почему это важно,,needs_human,UI string
Why this?,Почему так?,,needs_human,UI string
Why today's recovery,Почему такое восстановление сегодня,,needs_human,UI string
Wilt the spinach briefly in the same pan with a splash of water or oil.,В той же сковороде быстро припустите шпинат с каплей воды или масла.,,needs_human,UI string
Win with consistency first,Сначала выигрывайте стабильностью,,needs_human,UI string
Wind Down,Замедлитесь,,needs_human,UI string
Wind down,К вечеру,放慢节奏,curated,UI string
"Wind down clean.
Protect tomorrow's energy.","Сворачивайтесь спокойно.
Защитите завтрашнюю энергию.",,needs_human,UI string
Wind down now,Начинайте замедляться,,needs_human,UI string
Wind down with light recovery support. Avoid heavy meals and avoid forcing more water before sleep.,Завершайте день спокойно. Избегайте тяжелой еды и не заставляйте себя пить больше перед сном.,,needs_human,UI string
Wind down. Leave intensity for tomorrow.,Сворачивайтесь. Интенсивность — на завтра.,,needs_human,UI string
Wind-down friendly,Подходит для замедления,,needs_human,UI string
Wind-down time,Время для спокойного завершения дня,,needs_human,UI string
Woke up,Проснулись,,needs_human,UI string
Work at 70–80%,Работайте на 70–80%,,needs_human,UI string
Work at 7–8/10 effort,Работайте на усилии 7–8 из 10,,needs_human,UI string
Working above what recovery can absorb.,"Работать выше того, что позволяет восстановление.",,needs_human,UI string
Workload increased without a recovery cost.,Нагрузка выросла без ущерба для восстановления.,,needs_human,UI string
Workload stayed controlled enough to support progress.,Нагрузка оставалась достаточно контролируемой для поддержки прогресса.,,needs_human,UI string
Workload stayed matched to readiness across the month.,Нагрузка оставалась согласованной с готовностью в течение месяца.,,needs_human,UI string
Workout,Тренировка,,needs_human,UI string
Workout Time,Время тренировки,,needs_human,UI string
Workout and recovery reminders,Напоминания о тренировках и восстановлении,,needs_human,UI string
Workout completed?,Тренировка завершена?,,needs_human,UI string
Workout or recovery,Тренировка или восстановление,,needs_human,UI string
Workout sync,Синхронизация тренировок,,needs_human,UI string
Workouts,Тренировки,,needs_human,UI string
"Workouts and activity can increase your estimated energy needs, which may affect activity progress, recovery, and nutrition targets.","Тренировки и активность могут увеличить примерную потребность в энергии, что влияет на прогресс активности, восстановление и цели питания.",,needs_human,UI string
Workouts and activity recorded with Apple Watch become part of your day through Apple Health.,Тренировки и активность с Apple Watch попадают в день через Apple Health.,,needs_human,UI string
"Workouts, meals, hydration, sleep, recovery, routines, and synced Apple Health data can all affect Coach suggestions throughout the day.","Тренировки, питание, вода, сон, восстановление, рутины и синхронизированные данные Apple Health могут влиять на подсказки Тренера в течение дня.",,needs_human,UI string
"Workouts, steps and recovery from Apple Watch flow in automatically — so guidance stays in sync without extra logging.","Тренировки, шаги и восстановление с Apple Watch подтягиваются сами — подсказки остаются актуальными без лишнего логирования.",,needs_human,UI string
Works with Apple Health,Работает с Apple Health,,needs_human,UI string
Worth knowing,На заметку,,needs_human,UI string
YOUR DAY,ВАШ ДЕНЬ,,needs_human,UI string
YOUR FIRST STEP,ВАШ ПЕРВЫЙ ШАГ,,needs_human,UI string
"Yes, I did","Да, я сделал",,needs_human,UI string
"Yes. Apple Health and synced workouts can still provide activity and recovery data, but logging helps Coach understand your day more accurately.","Да. Apple Health и синхронизированные тренировки все равно могут давать данные активности и восстановления, но логирование помогает Тренеру точнее понимать день.",,needs_human,UI string
"Yes. You can review, change, or remove Apple Health permissions anytime in Apple Health or iPhone Settings.","Да. Вы можете просмотреть, изменить или удалить разрешения Apple Health в любое время в Apple Health или настройках iPhone.",,needs_human,UI string
"Yes. You can simply log meals, water, workouts, recovery, or routines during the day and let Coach react to your activity.","Да. Можно просто записывать еду, воду, тренировки, восстановление или рутины в течение дня, а Тренер будет реагировать на вашу активность.",,needs_human,UI string
Yesterday,Вчера,,needs_human,UI string
Yesterday was a hard load — lunch refills energy without another training session.,Вчера была тяжёлая нагрузка — обед восполняет энергию без новой тренировки.,,needs_human,UI string
Yesterday was demanding — keep today lighter.,Вчера было тяжело — сегодня лучше легче.,,needs_human,UI string
Yesterday's training reduced recovery,Вчерашняя тренировка снизила восстановление,,needs_human,UI string
Yesterday’s load may reflect residual physiological strain.,Вчерашняя нагрузка может отражать остаточную физиологическую нагрузку.,,needs_human,UI string
Yesterday’s training load appears elevated and may reflect residual physiological strain.,Вчерашняя тренировочная нагрузка выглядит повышенной и может отражать остаточную физиологическую нагрузку.,,needs_human,UI string
Yoga,Йога,瑜伽,curated,UI string
You already have activity load today. %@,Сегодня уже есть нагрузка активности. %@,,needs_human,UI string
"You already have activity load today. This walk should help recovery, not become extra training.","Сегодня уже есть нагрузка. Эта прогулка должна помочь восстановлению, а не стать дополнительной тренировкой.",,needs_human,UI string
You already have load in the day. Keep the ride steady and avoid turning volume into intensity.,Сегодня уже есть нагрузка. Держите заезд ровным и не превращайте объем в интенсивность.,,needs_human,UI string
"You already moved and recovered well.
Close the day clean.","Вы уже двигались и хорошо восстановились.
Закройте день спокойно.",,needs_human,UI string
You already trained earlier today and still have more ahead. %@,"Вы уже тренировались сегодня, и впереди еще есть нагрузка. %@",,needs_human,UI string
You already trained earlier today. Keep this run easy and avoid chasing speed.,Вы уже тренировались сегодня. Держите эту пробежку легкой и не гонитесь за скоростью.,,needs_human,UI string
"You appear generally recovered, but current physiological strain is elevated. Consider a controlled session rather than maximum intensity.","В целом вы выглядите восстановленными, но текущая физиологическая нагрузка повышена. Рассмотрите контролируемую тренировку вместо максимальной интенсивности.",,needs_human,UI string
You are close to your target. A short walk may complete the day.,Вы близко к цели. Короткая прогулка может закрыть день.,,needs_human,UI string
You are responsible for the accuracy of information you enter manually.,"Вы отвечаете за точность информации, которую вводите вручную.",,needs_human,UI string
"You are responsible for your own activity choices, workout intensity, nutrition decisions, hydration habits, recovery approach, and use of any information shown in the app.","Вы отвечаете за собственный выбор активности, интенсивность тренировок, решения по питанию, привычки гидратации, подход к восстановлению и использование любой информации, показанной в приложении.",,needs_human,UI string
You can change this later in Settings.,Позже это можно изменить в Настройках.,,needs_human,UI string
You can connect Apple Health anytime in Settings.,Apple Health можно подключить позже в Настройках.,,needs_human,UI string
You can connect Health anytime. Coach already starts from your aim.,Health можно подключить позже. Тренер уже начинает с вашей цели.,,needs_human,UI string
You can handle normal training load today.,Сегодня вы можете выдержать обычную тренировочную нагрузку.,,needs_human,UI string
You can manage Apple Health permissions at any time through Apple Health or iOS Settings.,Вы можете управлять разрешениями Apple Health в любое время через Apple Health или настройки iOS.,,needs_human,UI string
"You can review, modify, or revoke Apple Health permissions at any time in the Apple Health app or iOS Settings.","Вы можете просмотреть, изменить или отозвать разрешения Apple Health в любое время в приложении Apple Health или настройках iOS.",,needs_human,UI string
You closed the day clearly by completing or skipping every planned item.,"Вы четко закрыли день, выполнив или пропустив каждый пункт плана.",,needs_human,UI string
You closed the day without forcing a late push.,Вы закрыли день без позднего рывка.,,needs_human,UI string
You completed everything you planned today.,"Вы выполнили все, что запланировали сегодня.",,needs_human,UI string
You confirm what you did,"Ты подтверждаешь, что сделал",,needs_human,UI string
You control your data,Вы контролируете свои данные,,needs_human,UI string
You edited this after Coach applied it.,Вы изменили это после правки Тренера.,,needs_human,UI string
"You have %@ %@, and the two things that matter now are fluid and quick fuel.",У вас %@ %@. Сейчас важны две вещи: вода и быстрая энергия.,,needs_human,UI string
You have %@ %@. Fuel is the useful lever before the session starts.,У вас %@ %@. Перед стартом главный рычаг — еда.,,needs_human,UI string
You have %@ %@. Hydration is the useful lever before the session starts.,У вас %@ %@. Перед стартом главный рычаг — вода.,,needs_human,UI string
You have %@ before today's %@. There is plenty of time to prepare well.,Перед сегодняшним %@ у вас есть %@. Времени подготовиться достаточно.,,needs_human,UI string
"You have activity ahead. If you train before your first meal, keep intensity controlled and hydrate steadily.","Впереди активность. Если тренируетесь до первого приема пищи, держите интенсивность ниже и пейте спокойно.",,needs_human,UI string
You have activity ahead. Prepare with light fuel and keep intensity aligned with recovery.,Впереди активность. Подготовьтесь легкой едой и держите интенсивность по самочувствию.,,needs_human,UI string
You made time for recovery on %1$d of %2$d days.,Ты нашёл время для восстановления в %1$d из %2$d дней.,,needs_human,UI string
You maintained a repeatable training rhythm without a recovery cost.,Вы поддерживали повторяемый тренировочный ритм без ущерба для восстановления.,,needs_human,UI string
You maintained a repeatable training rhythm.,Вы поддерживали повторяемый тренировочный ритм.,,needs_human,UI string
"You may add, edit, complete, skip, or delete activities, meals, hydration, recovery routines, sleep routines, and other planned items inside WeekFit.","Вы можете добавлять, редактировать, завершать, пропускать или удалять активности, приемы пищи, гидратацию, восстановительные рутины, рутины сна и другие запланированные пункты внутри WeekFit.",,needs_human,UI string
"You missed %@. DON'T overeat on your next meal to compensate. Instead, spread the missing %lld kcal across tomorrow's layout.",Вы пропустили %@. Не переедайте в следующий прием пищи для компенсации. Лучше распределите недостающие %lld ккал в завтрашнем плане.,,needs_human,UI string
You need fuel now.,Сейчас нужна еда.,,needs_human,UI string
You reached today's movement target with %@ active kcal.,Вы достигли дневной цели движения: %@ активных ккал.,,needs_human,UI string
You recovered well despite yesterday's heavy load,Вы хорошо восстановились несмотря на вчерашнюю высокую нагрузку,,needs_human,UI string
"You recovered well today.
Skip late training and you'll wake up ready for tomorrow.","Сегодня вы хорошо восстановились.
Без поздней тренировки — завтра проснётесь готовыми.",,needs_human,UI string
"You recovered well, slept enough, and recent load is light. Nothing important is limiting today.","Вы хорошо восстановились, сна хватило, недавняя нагрузка легкая. Сегодня ничего важного не ограничивает.",,needs_human,UI string
"You should stop any activity and seek appropriate professional help if you feel pain, dizziness, shortness of breath, unusual discomfort, or any other concerning symptoms.","Прекратите любую активность и обратитесь за профессиональной помощью, если почувствуете боль, головокружение, одышку, необычный дискомфорт или другие тревожные симптомы.",,needs_human,UI string
"You slept well, but HRV is still below your normal.","Вы хорошо выспались, но ВСР всё ещё ниже вашей нормы.",,needs_human,UI string
"You slept well, but your body is still recovering from yesterday's load.","Вы хорошо выспались, но организм ещё восстанавливается после вчерашней нагрузки.",,needs_human,UI string
"You slept well, recovered well, and there is no important load already shaping the day.","Вы хорошо поспали, восстановились, и день пока не задает важной нагрузки.",,needs_human,UI string
You started a recovery sauna session late in the evening.,Вы начали восстановительную сауну поздно вечером.,,needs_human,UI string
You started a recovery sauna session overnight.,Вы начали восстановительную сауну ночью.,,needs_human,UI string
You stay in control — connect when you're ready.,"Вы контролируете процесс — подключите, когда будете готовы.",,needs_human,UI string
You still completed %lld planned %@.,Вы все равно выполнили %lld запланированных %@.,,needs_human,UI string
"You still have room to move.
Keep the plan clean.","Ещё есть пространство для движения.
Держите план чистым.",,needs_human,UI string
You're ready,Вы готовы,,needs_human,UI string
You're ready for Today.,Вы готовы к Today.,,needs_human,UI string
You're ready — keep intensity honest.,Вы готовы — держите интенсивность честной.,,needs_human,UI string
"You're ready, %@.","Вы готовы, %@.",,needs_human,UI string
You're well recovered. Normal training is appropriate today.,Вы хорошо восстановились. Обычные тренировки сегодня уместны.,,needs_human,UI string
"You've already accumulated enough load today. Use stretching and breathing to transition into recovery mode, support sleep quality%@.","Сегодня нагрузки уже достаточно. Используйте растяжку и дыхание, чтобы перейти к восстановлению и поддержать качество сна%@.",,needs_human,UI string
"You've already completed %@ of activity today, with %@ of training still planned.","Сегодня вы уже выполнили %@ активности, и еще запланировано %@ тренировки.",,needs_human,UI string
You've completed %@ of activity today.,Вы уже выполнили %@ активности сегодня.,,needs_human,UI string
"You've completed %@ of activity, with %@ of training still ahead.","Вы уже выполнили %@ активности, впереди еще %@ тренировки.",,needs_human,UI string
"You've completed %@ of activity, with %@ of training still planned.","Вы уже выполнили %@ активности, еще запланировано %@ тренировки.",,needs_human,UI string
You've completed %@ of training today.,Вы уже выполнили %@ тренировки сегодня.,,needs_human,UI string
"You've completed %@ of training, with %@ still ahead.","Вы уже выполнили %@ тренировки, впереди еще %@.",,needs_human,UI string
"You've completed %@ of training, with %@ still planned.","Вы уже выполнили %@ тренировки, еще запланировано %@.",,needs_human,UI string
You've found your rhythm,Вы нашли свой ритм,,needs_human,UI string
"Your WeekFit account and WeekFit data are gone. You’ll return to sign-in.

To revoke Apple Health, Location, or Notifications, open iOS Settings → WeekFit (and Health → Sharing → Apps).","Аккаунт WeekFit и данные WeekFit удалены. Вы вернётесь на экран входа.

Чтобы отозвать доступ к Apple Health, геолокации или уведомлениям, откройте Настройки iOS → WeekFit (и Здоровье → Общий доступ → Программы).",,needs_human,UI string
"Your WeekFit subscription is active. You have full access to coaching, planning, and insights.","Ваша подписка WeekFit активна. У вас полный доступ к коучу, планированию и аналитике.",,needs_human,UI string
Your activity load created recovery demand. Add easy protein now.,Нагрузка создала запрос на восстановление. Добавьте немного белка сейчас.,,needs_human,UI string
Your activity load is high today.,Сегодня нагрузка высокая.,,needs_human,UI string
Your activity was not saved. Check your plan and try again.,Активность не сохранена. Проверьте план и попробуйте снова.,,needs_human,UI string
Your aim,Ваша цель,,needs_human,UI string
Your body,Ваше тело,,needs_human,UI string
Your body appears to be under more strain than usual today. A lighter workout or additional recovery may be more appropriate.,"Сегодня тело выглядит под большей нагрузкой, чем обычно. Более лёгкая тренировка или дополнительное восстановление могут подойти лучше.",,needs_human,UI string
Your body appears to be under unusually high strain. A lighter day may fit better — especially if Recovery also looks limited.,Тело выглядит под необычно высокой нагрузкой. Более лёгкий день может подойти лучше — особенно если восстановление тоже ограничено.,,needs_human,UI string
Your body changes throughout the day.,Ваше тело меняется в течение дня.,,needs_human,UI string
Your body changes. So does your plan.,Тело меняется. План — тоже.,,needs_human,UI string
Your body is shifting into recovery mode. Keep the rest of the evening calm and protect the relaxed state you created.,Тело переходит в режим восстановления. Держите остаток вечера спокойным и сохраните расслабленное состояние.,,needs_human,UI string
"Your body is showing signs of accumulated load. Prioritize recovery, hydration and sleep quality today.","Тело показывает накопленную нагрузку. Сегодня важнее восстановление, вода и хороший сон.",,needs_human,UI string
"Your body is still catching up.
Let's protect today.","Тело ещё догоняет.
Давайте защитим сегодня.",,needs_human,UI string
Your body may benefit from a light recovery block today.,Сегодня телу может быть полезен лёгкий блок восстановления.,,needs_human,UI string
Your body needs fuel support after today’s load. Add a balanced recovery snack.,После сегодняшней нагрузки телу нужна еда. Добавьте простой перекус для восстановления.,,needs_human,UI string
Your body needs more energy support.,Телу нужно больше энергии.,,needs_human,UI string
Your body state matters more than separate reminders right now.,Состояние тела сейчас важнее отдельных напоминаний.,,needs_human,UI string
"Your body would benefit from more protein now, especially for recovery and stable energy.","Сейчас телу поможет больше белка, особенно для восстановления и ровной энергии.",,needs_human,UI string
Your calorie and carbohydrate intake has heavily crossed the daily limits. Give your digestion a complete rest—focus strictly on clean hydration.,Калорий и углеводов сегодня уже слишком много. Дайте пищеварению полный отдых и держитесь чистой воды.,,needs_human,UI string
"Your calorie intake is sufficient, but protein is lacking.","Калорий достаточно, но белка не хватает.",,needs_human,UI string
Your choice overrides the automatic recommendation from Health.,Ваш выбор заменяет автоматическую рекомендацию из Health.,,needs_human,UI string
Your chosen time,Выбранное время,,needs_human,UI string
Your coach adapts as your body changes.,Ваш тренер адаптируется вместе с вашим организмом.,,needs_human,UI string
"Your coach has no urgent conflict to solve right now. Keep food, activity and recovery balanced.","Сейчас у Тренера нет срочного конфликта для решения. Держите еду, активность и восстановление в балансе.",,needs_human,UI string
Your coach learns from them over time.,Тренер учится на них со временем.,,needs_human,UI string
Your current physical load is extremely high. Shift focus entirely to clean hydration and recovery pacing.,Текущая физическая нагрузка очень высокая. Полностью сместите фокус на воду и спокойное восстановление.,,needs_human,UI string
Your current plan already fits today.,Ваш текущий план уже подходит на сегодня.,,needs_human,UI string
Your current slot is open,Текущее окно свободно,,needs_human,UI string
Your data is private and stays on your device.,Данные остаются приватными и на вашем устройстве.,,needs_human,UI string
Your data stays in your control,Ваши данные остаются под вашим контролем,,needs_human,UI string
Your day is mostly balanced. Keep the next step simple and steady.,День в целом ровный. Следующий шаг держите простым и спокойным.,,needs_human,UI string
Your day is ready.,Ваш день готов.,,needs_human,UI string
Your day is set,День настроен,,needs_human,UI string
Your day lives here.,Ваш день — здесь.,,needs_human,UI string
"Your day, adapted to you.","День, который подстраивается под вас.",,needs_human,UI string
"Your day, interpreted.","Ваш день, понятный.",,needs_human,UI string
Your evening plan is set,План на вечер сохранён,,needs_human,UI string
Your first day is ready.,Ваш первый день готов.,,needs_human,UI string
Your first day is taking shape.,День только складывается.,,needs_human,UI string
"Your first meal is still pending. With activity coming up, consider light fuel or keep intensity controlled.","Первый прием пищи еще впереди. Если скоро активность, подумайте о легкой еде или снизьте интенсивность.",,needs_human,UI string
Your first plan is ready.,Ваш первый план готов.,,needs_human,UI string
"Your fitness did not disappear overnight. The bottleneck is sleep, so I would stop chasing extra work and make tonight the intervention.","Форма не исчезла за ночь. Узкое место — сон, поэтому я бы перестал догонять работу и сделал сегодняшний вечер главным вмешательством.",,needs_human,UI string
"Your food, water, activity and recovery are aligned today. Keep this steady rhythm.","Еда, вода, активность и восстановление сегодня согласованы. Держите этот ровный ритм.",,needs_human,UI string
Your free trial is active. You have full access while it runs.,Пробный период активен. У вас полный доступ на время trial.,,needs_human,UI string
Your goal helps WeekFit shape adaptive calorie targets and coaching recommendations.,Цель помогает WeekFit формировать адаптивные калорийные цели и рекомендации тренера.,,needs_human,UI string
"Your goal stays the same.
Today's guidance should not.","Цель остаётся прежней.
Подсказки на сегодня — нет.",,needs_human,UI string
Your health and wellness information remains under your control.,Информация о вашем здоровье и благополучии остается под вашим контролем.,,needs_human,UI string
Your health system,Ваша система здоровья,,needs_human,UI string
Your key metrics at a glance,Ваши ключевые метрики одним взглядом,,needs_human,UI string
"Your key signals remain close to baseline, which is consistent with lower physiological strain.","Ключевые сигналы близки к базовому уровню, что согласуется с более низкой физиологической нагрузкой.",,needs_human,UI string
Your logged meals are close to today's nutrition targets.,Записанная еда близка к сегодняшним целям питания.,,needs_human,UI string
Your main recovery and activity signals right now.,Ваши основные сигналы восстановления и активности сейчас.,,needs_human,UI string
Your meal,Ваш прием пищи,,needs_human,UI string
Your meal is in. Hydration is still missing before the %@.,Еда уже есть. Перед %@ все еще не хватает воды.,,needs_human,UI string
Your meal is in. Now give it time to settle and keep fluids moving.,Еда уже есть. Дайте ей улечься и продолжайте пить понемногу.,,needs_human,UI string
Your meals,Ваше питание,,needs_human,UI string
Your metrics are balanced. Keep maintaining this steady rhythm.,Показатели в балансе. Просто держите этот ровный ритм.,,needs_human,UI string
Your morning plan check,Утренняя проверка плана,,needs_human,UI string
Your muscle workload is exceptionally high today. Focus on restful wind-down rituals and overnight recovery support.,Мышечная нагрузка сегодня очень высокая. Сделайте вечер спокойным и помогите телу восстановиться ночью.,,needs_human,UI string
Your muscular load is exceptionally high today. Prioritize slow protein for overnight repair and avoid pushing training intensity before bed.,Мышечная нагрузка сегодня очень высокая. Добавьте белок на ночь и не повышайте интенсивность перед сном.,,needs_human,UI string
Your name,Ваше имя,,needs_human,UI string
Your next step opens tomorrow,Следующий шаг откроется завтра,,needs_human,UI string
Your notes stay on device until you send them.,"Заметки остаются на устройстве, пока вы их не отправите.",,needs_human,UI string
Your plan,Ваш план,,needs_human,UI string
Your plan or recovery signals changed. Refresh adjustments before applying.,План или сигналы восстановления изменились. Обновите правки перед применением.,,needs_human,UI string
"Your plan reacts to workouts, steps and recovery.","План реагирует на тренировки, шаги и восстановление.",,needs_human,UI string
Your planned time has passed. You can adjust it before saving.,Запланированное время уже прошло. Можно изменить его перед сохранением.,,needs_human,UI string
Your plans,Ваши планы,,needs_human,UI string
Your real results from the challenge.,Твои реальные результаты челленджа.,,needs_human,UI string
Your recovery and stress signals both support normal training.,Сигналы восстановления и нагрузки поддерживают обычную тренировку.,,needs_human,UI string
Your recovery held up even while sleep was lower than usual.,"Восстановление держалось, даже когда сон был ниже обычного.",,needs_human,UI string
"Your recovery is lower than today's training asks for. The limiter is recovery, not fitness.","Ресурс ниже, чем требует сегодняшняя тренировка. Ограничение — восстановление, не форма.",,needs_human,UI string
Your recovery signals are under pressure.,Сигналы восстановления под давлением.,,needs_human,UI string
Your recovery stayed steady despite lighter activity and uneven sleep. A few weaker days did not change the overall pattern.,Восстановление оставалось стабильным несмотря на меньшую активность и неровный сон. Несколько слабых дней не изменили общий паттерн.,,needs_human,UI string
Your rhythm needs attention,Вашему ритму нужно внимание,,needs_human,UI string
Your saved meals stay ready to log,Сохраненные блюда всегда готовы к добавлению,,needs_human,UI string
Your schedule is open,Ваше расписание свободно,,needs_human,UI string
"Your sleep has been short.
Recovery comes first tonight.","Сна было мало.
Сегодня приоритет — восстановление.",,needs_human,UI string
Your sleep pattern looks stable enough to support recovery.,Паттерн сна выглядит достаточно стабильным для поддержки восстановления.,,needs_human,UI string
"Your sleep schedule became more consistent by %lld%%, helping your recovery stabilize and bounce back efficiently while training stayed steady.","Расписание сна стало стабильнее на %lld%%, помогая восстановлению стабилизироваться и эффективнее возвращаться к норме при ровной тренировочной нагрузке.",,needs_human,UI string
Your slot '%@' needs confirmation. Tap to update your metrics.,"Слот '%@' нужно подтвердить. Нажмите, чтобы обновить метрики.",,needs_human,UI string
Your state is neutral.,Состояние нейтральное.,,needs_human,UI string
Your system,Ваша система,,needs_human,UI string
"Your training volume increased by %lld%%, but your recovery metrics didn't match the output. Your body is running on a temporary deficit, causing your overall readiness to trend downward.","Объем тренировок вырос на %lld%%, но метрики восстановления не успели за нагрузкой. Тело временно работает в дефиците, поэтому общая готовность снижается.",,needs_human,UI string
Your week matters more than one perfect day. Use trends to adjust the next week.,"Неделя важнее одного идеального дня. Используйте тренды, чтобы точнее настроить следующую неделю.",,needs_human,UI string
Your week remains the source of truth for now.,Пока основой остается недельный план.,,needs_human,UI string
Your workout load created massive muscular demand today. Prioritize slow proteins and restful wind-down rituals to maximize supercompensation overnight.,"Тренировочная нагрузка сегодня дала большой запрос на мышцы. Сделайте ставку на белок и спокойный вечер, чтобы тело лучше восстановилось ночью.",,needs_human,UI string
You’re already in this challenge.,Вы уже участвуете в этом челлендже.,,needs_human,UI string
You’re at %lld%% of today’s movement target so far.,Пока выполнено %lld%% дневной цели движения.,,needs_human,UI string
You’re in the session now. Keep it steady.,Вы уже в тренировке. Держите темп ровным.,,needs_human,UI string
You’re in the session now. Keep things steady.,Вы уже в тренировке. Держите все ровно.,,needs_human,UI string
You’re ready for Today.,Вы готовы к Today.,,needs_human,UI string
You’re ready for a proper session.,Можно дать нормальную тренировку.,,needs_human,UI string
You’ve already done a lot today,Сегодня вы уже сделали много,,needs_human,UI string
You’ve already done a lot today.,Сегодня вы уже сделали много.,,needs_human,UI string
Zone 1,Зона 1,,needs_human,UI string
Zone 2,Зона 2,,needs_human,UI string
Zone 3,Зона 3,,needs_human,UI string
Zone 4,Зона 4,,needs_human,UI string
Zone 5,Зона 5,,needs_human,UI string
Zone Segment,Сегмент зоны,,needs_human,UI string
Zucchini,Цукини,,needs_human,UI string
about %@ minutes,около %@ мин,,needs_human,UI string
about %@h,около %@ ч,,needs_human,UI string
about %@h %@m,около %@ ч %@ мин,,needs_human,UI string
about an hour,около часа,,needs_human,UI string
above,выше,,needs_human,UI string
above recent base,выше недавней базы,,needs_human,UI string
activity,активность,,needs_human,PRIORITY UI — tabs/onboarding/paywall/coach chrome
add more,добавьте еще,,needs_human,UI string
add protein,добавьте белок,,needs_human,UI string
added,добавлено,,needs_human,UI string
after improvement,после улучшения,,needs_human,UI string
and,и,,needs_human,UI string
average,среднее,,needs_human,UI string
avoid adding stress that follows you into the next block,"не добавляйте стресс, который перейдет в следующий блок",,needs_human,UI string
baseline,базовый уровень,,needs_human,UI string
before you train.,начинается сейчас.,,needs_human,UI string
bpm,уд/мин,,needs_human,UI string
build baseline,создайте базовый уровень,,needs_human,UI string
building,формируется,,needs_human,UI string
cal/day,ккал/день,,needs_human,UI string
calendar,Календарь,,needs_human,UI string
choose one,выберите один,,needs_human,UI string
close the sleep-duration gap,сократить разрыв по длительности сна,,needs_human,UI string
coming up,скоро,,needs_human,UI string
complete 7 days,заполните 7 дней,,needs_human,UI string
completed,выполнено,,needs_human,UI string
confirm recovery is responding,"убедиться, что восстановление реагирует",,needs_human,UI string
confirm the load is sustainable,"убедиться, что нагрузка устойчива",,needs_human,UI string
connect Health,подключите Здоровье,,needs_human,UI string
connect sleep,подключите сон,,needs_human,UI string
consistent history,стабильная история,,needs_human,UI string
contributors,факторы,,needs_human,UI string
current day,текущий день,,needs_human,UI string
distribution,распределение,,needs_human,UI string
do not turn this into a hard effort before food is in,не превращайте это в тяжелое усилие до еды,,needs_human,UI string
domain/code: %1$@ / %2$lld,,,needs_human,UI string
done,готово,,needs_human,PRIORITY UI — tabs/onboarding/paywall/coach chrome
down,ниже,,needs_human,UI string
elapsed,прошло,,needs_human,UI string
endurance block,кардио-блок,,needs_human,UI string
evening,вечер,,needs_human,UI string
finished %@ min ago,завершено %@ мин назад,,needs_human,UI string
finished %@h ago,завершено %@ ч назад,,needs_human,UI string
flat,ровно,,needs_human,UI string
ft,фт,,needs_human,UI string
fuel is still light for training,еды пока маловато для тренировки,,needs_human,UI string
full recent week,полная недавняя неделя,,needs_human,UI string
g,г,,needs_human,UI string
h,ч,小时,draft_mt,UI string
hard %@ session,тяжелая тренировка %@,,needs_human,UI string
heat still has to fit into the day,тепло еще должно вписаться в день,,needs_human,UI string
hold current load for 7 days before increasing,держите текущую нагрузку 7 дней перед увеличением,,needs_human,UI string
hydrated vs low-fluid,с жидкостью vs мало жидкости,,needs_human,UI string
hydration,гидратация,,needs_human,UI string
hydration is not yet supporting the day,воды пока не хватает для дня,,needs_human,UI string
"iPhone → Settings → Focus → Sleep
Set your bedtime and wake-up schedule.","iPhone → Настройки → Фокусирование → Сон
Настройте время отхода ко сну и пробуждения.",,needs_human,UI string
in %@ min,через %@ мин,,needs_human,UI string
in %@h,через %@ ч,,needs_human,UI string
in %@h %@m,через %@ ч %@ мин,,needs_human,UI string
in %@m,через %@ мин,,needs_human,UI string
in progress,идет сейчас,,needs_human,UI string
is active,идет сейчас,,needs_human,UI string
item,пункт,,needs_human,UI string
items,пункта,,needs_human,UI string
kcal,ккал,kcal,keep,brand/code/format — do not translate
keep enough in reserve for what remains,"оставьте запас на то, что еще впереди",,needs_human,UI string
keep fluids calm and available,держите воду под рукой и пейте спокойно,,needs_human,UI string
keep sleep above 7h before adding load,держите сон выше 7 ч перед добавлением нагрузки,,needs_human,UI string
keep watching,продолжайте наблюдать,,needs_human,UI string
km,км,,needs_human,UI string
km/h,км/ч,,needs_human,UI string
later today,позже сегодня,,needs_human,UI string
leave room for the later heat block,оставьте место для тепла позже,,needs_human,UI string
let recovery catch up,дать восстановлению догнать,,needs_human,UI string
let recovery set the ceiling,пусть восстановление задаст темп,,needs_human,UI string
load,нагрузка,,needs_human,UI string
"load is high, but recovery stayed above baseline","нагрузка высокая, но восстановление осталось выше базового уровня",,needs_human,UI string
log meals,записывайте блюда,,needs_human,UI string
log recovery,записывайте восстановление,,needs_human,UI string
log sleep,записывайте сон,,needs_human,UI string
logging building,запись формируется,,needs_human,UI string
long %@ session,долгая тренировка %@,,needs_human,UI string
m,м,米,draft_mt,UI string
make hard-day recovery easier to compare,упростить сравнение восстановления в тяжёлые дни,,needs_human,UI string
make recovery easier to explain,сделать восстановление понятнее,,needs_human,UI string
mi,ми,,needs_human,UI string
min,мин,,needs_human,UI string
missed,пропущен,,needs_human,UI string
ml,мл,,needs_human,UI string
mph,миль/ч,,needs_human,UI string
ms,мс,ms,keep,brand/code/format — do not translate
near,близко к,,needs_human,UI string
night,ночь,,needs_human,UI string
no insight,нет инсайта,,needs_human,UI string
not completed,не выполнено,,needs_human,UI string
not enough data,недостаточно данных,,needs_human,UI string
not enough separation,недостаточно различий,,needs_human,UI string
nutrition,питание,,needs_human,PRIORITY UI — tabs/onboarding/paywall/coach chrome
nutrition=nil,питание=nil,,needs_human,PRIORITY UI — tabs/onboarding/paywall/coach chrome
optional,необязательно,,needs_human,UI string
or,или,,needs_human,UI string
pattern,паттерн,,needs_human,UI string
patterns,паттерны,,needs_human,UI string
per day,в день,,needs_human,UI string
planned,запланировано,,needs_human,PRIORITY UI — tabs/onboarding/paywall/coach chrome
plateau,плато,,needs_human,UI string
plus,Плюс,,needs_human,UI string
preserve recovery margin,сохранить запас восстановления,,needs_human,UI string
protect tomorrow's starting point,сохраните хороший старт на завтра,,needs_human,UI string
protein consistent,белок стабилен,,needs_human,PRIORITY UI — tabs/onboarding/paywall/coach chrome
readiness sets a lower ceiling,готовность держит темп ниже обычного,,needs_human,UI string
recent 7 days,последние 7 дней,,needs_human,UI string
recent base,недавняя база,,needs_human,UI string
recent history,недавняя история,,needs_human,UI string
recent training load,недавняя тренировочная нагрузка,,needs_human,UI string
recent training load looks light,недавняя тренировочная нагрузка выглядит лёгкой,,needs_human,UI string
recent training load was heavier than usual,недавняя тренировочная нагрузка была выше обычного,,needs_human,UI string
recovery,восстановление,,needs_human,PRIORITY UI — tabs/onboarding/paywall/coach chrome
recovery points,баллы восстановления,,needs_human,PRIORITY UI — tabs/onboarding/paywall/coach chrome
recovery work,восстановительная работа,,needs_human,PRIORITY UI — tabs/onboarding/paywall/coach chrome
recovery=%@:%@,восстановление=%@:%@,,needs_human,PRIORITY UI — tabs/onboarding/paywall/coach chrome
recovery=nil,восстановление=nil,,needs_human,PRIORITY UI — tabs/onboarding/paywall/coach chrome
resting heart rate,пульс в покое,,needs_human,UI string
resting heart rate is higher than your usual baseline,пульс в покое выше вашего обычного базового уровня,,needs_human,UI string
resting heart rate remains close to your baseline,пульс в покое остаётся близким к базовому уровню,,needs_human,UI string
restore recovery margin,восстановить запас восстановления,,needs_human,PRIORITY UI — tabs/onboarding/paywall/coach chrome
rpm,об/мин,,needs_human,UI string
score,баллы,,needs_human,UI string
session,тренировка,,needs_human,UI string
shorter sleep lowers the margin,короткий сон снижает запас,,needs_human,UI string
skipped,пропущено,,needs_human,UI string
sleep,сон,,needs_human,PRIORITY UI — tabs/onboarding/paywall/coach chrome
sleep is %.1fh below target while recovery slipped %lld points,"сон на %.1f ч ниже цели, а восстановление упало на %lld баллов",,needs_human,PRIORITY UI — tabs/onboarding/paywall/coach chrome
"sleep is %.1fh below target, but recovery stayed %@ baseline","сон на %.1f ч ниже цели, но восстановление осталось %@ базового уровня",,needs_human,PRIORITY UI — tabs/onboarding/paywall/coach chrome
"sleep is %.1fh below target, which reduces margin before load increases","сон на %.1f ч ниже цели, что сокращает запас перед увеличением нагрузки",,needs_human,PRIORITY UI — tabs/onboarding/paywall/coach chrome
sleep looks supportive relative to your usual target,сон выглядит поддерживающим относительно обычной цели,,needs_human,PRIORITY UI — tabs/onboarding/paywall/coach chrome
sleep was shorter than normal,сон был короче обычного,,needs_human,PRIORITY UI — tabs/onboarding/paywall/coach chrome
surface a real ranked insight,выявить реальный ранжированный инсайт,,needs_human,UI string
"surface the next real change, risk, opportunity or anomaly","выявить следующее реальное изменение, риск, возможность или аномалию",,needs_human,UI string
sync or log,синхронизируйте или запишите,,needs_human,UI string
target days,дней с целью,,needs_human,UI string
the highest-value training block,самый важный тренировочный блок,,needs_human,UI string
the priority training block,приоритетный тренировочный блок,,needs_human,UI string
the recovery work,восстановительная работа,,needs_human,UI string
there is still load left after this,после этого еще остается нагрузка,,needs_human,UI string
this activity was added to the plan,эта активность добавлена в план,,needs_human,UI string
tomorrow hard training,завтра тяжело тренировка,,needs_human,UI string
tomorrow still needs freshness,завтра все еще нужны свежие силы,,needs_human,UI string
training load is outpacing the recovery response,тренировочная нагрузка опережает реакцию восстановления,,needs_human,UI string
"treat this as a change to the day, not a free extra","считайте это изменением дня, а не бесплатным бонусом",,needs_human,UI string
typical %@,типичным %@,,needs_human,UI string
unlock a real ranked insight,открыть реальный ранжированный инсайт,,needs_human,UI string
upcoming,впереди,,needs_human,UI string
vs baseline,к базовому уровню,,needs_human,UI string
vs weekdays,к будням,,needs_human,UI string
week average,средним за неделю,,needs_human,UI string
weekly pattern,недельный паттерн,,needs_human,UI string
·,·,·,keep,brand/code/format — do not translate
×%d,×%d,,needs_human,UI string
Русский,Русский,,needs_human,UI string
↑ %lld%% vs %@,↑ %lld%% к %@,,needs_human,UI string
↑ Improving over 30 days,↑ Улучшение за 30 дней,,needs_human,UI string
→ No meaningful change detected,→ Значимых изменений не обнаружено,,needs_human,UI string
→ Stable over 30 days,→ Стабильно за 30 дней,,needs_human,UI string
↓ %lld%% vs %@,↓ %lld%% к %@,,needs_human,UI string
↓ Declining over 30 days,↓ Снижение за 30 дней,,needs_human,UI string
≈ 600-700 kcal,≈ 600-700 ккал,,needs_human,UI string
≈ 600–700 kcal,≈ 600–700 ккал,,needs_human,UI string
简体中文,简体中文,简体中文,keep,brand/code/format — do not translate
💧 Cached,Кэшировано,,needs_human,UI string
